bigcity ,Houston
bigcity ,San Antonio
bigcity ,Dallas
bigcity ,Austin
bigcity ,Fort Worth
bigcity ,El Paso
bigcity ,Arlington
bigcity ,Corpus Christi
bigcity ,Plano
bigcity ,Laredo
smalltown ,Lubbock
smalltown ,Garland
smalltown ,Irving
smalltown ,Amarillo
smalltown ,Grand Prairie
smalltown ,Brownsville
smalltown ,McKinney
smalltown ,Frisco
smalltown ,Pasadena
smalltown ,Mesquite
smalltown ,Killeen
smalltown ,McAllen
smalltown ,Carrollton
smalltown ,Midland
smalltown ,Waco
smalltown ,Denton
smalltown ,Abilene
smalltown ,Odessa
smalltown ,Beaumont
smalltown ,Round Rock
smalltown ,The Woodlands (CDP)[4]
smalltown ,Richardson
smalltown ,Pearland
smalltown ,College Station
smalltown ,Wichita Falls
smalltown ,Lewisville
smalltown ,Tyler
smalltown ,San Angelo
smalltown ,League City
smalltown ,Allen
smalltown ,Sugar Land
smalltown ,Edinburg
smalltown ,Mission
smalltown ,Longview
smalltown ,Bryan
smalltown ,Pharr
smalltown ,Baytown
smalltown ,Missouri City
smalltown ,Temple
smalltown ,Flower Mound
smalltown ,New Braunfels
smalltown ,North Richland Hills
smalltown ,Conroe
smalltown ,Victoria
smalltown ,Cedar Park
smalltown ,Harlingen
smalltown ,Atascocita (CDP)
smalltown ,Mansfield
smalltown ,Georgetown
smalltown ,San Marcos
smalltown ,Rowlett
smalltown ,Pflugerville
smalltown ,Port Arthur
smalltown ,Spring (CDP)
smalltown ,Euless
smalltown ,DeSoto
smalltown ,Grapevine
smalltown ,Galveston
