rt,3983
senate,3613
races,2749
use,2700
democrats,2668
kavanaugh,2662
8,2632
could,2625
donnelly,2618
looking,2618
amybrenneman,2618
rage,2618
joe,2618
indiana,2617
dollars,2617
spend,2617
heid,2617
texas,1039
httpst,588
cruz,356
new,352
orourke,341
beto,330
tedcruz,312
poll,277
betoorourke,275
u,260
cbs,231
vote,212
race,186
ted,179
shows,149
one,146
gov,141
5044,141
leads,141
comyiqxw,141
newsyou,141
survey,141
cbs11jack,141
cbsdfw,141
us,135
r,126
flip,121
tennessee,117
sinema,116
states,116
nevada,107
candidates,106
2018,102
election,99
must,98
gop,98
senator,98
help,97
kyrsten,96
north,96
focus,95
rosen,94
hangmanroybean,94
jacky,94
dakota,93
representation,92
equal,91
5,89
also,85
instead,83
rhode,83
johnwhuber,82
note,82
island,82
york,82
ballot,82
arizona,80
really,79
saying,78
TRUE,78
keeps,76
trump,76
since,76
w,76
arent,75
penn,75
competitive,75
helping,75
wis,75
2016,75
ohio,75
jrubinblogger,75
va,75
press,75
news,66
willie,66
nelson,64
entertainers,62
listening,62
budcann,62
fall,62
family,62
wayside,62
associates,62
loved,62
jersey,62
friends,62
dems,61
44,61
hold,60
c,60
blue,58
meddling,58
foreign,58
50,56
polls,54
th,54
much,53
keep,53
sen,53
would,51
red,51
aampm,50
friday,50
e,50
area,50
1750,49
listen,49
time,49
filled,49
auditorium,49
important,49
senat,49
return,49
realerincruz,49
rudder,49
residents,49
campus,49
rednovember,49
candidate,48
nov,48
calitracii,48
fo,48
donate,48
continue,48
alyssamilano,47
cowcp2ymtwr4,47
kavanaughkarma,47
dawglb,45
thats,44
6,43
midterms,42
way,42
entire,42
republican,42
need,42
starting,41
lesterholtnbc,41
https,40
amp,40
maddiebarry8,40
blackburn,40
honor,40
key,40
47,40
got,39
divided,39
cbsnews,39
talks,39
nationally,39
taking,39
campaign,37
vs,37
missouri,36
emerson,36
another,35
txsen,35
4,35
chances,35
nbcnightlynews,33
country,33
abo,33
dem,33
state,33
sign,32
co,31
42,31
forecast,30
via,30
realmagasteve,29
texans,29
analysis,29
contributions,29
nationals,29
florida,29
busted,29
post,28
cruzrep,28
voters,28
showing,28
united,28
people,27
v,27
dont,27
political,27
loss,27
manchin,26
strength,26
ilperspective,26
kill,26
hoarsewisperer,26
zipillinois,26
statespoll,26
win,26
perfect,26
lean,26
make,25
yard,25
amid,24
removed,24
holding,24
womans,24
politicspolls,24
antirepublican,24
police,24
general,24
forecasterenten,24
tossup,23
nationwide,23
kazweida,23
12,23
sure,23
wisconsin,23
consensus,23
michigan,23
pennsylva,23
senates,22
say,22
get,22
last,22
rancor,22
big,22
guns,21
points,20
came,20
102105,20
buzzfeednews,20
support,20
sahilkapur,20
nickriccardi,20
mcsally,20
put,20
cbsyougov,20
newsyougov,20
shirredeemable,19
night,19
coqhzkwanrsy,19
dvcmac,19
sentedcruz,19
rabamary,19
rs,19
mailman576,19
icymi,19
carollovesmax,19
coc0bu14uhh4,19
margeelder4,19
todays,18
interview,18
rpk409,18
sladams3,18
42gnome,18
battle,18
confirmkavanaugh,18
talk,18
show,18
declared,18
sean,18
male,18
hannity,18
clip,18
buddhakatze,18
vp,18
stakes,18
hawleymo,17
two,17
seeking,17
event,17
heads,17
guilfoyle,17
kimguilfoyle,17
de,17
blazing,17
every,16
markknoller,16
unseat,16
por,16
katyoldenburg,16
lose,16
motivator,16
bredesen,15
proven,15
democrat,15
emersonpolling,15
likely,14
sumoh7,14
im,14
1015,14
winblue,14
demswork4usa,14
immigration,14
coelbyig9wxa,14
rep,14
election2018,14
know,14
battleground,13
democratic,13
republicans,13
yet,13
tracker,13
tnsen,13
1025,13
taylor,13
elect,13
great,13
yougovuscbsnews,13
ht,13
trails,12
current,12
think,12
cannot,12
lets,12
coaftps5o5pp,12
latest,12
leader,12
voted,11
told,11
far,11
campaigning,11
border,11
cohzrxybjiye,11
going,11
coi0k,11
black,11
house,11
like,11
facethenation,11
coyq9xd1eyso,11
tonight,11
kates,10
spoke,10
turn,10
law,10
girls,10
serious,10
natecohn,10
along,10
orourkes,10
without,10
b,10
bit,10
young,10
jessforevryoung,10
winning,10
system,10
steffstweets,10
introduced,10
tweet,9
1000,9
join,9
even,9
amandamarcotte,9
254,9
ann,9
concerning,9
frodofied,9
nj,9
manager,9
talked,9
making,9
realjameswoods,9
nearly,9
lunaluvgood2017,9
judging,9
midterm,9
shanegoldmacher,9
aroseblush,9
part,9
believe,9
responses,9
corsqdezqpnv,9
dime,9
question,9
go,9
defeat,9
visited,9
richards,9
nytnickc,9
counties,9
digit,8
cynrancour,8
socialpowerone1,8
peoplespundit,8
greenfield64,8
sonofliberty357,8
ten4cruz,8
trust,8
union,8
pricklypear12,8
morning,8
check,8
jstines3,8
constitution,8
live,8
awesome,8
counting,8
improving,8
msnbc,8
vetwithacause,8
price,8
threshold,8
come,8
500,8
thenationsrage,8
someone,8
critical,8
davidd1421,8
cosq3tycoqzl,8
numbers,8
1americanmama,8
stmolly4,8
charliekirk11,8
hard,8
justice,8
amended,8
rosecorrie607,8
single,8
closing,8
aff,8
lv,8
co2okflmhiqf,8
101105,8
incumbent,8
rubyrockstar333,8
marshablackburn,8
contested,8
50percent,8
matthewjdowd,8
mean,7
amazon,7
fair,7
received,7
right,7
hotly,7
gif,7
nyt,7
endorsement,7
wouldve,7
3000,7
author,7
running,7
confirm,7
hey,7
tx,7
comf7zci3laf,7
action,7
taylorswift13,7
cruzcrew,7
unknown,7
pinboard,7
marsha,7
calls,7
resisters,7
choosecruz,6
give,6
breaks,6
fight,6
happened,6
co7ujjv99f7j,6
3,6
sensibly,6
nothin,6
real,6
gonna,6
evidencebased,6
mihero,6
couehjjo1val,6
8httpst,6
past,6
full,6
needs,6
good,6
wou,6
commonsenseuni,6
confirmation,6
kevinbooker212,6
txsenamp,6
looks,6
theyd,6
strategic,6
closer,6
swift,6
swifts,6
year,6
tell,5
phone,5
bellaalayna,5
president,5
bank,5
crucial,5
boosting,5
though,5
mariko2012,5
still,5
texan,5
many,5
ive,5
money,5
enough,5
brett,5
28,5
krassenstein,5
guy,5
2020,5
clear,5
close,5
lived,5
rid,5
sena,5
something,5
stop,5
sexual,5
debate,5
tuesday,5
politics,5
effect,5
nashvilletea,5
chance,5
thehill,4
k,4
mr,4
better,4
hispanics,4
voting,4
rice,4
rockstar,4
amysiskind,4
future,4
fivethirtyeights,4
confirmed,4
survive,4
proves,4
emphasized,4
says,4
nationalized,4
love,4
statewide,4
today,4
q,4
thank,4
awardsdaily,4
yeah,4
sheriffclarke,4
fooled,4
lisamei62,4
phil,4
drive,4
elected,4
cbspolitics,4
ca,4
oldtexankay,4
ok,4
act,4
forget,4
deadline,4
fat,4
knows,4
susan,4
committee,4
lie,4
sep,4
please,4
majority,4
impeach,4
run,4
americafirst150,4
day,4
hope,4
h,4
butts,4
motiv,4
seats,4
getting,4
promise,4
mississippi,4
endorse,3
kavanaughs,3
hirono,3
greed,3
txpol,3
girl4trump,3
serve,3
seen,3
responsible,3
jenniferdarli20,3
statehouse,3
report,3
said,3
cbspoliti,3
however,3
federalism,3
texastribune,3
cocwaiz3bwij,3
cant,3
conf,3
opportunity,3
left,3
yes,3
stoptrump2020,3
plus,3
promised,3
co2iqflyw7hj,3
deltadawnn99,3
cofceag2jsw9,3
reelected,3
st,3
group,3
term,3
shesternly,3
california,3
leonardocarella,3
thing,3
place,3
co11btameix7,3
msnbcs,3
seat,3
misconduct,3
outside,3
across,3
caring,3
2018midterms,3
recruiting,3
coxn6v8kuofh,3
embrace,3
donating,3
except,3
ewerickson,3
tammytabby,3
lot,3
philbredesen,3
tight,3
demo,3
te,3
november,3
nononotnormal,3
kneches,3
sense,3
adamcbest,3
register,3
morehttpst,3
everyone,3
progressives,3
guess,3
statement,3
obama,3
wasnt,3
nothing,3
stevekornacki,3
seize,3
retweet,3
cooqpsn0opuw,3
georgia,3
socialist,3
governor,3
things,3
co1tuajtzfsc,3
ub,3
uber,3
structure,3
vabvox,3
tax,3
including,3
noterradiddletx,3
6th,3
bet,3
keeptexasred,3
beat,3
lucky,3
job,3
ch,3
mcconnell,3
judiciary,3
cokb6htqjgrt,3
registration,3
buy,3
ho,3
zoomie932,3
voter,2
changed,2
blasey,2
reports,2
mc,2
want,2
cruising,2
hslf,2
lgbtq,2
complacent,2
third,2
senators,2
compelling,2
artists,2
mercers,2
coywhlkkoqwl,2
days,2
already,2
corfuegykrg1,2
service,2
mind,2
talking,2
sitin,2
co9y8lsayizy,2
busy,2
kokomothegreat,2
watch,2
bad,2
voxdotcom,2
corrupt,2
pete,2
never,2
suggest,2
kittycujo,2
scorecard,2
qualif,2
campa,2
youre,2
musical,2
harveystorm,2
facts,2
born,2
cow1y3n8svvf,2
trustworthy,2
whats,2
johncornyn,2
tossups,2
america1stnow,2
sandratxas,2
sgroberts121657,2
ford,2
hear,2
220,2
humbled,2
toss,2
discriminate,2
ns,2
cou8zivgxnyk,2
together,2
rkj65,2
finally,2
asking,2
mollyjongfast,2
level,2
supporting,2
coe5xxilyyeh,2
fbi,2
predictions,2
bill,2
cozy8jwgkv,2
watching,2
pure,2
mad,2
7822,2
maybe,2
years,2
madridmike,2
el,2
shouldnt,2
coza8lwzuy0k,2
et,2
es,2
hacked,2
houstonstrong,2
honest,2
codwzw6fzjyk,2
hillary,2
representing,2
population,2
gotta,2
cozypcaros1i,2
take,2
registered,2
america,2
federal,2
msannalangford,2
reauthorization,2
crooked,2
bovadaofficial,2
flipped,2
cosyzidmed1i,2
jennycohn1,2
gist,2
readings,2
pay,2
death,2
seems,2
read,2
early,2
christine,2
endorses,2
facing,2
emolumentalass,2
antichoice,2
stevekling,2
legal,2
conservative,2
cog3yvzwbeky,2
violence,2
hes,2
co27a1cglwns,2
trying,2
ag,2
al,2
ap,2
arizonans,2
coverage,2
sitting,2
paso,2
jeremyswallace,2
gregpalast,2
co9vpfpardoi,2
backed,2
helped,2
learn,2
court,2
co2fsaxmebwo,2
antiamericancruz,2
bresden,2
tigerwoodstock,2
txvalues,2
peoplepowered,2
status,2
miller41866,2
lawrence,2
texasstrong,2
cohe1hskvajh,2
tedc,2
done,2
passed,2
repbetoorourke,2
suspicious,2
sponsored,2
pretty,2
knowledgeable,2
wildhogs6,2
activity,2
set,2
kylegrantham,2
threats,2
dj77dj77,2
attention,2
orourk,2
due,2
neoliberal,2
ph,2
elections,2
technical,2
vot,2
mafia2222001,2
lawyers,2
erinforyall,2
cobxu89bflay,2
back,2
natesilver538,2
congressman,2
mygianluca,2
cowrbfhm8mqi,2
nick,2
youtube,2
martinproll1,2
include,2
kentpg,2
deals,2
let,2
coyrmvdqtbvs,2
crap,2
humanitariangal,2
means,2
trail,2
inspiteoftrump,2
women,2
animals,2
codrufoldm2f,2
holdi,2
2013,2
insisting,2
rising,2
wallst,2
conversation,2
daws1145,2
dallas,2
martha,2
mitch,2
face,2
se,2
fact,2
based,2
winner,2
unable,2
local,2
ones,2
supremecourt,2
allegation,2
national,2
changes,2
coqe0ffs14ra,2
humane,2
wire,2
difficulties,2
ad,2
speaker,2
gets,2
well,2
ads,2
280,2
testy,2
lost,2
foodfor14706546,2
home,2
senatorheitkamp,2
made,2
supreme,2
erin,2
illinois,2
star,2
palast,2
cothdakolybk,2
arlieagain,1
co4w8pqq1sre,1
child,1
drumpf,1
sirensalvage,1
hate,1
coqxrlrih2pp,1
rorycooper,1
cotuvqltrcu6,1
solution,1
rodstryker,1
enjoy,1
follow,1
coeidh1oxczc,1
ever,1
coc99war5o4z,1
drosen,1
109,1
represented,1
path,1
105,1
stresses,1
jakewertz,1
criticism,1
conbzgelujvj,1
music,1
therefore,1
senwhitehouse,1
couxgtfpzy9d,1
supporters,1
cowc4q84k61d,1
blocking,1
supplemental,1
shoot,1
work,1
ms,1
organized,1
reviewing,1
absolute,1
end,1
soros,1
hot,1
jollyeggs,1
reelect,1
replacing,1
cosjyonuqvfx,1
wrong,1
attempt,1
cowfrmvly3vl,1
corxqlpiqh31,1
coybrs4hhg98,1
co4odpus4ap5,1
charlieamter,1
rescheduled,1
personal,1
denver,1
co9gz0yhrl1i,1
weeks,1
cofr4mpkn750,1
gunning,1
lyingtedcruz,1
slate,1
twits,1
coeyk4x0tbiq,1
cronyism,1
con9jmsdigrk,1
side,1
forgot,1
janiszilly,1
saturday,1
whip,1
sarahwaugh20,1
co3uejz4paw6,1
god,1
cofpgjc0opeo,1
abbott,1
associate,1
threatened,1
normafisher,1
iss,1
starts,1
medicaid,1
senatorcollins,1
hearing,1
coqevia6slhn,1
confirming,1
wildly,1
hollywood,1
co2atnrjfmsg,1
vermont,1
nonpartisan,1
dawkins,1
boycottnfl,1
co6mzodllrvp,1
charlie,1
bridge,1
runner,1
cocjbxooenbl,1
dozen,1
cokmocp8d3uy,1
wsacanuck,1
texaslonghorns,1
keep2020alive,1
cobxrnwyyvas,1
purged,1
labels,1
radio,1
sexism,1
frankluntz,1
toast,1
covnynr817dk,1
oct,1
cobrvwb6ngr1,1
cookpolitical,1
dylanmsmitty,1
endorsements,1
votedbut,1
bat,1
coufdrecp6r9,1
ban,1
flagged,1
decided,1
todaytomorrow,1
ladiefandom,1
away,1
rcramer,1
nddheitkamp,1
approach,1
mediumdigi,1
wo,1
wi,1
wtf,1
stellarouse,1
tyranny,1
josephchez,1
ill,1
coy5hgmggwm4,1
bokoharam,1
flores,1
waitandsee,1
com,1
con,1
coauhrqbbtm2,1
tough,1
protest,1
eager,1
commission,1
rheathervaughn,1
coku4icf7jul,1
personally,1
aid,1
coy28trky95n,1
cand,1
id,1
geegeebythesea,1
cosheqeao0kz,1
coi4odn2iuwz,1
evil,1
jks,1
rais,1
jealous,1
codwf4ele8j2,1
coksj4cz76nl,1
quoted,1
unemployment,1
coqejrgfh6ht,1
coeyadtoyod5,1
thankfully,1
3elletiger,1
teenager,1
dignity,1
codgdyegcyie,1
latino,1
theyre,1
cotenmtnja72,1
votebeto,1
creed,1
donald,1
dear,1
cmarinucci,1
jester,1
popular,1
brahmin,1
assault,1
islands,1
tonights,1
coksfkcw8fhr,1
electorate,1
incumbents,1
interv,1
farmersmarket,1
congratulations,1
bellwether,1
proud,1
moore,1
bbnks,1
posting,1
protested,1
molester,1
interested,1
nv,1
cot6ffw8oy3a,1
longer,1
revoke,1
roy,1
marion,1
ballet,1
environment,1
coo8xseartvp,1
coccoekrvqzt,1
choice,1
asteinberg613,1
buhari,1
registrationsaashttpst,1
12th,1
p,1
div,1
yall,1
cozf4e3fy28y,1
co1hbkuqfcv8,1
fear,1
goes,1
sending,1
canadian,1
davidhogg111,1
bot,1
bob,1
435,1
coqyhq0i1d7p,1
heitkamp,1
cofcwea5mgp3,1
cocwobm7fygd,1
dude,1
tightly,1
satan,1
loving,1
co8j0lmo4cys,1
roundtable,1
crazy,1
heard,1
joenbc,1
multipl,1
1,1
speaks,1
co8pyiwmysj9,1
spot,1
nomination,1
man,1
sa,1
colv,1
course,1
argued,1
indianaheidi,1
internationally,1
interesting,1
hamilton,1
outweigh,1
cogcp6v15clz,1
name,1
20xts14,1
coj0mg1fill3,1
em,1
en,1
24chadster,1
ed,1
challenges,1
challenger,1
cotz9m9chqcf,1
canada,1
nevadajack2,1
sunda,1
fiestamexicana2018,1
eagle,1
wjharte,1
nunes,1
quite,1
coeogjsuy5vg,1
plea,1
morningjoe,1
yougov,1
swing,1
impost,1
cowjbm2yfdr7,1
first,1
622,1
message,1
tomorrow,1
given,1
officials,1
district,1
2,1
white,1
coe1hx4x0sem,1
cosr7fyfqxws,1
copufp0qvyqm,1
conu1nfebqxf,1
shady,1
itltim,1
pro,1
turned,1
cowma25myrg6,1
co96ldxc5pht,1
coac1v8xsydx,1
inspirin,1
beta,1
cuban,1
colllipppxpa,1
novemeber,1
allegations,1
co8yg7nh3riq,1
ground,1
michellemeach16,1
cojrujlgw4de,1
congressional,1
begging,1
cia,1
truly,1
sakari21,1
worried,1
worries,1
texansforbeto,1
mikelewisatx,1
staged,1
co4o9eoo52fl,1
actively,1
squandering,1
representatives,1
valenciabarca,1
33,1
jr,1
jd,1
article,1
superstar,1
brownberry1717,1
catagra44,1
coyjavwk0jmq,1
co0adbr0oboc,1
pol,1
senaterace,1
west,1
partisanship,1
engine,1
case,1
coho9emvmerc,1
might,1
tribal,1
antilgbtq,1
landslide,1
pester,1
pac,1
buys,1
rheller,1
week,1
director,1
gerrymandering,1
coimr8ha8t73,1
copdqcbpbfq5,1
ninth,1
halftime,1
dekota,1
around,1
coh40v3onbf0,1
stonekettle,1
regis,1
traffic,1
dakotans,1
chamber,1
audience,1
endorsed,1
smallpau1,1
johnalanjames2,1
realdonaldtrump,1
co9d,1
spurs,1
racism,1
power,1
asap,1
tallredhead1014,1
businesspro,1
coofxgv0ixko,1
cppptx,1
oh,1
mccaskill,1
brainier,1
mixed,1
cojzhi7dtarq,1
coppfcl9ek9q,1
co3auvaw58pf,1
lol,1
calebjhull,1
handpainted,1
reps,1
co8gbqojvlfk,1
october,1
cooqwrff7gsb,1
codkhzjoigwx,1
stanford,1
coifpoygtceq,1
agree,1
bigleague2020,1
citizenship,1
moved,1
fellow,1
lifetime,1
fill,1
coxrqwxahhrt,1
co1bnupc562f,1
cleanup,1
coe1navtvq0z,1
fools,1
coyjol6n8cnr,1
philkurtz3,1
applause,1
overblow,1
odds,1
represent,1
liar,1
southrngirl77,1
cog2hlqt8k8t,1
scr,1
tv,1
wyoming,1
cogerulpydyi,1
woman,1
ultraviolet,1
copxm0owsfgo,1
small,1
ten,1
zero,1
pass,1
witnesses,1
midterms2018,1
undecided,1
colclxyrfhoc,1
ahead,1
cob97xj4sjys,1
pick,1
lpdonovan,1
h1gg5b0s0n,1
coezqhetjal8,1
co080shbbzbv,1
rican,1
pnts,1
takes,1
tester,1
wizkid,1
hugin,1
cocboohjifk4,1
debates,1
co1f69nftifl,1
cow2t3a1xzoe,1
mockingbird,1
history,1
buzzfeednewsdreamgirls,1
pond,1
huge,1
coj3kx54pfci,1
coy3ibmdbt7j,1
distri,1
archivesboy,1
co5h7zq9vpba,1
phonetext,1
ikereilly,1
codmfat8ih4o,1
cosg6stc7ffa,1
tlrpac,1
co6fyt6nfshc,1
held,1
hell,1
22,1
29,1
colpuerbus2x,1
actually,1
ya,1
predator,1
prejudices,1
reminder,1
woke2008,1
always,1
heavy,1
betofortexas,1
effete,1
robert,1
research,1
7,1
coce5o0ypjid,1
favored,1
nbcnews,1
backer,1
generati,1
reason,1
co0glcnqbmru,1
definition,1
coxhzfltvwij,1
american,1
radical,1
number,1
teds,1
cohsphlmifyw,1
leading,1
paint,1
nigeria,1
behind,1
yeselson,1
co7krnajkzii,1
googlenews,1
revronnc,1
approved,1
78,1
wterrence,1
tiniebeany,1
heres,1
sundaynightfootball,1
gold,1
coppwsonou44,1
couwb4edijff,1
co6vh08zrcth,1
failed,1
texaseric1,1
remedy,1
sarahpalinusa,1
hid,1
rest,1
cru,1
cou3tsd3wzc2,1
common,1
relentless,1
cosdyvkhrsue,1
topics,1
framingham,1
fans,1
downturn,1
corruption,1
antiamer,1
cohxo3svo5vl,1
opposition,1
delivering,1
mywchu,1
billyjack2016,1
cozbr4xdxeco,1
coz01uuzfisr,1
virginiansforbeto,1
focused,1
whole,1
johnterry,1
dimensional,1
cornyn,1
likes,1
devil,1
raise,1
carolinian,1
damn,1
meeting,1
pl,1
cobsijqgx9sx,1
fire,1
else,1
teoppoet,1
deport,1
expanded,1
socialism,1
cotohhncv1to,1
registeredgov,1
fun,1
ganging,1
cocrbtqwywh1,1
disavow,1
ready,1
vox,1
increased,1
open,1
corzsijy9k1h,1
yesterday,1
virginia,1
climb,1
dark,1
anybody,1
obviously,1
cour,1
lester,1
dese,1
tennesseenorth,1
source,1
co8mj4pgrhft,1
excited,1
dmcc,1
game,1
success,1
smartnews,1
covvher8kwzm,1
cozp8yusfx6d,1
co1vpxvekn1y,1
cocacola,1
corrqyjoyo89,1
cod1bifa3hlg,1
impor,1
working,1
codfmmburyn3,1
deserves,1
hatred,1
silence,1
colmgfb6ccfy,1
appropriate,1
msm,1
long,1
enthusias,1
co6uxwlhiqks,1
co7mwdmqtnqq,1
hopes,1
patriot,1
un,1
cocfrj5wzmlm,1
cokdkvb5b1it,1
coewwnqgsfxh,1
rally,1
6point,1
bornabadass2,1
backs,1
creepier,1
income,1
qanonisfake,1
explaining,1
resign,1
representat,1
vice,1
covjhhzbhlo9,1
co6j9guo7zbd,1
cozzukeerbos,1
janzforcongress,1
tweeted,1
issues,1
demonstrators,1
alexvanstone,1
cor7lbd4xogf,1
enslaved,1
telling,1
gettin,1
populist,1
polling,1
originally,1
cowa6bnuf2a7,1
waking,1
chicago,1
coflfqsvpc61,1
covxi3doeq56,1
waiting,1
indian,1
trumpology,1
makes,1
rctristan,1
wir,1
ravenresists,1
francis,1
fec,1
doubt,1
ginaortizjones,1
remezcla,1
comukpwfuhsg,1
opposing,1
parrots,1
cobenwxagxzs,1
abcworldnews,1
high,1
balls,1
f,1
co03d1v50awg,1
andrewdamitio,1
politicalwire,1
control,1
legendofwitte,1
democracy,1
mattr00,1
holds,1
alexburnsnyt,1
mississippis,1
nelstamp,1
colbertlateshow,1
lyssanthrope,1
22nd,1
ldaught2,1
wildonnelly,1
johnsonfortexas,1
motherjones,1
puerto,1
scotus,1
georgetownprep,1
covnjr6740c1,1
presidential,1
conservatism,1
bump,1
cowebe1zplsd,1
announces,1
superbly,1
supports,1
surely,1
abwp2002,1
thefeyisayo,1
presid,1
austin,1
south,1
copxoodx2bxw,1
coxcscnl4caq,1
straight,1
gloloh,1
interests,1
cokvxjbvdokl,1
grandpa,1
bea,1
churlish,1
providing,1
marymhuber,1
covftrfefzie,1
votebluetosaveamerica,1
apparently,1
unknownauthor,1
covmgxew5zkg,1
battles,1
come31uqnslj,1
axels15,1
montana,1
sarahly17310175,1
coix4kga2mrp,1
brianrfriedman,1
cof6bwyf9pji,1
coybxfoul1qh,1
latinos,1
text,1
randallpink17,1
maggienyt,1
texa,1
bhivenectar,1
delirious,1
tbh,1
qu,1
taxes,1
protesting,1
gillum,1
accused,1
thomasmaheu2,1
tenn,1
maddow,1
polstatsus,1
nominees,1
youll,1
atiku,1
ken,1
nashville,1
embarrassment,1
jon,1
bolipoet,1
impeachkavanaugh,1
wall,1
poeple,1
choose,1
controlled,1
468,1
cop,1
commuted,1
policy,1
hateful,1
votetedcruz2018,1
theyve,1
appearance,1
dakotaclaire,1
margoandhow,1
dmataconis,1
co9fj1vaqg1e,1
girlfriend,1
palmerreport,1
member,1
nbcsnl,1
dakotan,1
party,1
unconventional,1
definately,1
frequently,1
identity,1
coadpdubuxox,1
usual,1
less,1
offensive,1
corjolbjkb,1
co36muj8hoas,1
arrest,1
nati,1
lured,1
portersure,1
jimlibertarian,1
commswokgyis,1
immediately,1
crus,1
republica,1
jguyr,1
propel,1
scared,1
coxtqvmw5tr4,1
cozp9moyvgff,1
msampson74,1
lead,1
stephenathome,1
co2ps7hby7ng,1
conxz5qezwzp,1
cozljfmykbas,1
coltr78bnigp,1
zpoet,1
cokqdwswmafq,1
equally,1
doesnt,1
convicted,1
chkahoe74,1
munster,1
1988,1
intention,1
prissystruth,1
venezuelan,1
neutral,1
coddk1syipu9,1
ha,1
shyster,1
tactics,1
wish,1
aaronblake,1
record,1
minutes,1
jayneqpatriot,1
cmon,1
ev,1
ne0liberal,1
cindymclennan,1
semblance,1
class,1
stay,1
coyfx50voxvr,1
co0fqskgwfls,1
coneaubspyox,1
georgetakei,1
