car,1212
hyundai,1055
kia,1027
bmw,546
toyota,454
5,389
3,337
tl,329
like,301
one,289
get,268
dont,259
pontiac,257
performance,244
audi,238
would,236
honda,219
think,215
better,211
much,206
say,203
xtype,194
even,193
well,192
sedan,186
rwd,184
also,181
people,177
im,165
fwd,164
good,159
test,151
drive,149
know,146
want,145
best,145
2,143
330i,143
g,141
time,140
new,138
acura,138
really,126
0,123
driving,123
series,119
many,118
value,117
6,115
see,113
way,113
class,113
go,110
handling,108
make,106
buy,106
price,105
1,101
nissan,101
right,96
benz,96
mercedesbenz,96
doesnt,96
infiniti,94
manual,94
point,93
is300,93
could,92
less,92
sport,92
cant,92
awd,91
every,91
engine,91
great,90
mph,89
different,89
take,88
ive,87
still,86
problem,86
years,83
volkswagen,83
look,83
4,82
thats,80
believe,80
may,79
sales,78
read,78
since,78
power,77
id,77
two,76
difference,75
jaguar,74
luxury,74
7,74
seat,74
got,73
etc,71
another,71
comparison,71
going,70
330,70
little,70
fun,70
top,70
sure,70
never,69
road,69
around,68
money,68
isnt,68
year,66
lot,66
actually,66
interior,66
hp,65
torque,65
feel,65
ill,64
speed,64
ford,64
hard,64
automatic,64
driver,62
nice,62
something,62
agree,61
makes,61
back,61
almost,60
weight,59
thing,59
tires,58
things,58
used,58
bad,58
numbers,58
others,58
vehicle,57
ever,57
however,57
lexus,57
nothing,56
opinion,55
system,55
put,55
vs,55
long,55
getting,55
us,53
need,53
based,53
line,52
v6,52
first,52
find,52
auto,52
without,52
steering,51
60,51
maybe,51
track,51
either,51
60,51
coupe,51
might,51
fact,50
lease,50
prestige,50
love,49
high,49
market,49
vehicles,49
come,49
sold,49
cr,48
worth,48
l,48
wheels,48
real,48
didnt,48
else,48
mean,48
driven,48
sports,48
always,47
use,47
looking,47
anyone,47
owners,46
pretty,46
times,46
lets,46
jag,45
front,45
keep,45
10,45
talking,45
last,44
loaded,44
model,44
far,44
cost,43
comes,43
compare,43
acceleration,43
tests,43
though,43
325i,43
old,42
convertible,42
yes,42
faster,42
looks,42
transmission,41
cd,41
ride,41
14,41
8,41
made,41
volvo,40
buyers,40
subaru,40
everything,40
says,40
someone,40
example,39
secs,39
least,39
gear,39
snow,39
tested,38
compared,38
size,38
give,38
expensive,38
day,38
s4,37
world,37
package,37
buying,37
guess,37
engines,37
chevrolet,37
seen,37
yet,37
2004,37
end,37
overall,37
edmunds,36
reason,36
mind,36
mile,36
enough,36
important,36
must,36
rather,36
c,36
came,35
tls,35
standard,35
post,35
TRUE,35
article,35
benchmark,35
near,35
pay,35
everyone,35
bit,35
theres,35
check,35
riez,35
space,35
traffic,34
extra,34
reliability,34
japanese,34
gas,34
big,34
2002,34
wanted,34
platform,34
gets,34
second,33
models,33
anything,33
start,33
traction,33
seem,33
points,33
15,33
mb,33
bought,33
european,32
experience,32
rear,32
issue,32
quite,32
nav,32
question,32
results,31
xtypes,31
away,31
quality,31
dodge,31
drivers,31
enjoy,31
pkg,31
available,31
probably,30
sorry,30
tell,30
reviews,30
miles,30
add,30
goes,30
course,29
past,29
next,29
es,29
braking,29
matter,29
seconds,29
u,29
excellent,29
serious,29
oh,29
options,29
v,29
9,29
magazines,28
choice,28
factor,28
ing,28
wheel,28
wont,28
drove,28
leather,28
able,28
fuel,28
type,28
show,28
unless,28
residuals,28
although,28
mazda,28
level,28
higher,28
wrong,27
2001,27
steer,27
work,27
change,27
live,27
fully,27
e,27
anyway,27
youre,27
deal,27
especially,27
premium,27
comparing,27
entry,27
review,27
light,27
suspension,26
cts,26
manufacturers,26
trying,26
feels,26
went,26
rating,26
z,26
kd,26
styling,26
beat,26
seems,26
range,26
fast,26
motor,26
saying,25
try,25
number,25
whole,25
roads,25
thanks,25
board,25
cannot,25
trunk,25
american,25
subjective,25
simply,25
brand,25
ones,25
let,24
btw,24
yeah,24
ferrari,24
notice,24
low,24
fine,24
2003,24
tranny,24
thought,24
x,24
plus,24
due,24
category,24
service,23
bimmer,23
dealer,23
takes,23
close,23
including,23
chrysler,23
lsd,23
drivetrain,23
30,23
mention,23
325,23
40k,23
msrp,23
feet,23
press,23
note,22
equipped,22
found,22
h,22
hand,22
heard,22
base,22
mentioned,22
4,22
making,22
guys,22
paid,22
sound,22
50,22
bmws,22
ok,22
opinions,21
happy,21
straight,21
owner,21
segment,21
hope,21
youll,21
usually,21
remember,21
transmissions,21
thinking,21
behind,21
forget,21
done,21
saab,21
small,21
r,21
cheap,21
paying,21
style,21
7k,21
70,21
smaller,21
crash,21
99,20
current,20
costs,20
couple,20
guy,20
poor,20
run,20
stats,20
lux,20
call,20
purchase,20
residual,20
interesting,20
correct,20
nearly,20
actual,20
advantage,20
posts,20
sporty,20
offers,20
place,20
reliable,19
cars,19
given,19
life,19
certain,19
sense,19
ago,19
com,19
economy,19
care,19
porsche,19
month,19
taken,19
whatever,19
wait,19
three,19
magazine,19
chris,19
needs,19
idea,19
prices,19
imo,19
cls,19
powerful,19
already,19
stuck,19
version,19
lower,19
rpm,19
whether,19
recent,18
afford,18
highway,18
race,18
compete,18
automobile,18
wouldnt,18
lincoln,18
features,18
felt,18
talk,18
considering,18
httpwww,18
5th,18
part,18
please,18
understand,18
per,18
zhp,18
areas,18
40,18
racing,18
dealers,18
choose,18
rt,17
push,17
future,17
stated,17
sell,17
imho,17
5speed,17
handle,17
five,17
apples,17
america,17
help,17
selling,17
structure,17
mods,17
cadillac,17
street,17
consumer,17
facts,17
rigid,17
designed,17
willing,17
suvs,17
540,17
several,17
gives,17
suv,17
called,17
rigidity,17
sit,17
ability,17
disagree,17
clutch,17
reports,16
98,16
nicely,16
prefer,16
argument,16
average,16
company,16
sometimes,16
person,16
marques,16
means,16
figures,16
terms,16
certainly,16
ft,16
wasnt,16
control,16
tire,16
personal,16
side,16
save,16
whats,16
ory,16
12,16
none,16
spend,16
decision,16
300,16
taking,16
equal,16
versions,16
comparo,16
information,16
design,16
expect,16
hit,16
instead,16
four,15
fit,15
data,15
definitely,15
stop,15
perfect,15
p,15
discussion,15
half,15
early,15
mpg,15
ask,15
brakes,15
similar,15
mileage,15
comparable,15
parts,15
100,15
room,15
amazing,15
personally,15
left,15
25,15
easily,15
larger,15
havent,15
slalom,15
heck,15
5s,15
name,15
drives,15
except,15
kind,15
set,15
boot,15
percent,15
previous,14
along,14
rest,14
consider,14
evo,14
owned,14
bring,14
total,14
order,14
comments,14
marketing,14
months,14
write,14
ed,14
ratio,14
amount,14
arent,14
540i,14
safety,14
stat,14
10k,14
0,14
balance,14
finally,14
speaking,14
11,14
reading,14
youve,14
particular,14
statement,14
changed,14
took,14
wood,14
regardsshipo,14
longer,14
worse,14
equation,14
units,14
option,14
gotten,14
impressed,14
530i,14
couldnt,14
german,13
leave,13
alone,13
quarter,13
hinges,13
pick,13
huge,13
imagine,13
doubt,13
happen,13
youd,13
lol,13
valid,13
info,13
coming,13
built,13
entire,13
35,13
soft,13
brands,13
completely,13
free,13
head,13
differences,13
trend,13
handles,13
criteria,13
today,13
figure,13
europe,13
known,13
reasons,13
lose,13
usa,13
closer,13
leader,13
warranty,13
message,12
feeling,12
easy,12
bottom,12
dollars,12
offer,12
reviewers,12
slow,12
large,12
cash,12
research,12
sec,12
link,12
account,12
move,12
puts,12
rated,12
cabin,12
theyre,12
short,12
business,12
soon,12
540i6,12
quote,12
measure,12
final,12
exactly,12
biggest,12
6th,12
bet,12
instance,12
stereo,12
mags,12
dry,12
modern,12
3,12
super,12
3rd,12
articles,12
shopping,12
totally,12
general,12
20,12
late,12
supposed,12
majority,12
obviously,12
solid,12
single,12
2000,12
automotive,12
normally,12
kdshapiro,12
turn,12
later,12
ways,12
status,12
competition,12
wife,12
worst,12
flat,12
bigger,12
story,12
limit,12
perhaps,12
chassis,11
90,11
hold,11
speeds,11
tion,11
news,11
convertibles,11
possible,11
inside,11
150,11
sp,11
fwder,11
hey,11
mics,11
full,11
door,11
accept,11
play,11
seatbelt,11
audis,11
become,11
rule,11
con,11
cons,11
perform,11
gearing,11
prove,11
january,11
equipment,11
generally,11
using,11
peak,11
conditions,11
ranked,11
gs,11
engineering,11
admit,11
page,11
hood,11
0l,11
editors,11
perf,11
es330,11
gotta,11
corner,11
manufacturer,11
c320,11
response,11
playing,11
insurance,11
i35,11
autoweek,11
products,11
often,11
introduced,11
percentage,11
reputation,11
quickly,11
5k,11
hear,11
debate,11
winner,11
jaguars,11
sells,11
considered,11
66,11
knows,11
identical,11
six,11
thus,11
feature,10
wins,10
structural,10
represents,10
doors,10
6speed,10
result,10
2nd,10
5070,10
horsepower,10
saw,10
technology,10
industry,10
original,10
tw,10
t5,10
major,10
giving,10
currently,10
gonna,10
40000,10
meant,10
vq,10
35k,10
negative,10
safe,10
wider,10
shares,10
product,10
ex,10
passenger,10
bias,10
roadtrack,10
throw,10
family,10
systems,10
comparisons,10
uses,10
lacking,10
within,10
win,10
neither,10
350z,10
spec,10
answer,10
somewhat,10
mine,10
decided,10
daily,10
pointed,10
thank,10
sounds,10
exhaust,10
hour,10
100,10
1is300,10
alot,10
source,10
absolutely,10
mirror,10
caddy,10
noise,10
boards,10
5x,10
unfortunately,10
aspec,10
63,10
hardly,10
included,10
fastest,10
various,10
recently,10
moving,10
anybody,10
stick,10
issues,10
kids,9
93,9
financial,9
country,9
slightly,9
statements,9
seriously,9
wants,9
911,9
biased,9
pull,9
mass,9
pass,9
4th,9
spending,9
specifically,9
categories,9
truth,9
site,9
v8,9
lowered,9
word,9
earlier,9
runs,9
ahead,9
allwheeldrive,9
ground,9
truly,9
cares,9
worry,9
amg,9
output,9
beyond,9
ass,9
overdrive,9
competing,9
liked,9
grand,9
winter,9
hands,9
cause,9
addition,9
automatics,9
home,9
content,9
starts,9
mini,9
folks,9
subject,9
ugly,9
group,9
jd,9
30000,9
purchased,9
pleasure,9
priced,9
30k,9
match,9
hate,9
mt,9
inexpensive,9
days,9
improve,9
n,9
tie,9
wagon,9
gt3,9
factors,9
falls,9
period,9
62,9
interested,9
lack,9
tes,9
glad,9
turns,9
slower,9
goodies,9
weather,9
looked,9
respect,9
depreciation,9
inch,9
platforms,9
270,8
machine,8
vary,8
upscale,8
crowd,8
values,8
hot,8
jagboyxtype,8
open,8
turned,8
prestigious,8
aside,8
case,8
keeping,8
beautiful,8
week,8
bc,8
posted,8
bimmers,8
young,8
f,8
tied,8
fits,8
produced,8
thrust,8
co,8
choosing,8
thier,8
smooth,8
sportcross,8
told,8
highly,8
production,8
nonsport,8
speak,8
beating,8
scores,8
automobiles,8
mondeo,8
marginally,8
em,8
shows,8
advantages,8
e46,8
area,8
600,8
turbo,8
towards,8
started,8
special,8
written,8
propeller,8
beats,8
companies,8
basic,8
i6,8
materials,8
dead,8
arguing,8
offering,8
main,8
18,8
winding,8
enthusiast,8
cardriver,8
resale,8
dollar,8
sitting,8
recall,8
share,8
23,8
3050,8
spent,8
forward,8
putting,8
body,8
february,8
apparently,8
mix,8
optional,8
joke,8
otherwise,8
latest,8
alive,8
forum,8
phone,8
writers,8
ultimate,8
classes,8
rides,8
quoted,8
despite,8
report,8
exterior,8
stereotype,8
impressive,8
500,8
justify,8
basically,8
measured,8
wrote,8
customers,8
honestly,8
80,8
words,8
outhandle,8
job,8
capabilities,8
conclusion,8
increase,7
miller,7
missing,7
95,7
96,7
types,7
fix,7
similarly,7
needed,7
leasing,7
fair,7
lots,7
argue,7
asked,7
spin,7
player,7
5050,7
fairly,7
exact,7
ribution,7
passengers,7
wondering,7
besides,7
ridiculous,7
ue,7
3000,7
states,7
trade,7
missed,7
definition,7
funny,7
m45,7
measurements,7
concerned,7
survey,7
saugatak,7
clearly,7
stuff,7
ca,7
ls,7
theyve,7
letters,7
excitement,7
compares,7
appreciate,7
fan,7
japan,7
affected,7
reasonable,7
powers,7
depends,7
w8,7
air,7
brake,7
supercar,7
regardless,7
envelope,7
british,7
directly,7
friend,7
mostly,7
x3,7
hyundia,7
death,7
interiors,7
decide,7
c240,7
fm,7
inline,7
heavy,7
dust,7
miss,7
passed,7
clear,7
hype,7
chrisboth,7
compromises,7
guide,7
comparos,7
gt,7
telling,7
computer,7
tend,7
competitor,7
additional,7
north,7
highest,7
eat,7
friends,7
buyer,7
vast,7
skills,7
third,7
turning,7
competitors,7
website,7
weekend,7
useful,7
living,7
skidpad,7
carry,7
13,7
potential,7
ctsv,7
middle,7
aspect,7
heavier,7
complain,7
2k,7
house,7
benefits,7
mountain,7
build,7
significant,7
weve,7
devils,7
individual,7
fans,7
upgrades,7
ped,7
stype,7
2005,7
train,7
dad,7
loves,7
curves,7
payment,7
gone,7
happens,7
560,7
limited,7
forums,7
shoot,7
ent,7
hang,7
ton,7
plenty,7
public,7
trust,7
suggest,7
na,7
e55,7
regarding,7
outperform,7
curve,7
thread,7
advocate,7
include,7
noted,7
pushing,7
anywhere,7
oranges,7
boring,7
agreed,7
view,7
decent,7
choices,7
entirely,7
replace,6
hurt,6
97,6
rich,6
250,6
ownership,6
es300,6
virtue,6
litre,6
entrylevel,6
million,6
structures,6
former,6
shenkar,6
favorite,6
luck,6
complete,6
rush,6
te,6
condition,6
hours,6
learn,6
downside,6
worthless,6
surprised,6
continue,6
spring,6
un,6
legal,6
consideration,6
bent,6
slip,6
fwders,6
testing,6
raher,6
FALSE,6
4000,6
face,6
autos,6
cl,6
indash,6
places,6
driveshaft,6
ml320,6
s40,6
diesel,6
compromise,6
seater,6
discussions,6
tho,6
quotes,6
reality,6
together,6
lineup,6
topic,6
competators,6
ended,6
cold,6
drop,6
8477,6
ance,6
aint,6
upgrade,6
media,6
weighs,6
sunroof,6
strong,6
excuse,6
fx,6
racetrack,6
hell,6
food,6
fees,6
station,6
v12,6
badge,6
stoplight,6
maintenance,6
outright,6
cones,6
trends,6
works,6
newer,6
department,6
gf,6
jump,6
z4,6
120,6
driveway,6
horrible,6
rpms,6
limitations,6
noticed,6
ble,6
manuals,6
blue,6
regular,6
2,6
assume,6
managed,6
shift,6
everybody,6
beholder,6
man,6
eyes,6
dash,6
morning,6
relative,6
among,6
capable,6
field,6
starting,6
amenities,6
town,6
extended,6
b,6
moment,6
shape,6
named,6
upcoming,6
stock,6
philosophy,6
lines,6
lb,6
reg,6
loved,6
concerns,6
fixed,6
passing,6
acuras,6
slight,6
a4,6
4k,6
mi,6
watch,6
cybersol,6
hopefully,6
weak,6
coupes,6
5l,6
52,6
discount,6
bargain,6
trim,6
323ia,6
corners,6
debating,6
theory,6
1000,6
c230,6
necessarily,6
state,6
lighter,6
parking,6
granted,6
buys,6
stops,6
hasnt,6
song,6
minor,6
okay,6
leading,6
slushbox,6
74,6
windows,6
attention,6
competitive,6
questions,6
extremely,6
ummm,6
chose,6
sort,6
superior,6
purely,6
merits,6
present,6
sick,6
loses,6
118,6
kidding,6
incredibly,6
intake,5
absolute,5
methodology,5
easier,5
turnin,5
ru,5
nonnav,5
score,5
logic,5
worked,5
intrusion,5
boost,5
opposed,5
awesome,5
ss,5
truck,5
matched,5
internet,5
nicer,5
laws,5
combined,5
summer,5
preference,5
thinks,5
hes,5
quicker,5
pulls,5
plan,5
improves,5
load,5
budget,5
motors,5
virtually,5
invalid,5
land,5
seemed,5
odd,5
realized,5
allow,5
realize,5
length,5
touring,5
stars,5
appealing,5
configuration,5
upon,5
mere,5
count,5
intangible,5
details,5
chance,5
items,5
aware,5
1999,5
provide,5
versus,5
motortrend,5
bank,5
downshift,5
generalizations,5
target,5
germans,5
enjoyed,5
gears,5
received,5
tons,5
sticker,5
counterparts,5
pavement,5
underpowered,5
snowy,5
snows,5
dying,5
belive,5
global,5
flash,5
division,5
appears,5
jan,5
december,5
chip,5
produce,5
multilink,5
er,5
shown,5
xs,5
ya,5
respected,5
touch,5
pounds,5
benefit,5
exciting,5
maserati,5
loose,5
tried,5
asp,5
ratings,5
rackandpinion,5
useless,5
oops,5
wow,5
practicality,5
smart,5
pack,5
ready,5
older,5
march,5
showing,5
game,5
block,5
rolls,5
notwithstanding,5
mitsubishi,5
wonderful,5
ically,5
is300s,5
sno,5
lamborghini,5
beg,5
upset,5
leased,5
convince,5
loss,5
ps,5
star,5
stay,5
likely,5
objectively,5
differently,5
forgot,5
cjs2002,5
beater,5
claims,5
2325i,5
initial,5
sale,5
precise,5
talked,5
heres,5
crazy,5
pure,5
max,5
mag,5
automakers,5
200,5
shot,5
gen,5
across,5
mark,5
arguments,5
grip,5
meaning,5
fall,5
abs,5
published,5
mentions,5
21,5
22,5
harp,5
depending,5
chart,5
cheaper,5
foreign,5
upgraded,5
create,5
replaced,5
realm,5
cut,5
matters,5
indication,5
jags,5
32,5
obvious,5
bunch,5
spaceintruding,5
improvements,5
owning,5
mid,5
discounts,5
deliver,5
trips,5
cubic,5
sets,5
hair,5
tmv,5
esp,5
minutes,5
mm,5
400,5
longterm,5
priorities,5
rank,5
freeway,5
situations,5
545,5
wear,5
expense,5
expected,5
tions,5
optioned,5
diesels,5
5c,5
gave,5
57,5
56,5
51,5
ics,5
porky,5
setting,5
picture,5
cool,5
quick,5
groups,5
navigation,5
cases,5
local,5
modified,5
apex,5
factory,5
releases,5
huh,5
strengths,5
outside,5
61,5
67,5
direction,5
careful,5
50k,5
stand,5
taste,5
includes,5
hmmm,5
ted,5
allows,5
stiffness,5
reflect,5
gauges,5
compartment,5
added,5
srt4,5
pp,5
engineers,5
rid,5
handled,5
memory,5
makers,5
feb,5
3500,5
assumptions,5
related,5
1500,5
chances,5
cache,5
differential,5
sufficient,5
cross,5
kds,5
buick,5
van,5
book,5
normal,5
kinda,5
criticism,4
therefore,4
brings,4
wind,4
rankings,4
displacement,4
impossible,4
rx,4
competes,4
tired,4
release,4
hence,4
25k,4
split,4
possibly,4
constantly,4
pricing,4
proved,4
proven,4
floor,4
rolling,4
settle,4
blueguydotcom,4
sign,4
falling,4
8731,4
apparent,4
following,4
se,4
saving,4
thousand,4
instrument,4
pos,4
ratios,4
standpoint,4
investment,4
prior,4
vid,4
tester,4
bangle,4
bumper,4
impact,4
failed,4
crs,4
barely,4
racer,4
races,4
pressed,4
euro,4
garbage,4
enjoyable,4
send,4
explain,4
standing,4
baby,4
customer,4
rode,4
produces,4
designs,4
45k,4
act,4
adjusted,4
infinity,4
350,4
newest,4
wet,4
canyon,4
garage,4
turanza,4
avoid,4
drivewheel,4
rightly,4
recognize,4
rep,4
red,4
gle,4
scary,4
1998,4
cited,4
nuts,4
somewhere,4
eventually,4
thick,4
emblem,4
hike,4
nobody,4
germany,4
exclusivity,4
nasty,4
idrive,4
voice,4
advertising,4
nissaninfiniti,4
spread,4
night,4
balanced,4
fight,4
holding,4
scored,4
concept,4
bringing,4
battle,4
trouble,4
12th,4
appeal,4
buck,4
trans,4
breeds,4
approx,4
non,4
warning,4
form,4
online,4
begin,4
title,4
roadster,4
europeans,4
camcord,4
tradition,4
recorded,4
equivalent,4
rearseat,4
becasue,4
commuter,4
referring,4
streets,4
learned,4
f1,4
lacks,4
maple,4
shifter,4
physics,4
assertion,4
meanwhile,4
culture,4
sensitive,4
compromised,4
marque,4
reviewer,4
rub,4
seeing,4
adults,4
picked,4
becomes,4
cruise,4
orically,4
entertainment,4
ecu,4
management,4
revealed,4
purchasing,4
tall,4
12k,4
legitimate,4
leases,4
sho,4
hits,4
harder,4
sources,4
5at,4
previously,4
whos,4
800k,4
contest,4
todays,4
affect,4
niche,4
refinement,4
credit,4
recommend,4
posting,4
gasoline,4
attempt,4
recieved,4
weeks,4
extract,4
surprise,4
linear,4
pillarless,4
silly,4
tells,4
sleeper,4
saturn,4
bay,4
suggested,4
basis,4
neat,4
meets,4
thoughts,4
refined,4
225,4
father,4
box,4
suggestion,4
merely,4
effort,4
confused,4
till,4
stability,4
finance,4
ls8,4
17,4
16,4
efficient,4
oil,4
running,4
mom,4
disappointed,4
mod,4
skilled,4
dvd,4
deep,4
fill,4
35000,4
perspective,4
suffer,4
26,4
27,4
conducted,4
paint,4
particularly,4
common,4
repairs,4
simple,4
yesterday,4
vtec,4
excuses,4
utterly,4
3s,4
varies,4
greater,4
occupant,4
comment,4
ah,4
finished,4
plain,4
position,4
reminds,4
wish,4
pig,4
risk,4
direct,4
widespread,4
demanding,4
regularly,4
differnt,4
primary,4
hearing,4
10th,4
rotors,4
relatively,4
oriented,4
radio,4
twice,4
bose,4
search,4
lesser,4
judge,4
59,4
advanced,4
apart,4
55,4
54,4
specific,4
swanneck,4
removed,4
147best,4
whereas,4
younger,4
row,4
hairs,4
water,4
healthy,4
gtr,4
happened,4
term,4
gt2,4
plastic,4
population,4
discussing,4
acquiring,4
6k,4
trip,4
provides,4
thousands,4
regard,4
promote,4
strongly,4
incorrect,4
calls,4
ala,4
liter,4
supposedly,4
3298,4
markets,4
50000,4
somebody,4
differ,4
temperature,4
comfy,4
pump,4
throttle,4
reach,4
75,4
cds,4
rx330,4
art,4
license,4
context,4
finds,4
sweet,4
negotiate,4
analysis,4
stating,4
abilities,4
litter,4
tends,4
330is,4
associated,4
vice,4
issued,4
itll,4
modded,4
degree,4
cab,4
leaving,4
suggests,4
women,4
1980s,4
tax,4
flex,4
bentley,4
8k,4
anyhow,4
8t,4
suzuki,4
fear,4
opening,4
april,4
improved,4
unlike,4
english,4
115,4
rare,4
argumentative,4
continental,4
volume,4
oxymoron,3
unit,3
spoke,3
94,3
shores,3
addicted,3
encourage,3
ra,3
fourbanger,3
sensors,3
master,3
showed,3
mphtop,3
performancehandling,3
metallic,3
tech,3
cousins,3
irs,3
men,3
accident,3
258,3
chrome,3
tops,3
steps,3
shifting,3
losing,3
disqualifies,3
lacked,3
support,3
width,3
nicest,3
euroncap,3
roll,3
whoever,3
infinitis,3
driveline,3
working,3
originally,3
spot,3
improving,3
suck,3
pulled,3
slushboxes,3
93v,3
suggesting,3
spoken,3
bite,3
sad,3
opposite,3
winters,3
el42,3
nonpermissible,3
boat,3
stretch,3
photos,3
situation,3
aspects,3
exit,3
ration,3
flawed,3
darker,3
ances,3
interchangable,3
cream,3
tradeoff,3
midsize,3
cpo,3
causes,3
tq,3
smg,3
section,3
followed,3
unbiased,3
gallon,3
plane,3
4cyl,3
occurs,3
outfitted,3
w,3
pickup,3
sections,3
improvement,3
monthly,3
leaning,3
hoping,3
shorter,3
rules,3
emergency,3
bs,3
kiplingers,3
repair,3
span,3
elsewhere,3
inches,3
poster,3
relaxed,3
influence,3
chat,3
walked,3
broader,3
rack,3
involved,3
publications,3
process,3
10best,3
2tl,3
books,3
valve,3
surely,3
450,3
decade,3
planted,3
35hp,3
email,3
powered,3
waste,3
speedracer,3
cvt,3
hardware,3
sits,3
ball,3
audio,3
accelerating,3
downshifting,3
software,3
theyd,3
delivery,3
placed,3
bearing,3
variety,3
outsold,3
blanket,3
wagons,3
60130,3
protection,3
ake,3
ery,3
beach,3
55k,3
kahunah,3
office,3
break,3
bang,3
rocks,3
nts,3
approximately,3
forced,3
quieter,3
latter,3
subjects,3
bracket,3
covering,3
packages,3
climate,3
overdrives,3
ncap,3
tough,3
nismoed,3
east,3
independent,3
powerass,3
kept,3
1600,3
speedsensitive,3
hills,3
humor,3
lowest,3
maximum,3
potholes,3
describe,3
update,3
alfa,3
htm,3
rarely,3
cap,3
totalled,3
crumple,3
typical,3
indeed,3
factual,3
en,3
card,3
honest,3
shapiro,3
editor,3
x5,3
terrific,3
objective,3
professional,3
interstate,3
9000,3
152,3
mediocre,3
finish,3
complained,3
severe,3
anyday,3
conservative,3
researching,3
heated,3
moved,3
dominated,3
mild,3
invalidate,3
producing,3
ishness,3
anytime,3
negligible,3
banks,3
foot,3
occasions,3
hwysafety,3
outrun,3
launch,3
terrible,3
knocking,3
sti,3
toward,3
lid,3
league,3
likes,3
anymore,3
ently,3
lie,3
oversteer,3
translates,3
minimal,3
claimed,3
electrical,3
smiles,3
drag,3
pretender,3
gu,3
gm,3
honors,3
cell,3
justice,3
manage,3
singing,3
penalty,3
crap,3
spyder,3
longest,3
leasecompare,3
frontal,3
university,3
mode,3
70k,3
date,3
perfectly,3
overwhelming,3
claim,3
arc,3
providing,3
astonishing,3
achieve,3
werent,3
128,3
supreme,3
accurate,3
nissans,3
ought,3
martin,3
cleveland,3
offset,3
equally,3
11car,3
gain,3
projecting,3
piece,3
penny,3
brembo,3
portion,3
cruising,3
force,3
preferences,3
saved,3
43693,3
net,3
4star,3
rights,3
scoring,3
aston,3
combination,3
rhetoric,3
enthusiasts,3
navs,3
39000,3
sluggish,3
hadnt,3
weekends,3
5,3
harvard,3
enzo,3
seven,3
ic,3
ie,3
grown,3
sporting,3
shapes,3
automatically,3
covers,3
happening,3
adds,3
suspect,3
hummer,3
bugatti,3
boy,3
dude,3
sharing,3
acceptable,3
quoting,3
fla,3
nearest,3
148,3
sooner,3
ls6,3
killed,3
advance,3
20k,3
investigations,3
gs300,3
complaints,3
ctss,3
shop,3
black,3
928,3
wonder,3
traded,3
tuning,3
offered,3
margin,3
wifes,3
cayenne,3
autocar,3
matching,3
critical,3
measuring,3
practical,3
emissions,3
examine,3
hybrid,3
remote,3
talks,3
zero,3
abc,3
component,3
purchases,3
collision,3
28,3
detected,3
edmund,3
miata,3
drivings,3
instances,3
rates,3
189,3
powertrain,3
differentiate,3
trannys,3
gospel,3
reverse,3
dropping,3
italy,3
airbags,3
discourse,3
alternative,3
cuz,3
follows,3
accelerate,3
affects,3
eliminate,3
laughing,3
goods,3
translate,3
eurospec,3
beemer,3
curb,3
stripper,3
theyll,3
2006,3
failures,3
helps,3
3l,3
safer,3
36,3
proof,3
2door,3
noises,3
holds,3
winners,3
revs,3
hypothesizing,3
spell,3
references,3
defend,3
plastics,3
huyndai,3
mic,3
continually,3
mically,3
exceptional,3
assure,3
attributes,3
relevant,3
disconnect,3
forbes,3
4seat,3
success,3
assuming,3
host,3
awarded,3
mazd,3
bug,3
wise,3
48,3
45,3
accidents,3
leaders,3
fabulous,3
beaten,3
represented,3
leaves,3
useability,3
changes,3
changer,3
join,3
acknowledged,3
expectations,3
writing,3
god,3
c32,3
redline,3
toy,3
wildly,3
urban,3
negotiating,3
frankly,3
lbs,3
thoroughly,3
countries,3
understeer,3
adding,3
catch,3
ugliest,3
ice,3
deleted,3
ne,3
allseasons,3
ny,3
ns,3
nt,3
tasteful,3
alternatives,3
ouch,3
adjective,3
lexus2,3
enof,3
intangibles,3
stands,3
proud,3
weird,3
1st,3
dropped,3
ensure,3
impartial,3
maneuver,3
alike,3
surveys,3
yamahaderived,3
examples,3
clowns,3
visceral,3
tooling,3
efficiency,3
quiet,3
65,3
shaft,3
html,3
blow,3
accepted,3
techn,3
recalls,3
firebird,3
determine,3
separate,3
stocks,3
disc,3
decisions,3
rate,3
sup,3
suddenly,3
branded,3
flaw,3
20000,3
debated,3
smoothness,3
generation,3
tiptronic,3
fancy,3
bland,3
2626,3
double,3
electric,3
300ftdia,3
traditional,3
costing,3
ies,3
heavily,3
achieved,3
initially,3
perfection,3
pa,3
precision,3
demand,3
literature,3
1990s,3
e60,3
edge,3
dvda,3
lost,3
shaped,3
luxo,3
prop,3
prob,3
roundup,3
wanna,3
youthful,3
s2000,3
mountains,3
millage,3
notes,3
deals,3
waiting,3
14mile,3
fed,3
brochure,3
3700,3
88,3
bonnet,3
publication,3
regards,3
july,3
alienating,3
pleased,3
msrps,3
bragging,3
annual,3
dual,3
difficult,3
pretenders,3
pedal,3
810ths,3
116,3
lead,3
bursts,3
incredible,3
php3,3
kinds,3
e300,3
xenon,3
eagle,2
preface,2
rwder,2
performanceby,2
increasing,2
k,2
explained,2
brought,2
relax,2
yahoo,2
reviewing,2
uitous,2
debut,2
keys,2
vector,2
rl,2
competed,2
hypothetical,2
wisdom,2
87w,2
dozen,2
racers,2
diminishing,2
soemone,2
letter,2
thunder,2
gauge,2
eliminated,2
touches,2
busy,2
ment,2
bust,2
e320,2
foremost,2
pocket,2
altogether,2
patch,2
v8s,2
blew,2
2004tl,2
250hp,2
rings,2
toprated,2
extend,2
nature,2
extent,2
met,2
crossover,2
chill,2
played,2
tune,2
dvdaudio,2
plight,2
seriespracticality,2
enters,2
audiusa,2
hat,2
posed,2
indicative,2
desire,2
remind,2
fourwheel,2
attorney,2
crown,2
marketers,2
transcends,2
respectable,2
praises,2
panels,2
proves,2
negotiations,2
redolent,2
15k,2
auotmotive,2
glass,2
814,2
inflate,2
minute,2
solved,2
loads,2
understanding,2
3035k,2
manualzero,2
15327,2
visual,2
ignorant,2
silverrimmed,2
mirrors,2
nascar,2
unveiled,2
allowed,2
231,2
2liter,2
s3,2
divides,2
23k,2
fueled,2
sl,2
270hp,2
kiplinger,2
derive,2
thereby,2
matches,2
bedevil,2
1825,2
93w,2
entering,2
collisions,2
bumps,2
massive,2
bothersome,2
cos,2
neglect,2
bored,2
sat,2
21545z,2
spewing,2
remarks,2
q45,2
merit,2
aggressive,2
greenfaced,2
pricevalue,2
bestselling,2
settings,2
worried,2
anyways,2
jumped,2
uk,2
volvos,2
awards,2
p23545,2
excitementetc,2
considers,2
vacation,2
concede,2
breath,2
defined,2
reaction,2
unsafe,2
ening,2
300s,2
juveniles,2
diverse,2
newspaper,2
canoe,2
4dr,2
edged,2
confidenceinspiring,2
preferance,2
30hp,2
overthrow,2
hybrids,2
seating,2
63k,2
substance,2
luxurious,2
1330i,2
chronograph,2
image,2
suceeded,2
recommends,2
unreliable,2
dirty,2
rust,2
2007,2
beware,2
turbocharged,2
upkeep,2
tv,2
tiewinner,2
th,2
smile,2
joined,2
adjust,2
bridgestone,2
method,2
19k,2
november,2
pics,2
via,2
vis,2
millionares,2
jrock65,2
simpl,2
conveniences,2
fundamental,2
pans,2
attitude,2
billyperks,2
voiceactivated,2
designation,2
operation,2
belief,2
rigitidy,2
contender,2
jet,2
comarticle,2
bhp,2
unused,2
cover,2
bullseye,2
exp,2
protege,2
bulletin,2
cmnott,2
3k,2
closely,2
crx,2
chasers,2
daimlerchrysler,2
sel,2
interface,2
323i325i,2
2is300winner,2
community,2
hitting,2
veneer,2
raced,2
representative,2
mphquoted,2
technical,2
z4s,2
2030,2
necessity,2
stack,2
5se,2
parents,2
location,2
input,2
format,2
quest,2
uncompromised,2
b3,2
curious,2
deserves,2
appropriate,2
primarily,2
suit,2
rhetorical,2
325ci,2
mature,2
ub,2
hummers,2
carrera,2
sides,2
lancia,2
hello,2
partial,2
2is300,2
minicooper,2
citing,2
sent,2
discounting,2
kgdegree,2
receive,2
commun,2
mariner7,2
carrying,2
33k,2
gladly,2
challenge,2
pieces,2
6100,2
blocks,2
await,2
nonex,2
snafus,2
chosed,2
330just,2
accompanied,2
bump,2
longitudal,2
banal,2
nicebutd,2
fundamentally,2
toetotoe,2
gallons,2
thankscybersol,2
mandatory,2
steel,2
spelled,2
viewed,2
studying,2
32500,2
soap,2
rough,2
principal,2
my2002,2
tape,2
riding,2
sc430,2
differentials,2
quickest,2
gorgeous,2
cm,2
0r,2
commutes,2
realworld,2
rigged,2
command,2
drawing,2
moments,2
glut,2
flywheel,2
predicts,2
paul,2
increased,2
government,2
crisp,2
replacement,2
aol,2
delightful,2
passion,2
pressure,2
lifestyle,2
angeles,2
naturally,2
function,2
grate,2
delivers,2
ins,2
inc,2
hpl,2
repeat,2
undercutting,2
desirable,2
stinks,2
bike,2
slowest,2
begrudge,2
tickets,2
preacher,2
specs,2
suppose,2
46000,2
officially,2
textures,2
simultaneously,2
smoke,2
plenum,2
plot,2
plow,2
bundled,2
handcap,2
speced,2
award,2
championships,2
1993,2
3200,2
mechanic,2
moron,2
ordinary,2
law,2
meaningful,2
revved,2
green,2
nets,2
s4s,2
coffee,2
classleading,2
reasonably,2
logo,2
forth,2
sliding,2
certified,2
renew,2
john,2
nearluxo,2
toronto,2
ebay,2
quieted,2
germane,2
adequate,2
preferred,2
beleive,2
steal,2
horrendous,2
cow,2
brag,2
royal,2
birdseye,2
beloved,2
applied,2
applies,2
1979,2
evidenced,2
boxes,2
capa,2
disadvantage,2
3325igoodies,2
secstanding,2
asking,2
5spd,2
balances,2
war,2
absent,2
prayer,2
1rule,2
9422,2
c180,2
reflexes,2
ctses,2
accolade,2
20550,2
mounted,2
zone,2
seemingly,2
aggressively,2
productname,2
comdetails,2
brave,2
ripoff,2
appear,2
sequential,2
generator,2
lending,2
marked,2
subjectivity,2
clue,2
0perf,2
hardest,2
fortunately,2
ftavoidance,2
acknowledge,2
reacting,2
shouldnt,2
et,2
furthermore,2
rational,2
inevitably,2
porsches,2
tomorrow,2
checked,2
leaseend,2
semantics,2
steady,2
reorganized,2
differentialmounting,2
whove,2
import,2
sprty,2
perceptions,2
wellbalanced,2
newfound,2
exploit,2
wealthiest,2
return,2
therere,2
neon,2
conclude,2
disputing,2
boast,2
fortune,2
6393,2
laugh,2
capability,2
assembly,2
sixth,2
leatherette,2
ergonomically,2
speedracer3,2
greatly,2
numerically,2
yout,2
assumed,2
unmodified,2
los,2
utilizing,2
appliance,2
moves,2
credibility,2
poop,2
building,2
foster,2
heaven,2
conscience,2
consumers,2
answers,2
forgive,2
tracks,2
depend,2
arena,2
colored,2
whine,2
skoda,2
240,2
surprisingly,2
hurry,2
underwhelming,2
offended,2
pushed,2
stayed,2
surpassed,2
grind,2
dream,2
held,2
cel,2
stopped,2
publish,2
scathing,2
assign,2
drilledout,2
std,2
financing,2
manumatic,2
dts,2
100kmh,2
philly,2
experienced,2
watt,2
clean,2
usual,2
testdrove,2
lesabre,2
dominant,2
famous,2
oxy,2
witht,2
wife146s,2
bumpercar,2
years1,2
isuzu,2
nismo,2
described,2
damn,2
empty,2
lived,2
governor,2
costly,2
overlooked,2
3545,2
4cam,2
gocart,2
gsd,2
powering,2
28k,2
damage,2
c320s,2
fathers,2
recanting,2
prestigous,2
rebates,2
step,2
negatives,2
wealth,2
shine,2
77,2
experiences,2
classics,2
taillights,2
properly,2
amounts,2
everybodys,2
lbft,2
visits,2
40000s,2
requires,2
evenly,2
seczero,2
compact,2
acuratl,2
friendly,2
stiff,2
button,2
400hp,2
z3,2
41yearold,2
addressed,2
subsidized,2
firsttime,2
crossed,2
meet,2
broadsided,2
links,2
offense,2
10014,2
scoot,2
outer,2
masses,2
handy,2
sportiness,2
bluetooth,2
counterpart,2
mad,2
confuse,2
rs6,2
autobytel,2
f18,2
aftermarket,2
grounding,2
es330s,2
wot,2
impression,2
hondas,2
29000,2
evident,2
trucks,2
tuned,2
dangerous,2
correctly,2
tens,2
kicking,2
key,2
comparably,2
limits,2
minds,2
slowly,2
blueguy,2
controlled,2
topless,2
kicks,2
tt,2
owns,2
discontinuation,2
speaker,2
party,2
0litre,2
restore,2
taller,2
26k,2
skill,2
stratus,2
rattles,2
utah,2
260,2
immediately,2
nameplate,2
sized,2
payments,2
boggles,2
warranties,2
recognized,2
agrees,2
hi,2
converter,2
stories,2
display,2
education,2
rumors,2
talkin,2
repuation,2
esentially,2
uneducated,2
aided,2
secondly,2
pardon,2
asian,2
whose,2
buddy,2
alpine,2
mopped,2
lights,2
rests,2
counts,2
calm,2
warm,2
adult,2
roof,2
loyalty,2
g17,2
secs4565,2
windshield,2
overcome,2
motoring,2
navi,2
24k,2
trading,2
navy,2
reader,2
messages,2
12000,2
mph060,2
nonoverdrive,2
thrown,2
disappearing,2
girls,2
performancerwd,2
backroads,2
bitterness,2
stomping,2
boyracer,2
ergonomics,2
jealously,2
fwds,2
dot,2
ending,2
attempts,2
bav,2
bag,2
ears,2
38k,2
zones,2
1,2
omg,2
asks,2
interest,2
threw,2
deeper,2
160,2
exception,2
tank,2
ii,2
overstated,2
vibrates,2
delight,2
kid,2
butter,2
i95,2
yea,2
runflat,2
human,2
impending,2
character,2
opt,2
goodiers,2
g35,2
performing,2
deaf,2
invoice,2
bolt,2
chooses,2
carving,2
lexuses,2
annoyance,2
pages,2
tryin,2
economic,2
handicap,2
fell,2
skip,2
yummy,2
suffered,2
airfare,2
die,2
dig,2
stiffer,2
shave,2
softtouch,2
eating,2
targets,2
outhandled,2
genuinely,2
additive,2
sake,2
thru,2
savior,2
soul,2
9th,2
pages6,2
staying,2
140,2
avant,2
equip,2
jagboy,2
killer,2
lunch,2
leds,2
260hp,2
rock,2
canada,2
objectivity,2
lag,2
monster,2
california,2
vinyl,2
525i,2
americans,2
lap,2
19,2
channel,2
205,2
ranking,2
300hp,2
worrying,2
lauph,2
infinit,2
ornament,2
78k,2
august,2
killing,2
nationality,2
jb,2
maintained,2
ongoing,2
litres,2
navtl,2
largely,2
m45s,2
quartermile,2
gra,2
serves,2
served,2
ingly,2
overly,2
moderate,2
seriesstyling,2
broken,2
squarely,2
stations,2
appriciate,2
38000,2
deem,2
prudent,2
represent,2
commute,2
enjoying,2
crossshopping,2
neighborhood,2
90s,2
plush,2
rollover,2
eye,2
footwell,2
nonm,2
deg,2
par,2
3330ivalue,2
dough,2
24,2
29,2
hurting,2
2s,2
connolly,2
2l,2
worshipers,2
lovers,2
handlingsafety,2
acting,2
reliablity,2
members,2
beginning,2
180,2
assumption,2
favorably,2
excels,2
recording,2
underpinnings,2
order1,2
chimes,2
smallest,2
saabys,2
responses,2
complementary,2
19992001,2
throughout,2
rivals,2
secret,2
vans,2
sys,2
purpose,2
hows,2
rears,2
darn,2
ludicrous,2
isolated,2
cup,2
deliberately,2
snap,2
excited,2
judgement,2
30s,2
strongest,2
pronounced,2
scale,2
noboby,2
wherewithall,2
daihatsu,2
competative,2
al,2
sjagsbmws,2
steven,2
seriesreliability,2
subjectively,2
altezza,2
planet,2
stripped,2
lend,2
3900,2
knight,2
chicago,2
exercise,2
irritating,2
extreme,2
drops,2
33,2
climb,2
absolutes,2
private,2
bested,2
tag,2
poseur,2
pluskin,2
curving,2
la,2
winning,2
ly,2
dam,2
motortrends,2
res,2
math,2
backwards,2
rearward,2
28000,2
seville,2
147display,2
0liter,2
eight,2
32k,2
knowledge,2
5coupe,2
walkietalkies,2
attributed,2
arguement,2
muddy,2
define,2
finishes,2
straightens,2
tense,2
axle,2
fellow,2
multi,2
appearance,2
mroadster,2
thisperformance,2
3325iprice,2
helped,2
prose,2
reporting,2
tighter,2
domestic,2
ads,2
raved,2
audible,2
band,2
exv6,2
headlights,2
worthy,2
consumerism,2
functional,2
gleaned,2
chatting,2
j,2
designman,2
circus,2
47,2
detail,2
conviving,2
4l,2
poorly,2
louder,2
school,2
34k,2
harrier,2
testspecifications,2
feelings,2
asset,2
ml,2
gadgets,2
attract,2
bunk,2
premiun,2
ltd,2
danny,2
upside,2
enter,2
highperformance,2
snowstorms,2
clk,2
destroyed,2
compelling,2
chuck,2
sane,2
unspectacular,2
perception,2
wheelbase,2
titled,2
repeatable,2
western,2
be1,2
bloated,2
rolex,2
ran,2
contact,2
rider,2
5446,2
yank,2
spite,2
fwdrwd,2
maybach,2
testbmw,2
rowing,2
sherrif,2
fault,2
players,2
kdshap,2
stopping,2
couper,2
prioritize,2
hearts,2
dads,2
vibration,2
advertise,2
420,2
530,2
corp,2
advertized,2
trounce,2
rely,2
attempted,2
heat,2
jrock,2
wealthy,2
annoying,2
nc,2
tip,2
remarkable,2
charge,2
bests,2
emphasizes,2
3330,2
don146t,2
substitute,2
remain,2
525,2
envy,2
guilty,2
problematic,2
roadtracks,2
performer,2
requirements,2
dinner,2
fourth,2
crashes,2
outlandish,2
accolades,2
gtp,2
tommorrow,2
100k,2
tlcost,2
overblown,2
array,2
engineer,2
returns,2
white,2
hug,2
propshafts,2
released,2
deceleration,2
pre,2
therap,2
ant,2
typicaly,2
isn146t,2
multiple,2
biggerfaster,2
protrusion,2
installed,2
aluminum,2
s430,2
ignored,2
maybachs,2
college,2
gtrs,2
turbos,2
region,2
duty,2
pop,2
68,2
yling,2
6s,2
tuningfork,2
mphroad,2
ironic,2
reminded,2
shifts,2
sl55,2
changing,2
components,2
inability,2
rwders,2
hint,2
scheduled,2
rollon,2
towed,2
provided,2
ol,2
jeep,2
discussed,2
accounts,2
lastly,2
strictly,2
caranddriver,2
deteriorating,2
750,2
jul,2
deserve,2
e39,2
fasten,2
follow,2
everyones,2
synthetic,2
beaters,2
regulars,2
fat,2
awful,2
sun,2
sum,2
fedlawman,2
redesigns,2
weaknesses,2
lhd,2
ential,2
september,2
essence,2
inherent,2
fiat,2
tl04,2
fallen,2
blank,2
storm,2
convinced,2
wheelbarrows,2
finding,2
sportcontact,2
measures,2
73,2
seasons,2
79,2
1040,2
highpitched,2
institutions,2
vaunted,2
detriot,2
gains,2
coty,2
1015,2
compliments,2
catharsis,2
dump,2
achieves,2
defense,2
12500,2
numerous,2
2330i,2
franchise,2
riezi,2
pg,2
noticeable,2
designing,2
machinery,2
v6s,2
profitable,2
carguide,2
14mpg,2
modifications,2
ignore,2
traits,2
seriesvalue,2
statment,2
raction,2
114,2
capitalizes,2
income,2
lucking,2
suffers,2
simon,2
fwiw,2
spool,2
outdo,2
assemblage,2
sensation,2
developed,2
explore,2
payoffs,2
symbol,2
gokart,2
impress,2
seatbelts,2
sis,2
compatible,2
15002000,2
nonsnow,2
130,2
raw,2
hoodline,2
600ft,2
covered,2
untouchable,2
worlds,2
rockets,2
89,2
82,2
83,2
81,2
86,2
84,2
85,2
sentiment,2
4cylinder,2
performs,2
8l,2
wnted,2
600sel,2
priority,2
institution,2
accelerates,2
bashes,2
25000,2
deny,2
utter,2
skimp,2
watching,2
arguably,2
superb,2
closed,2
dly,2
frustrated,2
spoil,2
renault,2
packaging,2
vanilla,2
2750032500,2
ringing,2
avg,2
largest,2
fighting,2
4700,2
supply,2
usage,2
redesign,2
rofl,2
exceed,2
scared,2
110,2
paste,2
jdmeuro,2
perks,2
swear,2
transfer,2
record,2
demonstrate,2
goodness,2
junk,2
51k,2
inherently,2
halfshafts,2
incurred,2
ranks,2
connoly,2
volumes,2
rocketing,1
woods,1
hanging,1
exclusivly,1
lord,1
sinking,1
econo,1
screaming,1
wednesday,1
stereotypical,1
charter,1
specially,1
scrapes,1
elegant,1
273,1
275,1
inanimate,1
premiunm,1
325i3,1
thong,1
bonuses,1
22k,1
resilient,1
widget,1
error,1
reasons1,1
calculate,1
unwillingness,1
8liter,1
325is,1
golden,1
9l,1
htmlneedless,1
brolen,1
3convertibles,1
music,1
duals,1
females,1
holy,1
successful,1
91,1
leaper,1
sweeten,1
1450wood,1
preferably,1
hog,1
complaining,1
gremlins,1
travel,1
comedians,1
hop,1
significance,1
shrug,1
helpcybersol,1
645ci,1
modulation,1
wrond,1
diplacement,1
crossshop,1
effective,1
514,1
feedback,1
continentals,1
fir,1
directional,1
xm,1
relentelessly,1
effects,1
beaut,1
rumour,1
debue,1
745i,1
woes,1
393,1
399,1
rspecaspec,1
misfortune,1
rp,1
touts,1
rs,1
2300,1
ry,1
rd,1
ofcourse,1
leagcy,1
assured,1
39k,1
streetlegal,1
jennie,1
r8,1
ups,1
16395,1
knockoffs,1
geared,1
caught,1
hearsay,1
4non,1
shopped,1
spinning,1
dipietrohonda,1
80100,1
japansese,1
fantasycar,1
rewards,1
17k,1
pkgca,1
amocobp,1
prebangle,1
modena,1
task,1
predictable,1
snooti,1
foreaft,1
pursuade,1
crave,1
nations,1
project,1
rebadge,1
frenchmarque,1
90100,1
willingness,1
thar,1
flippin,1
raceri,1
responsible,1
recommended,1
causing,1
amusing,1
grips,1
shall,1
automaker,1
simplify,1
bootlid,1
carkeys,1
cams,1
camp,1
rotary,1
bllueguys,1
bomb,1
88another,1
dicker,1
ybits,1
tempted,1
hishers,1
skirmishes,1
comparision,1
mid30s,1
lightsleather,1
theme,1
6street,1
tips,1
s500s,1
respond,1
disaster,1
bler,1
fail,1
hammer,1
injuries,1
succeptible,1
roller,1
pity,1
estates,1
planned,1
colllaclassautoshighway1,1
signals,1
eager,1
congradulations,1
spit,1
sycophants,1
strewn,1
slap,1
child,1
150miles,1
appeals,1
46510,1
anticipating,1
smoothest,1
damaged,1
thingy,1
demands,1
350400,1
pontiacs,1
effortlessly,1
updown,1
40628,1
academic,1
quantitative,1
autobahn,1
whatnot,1
airbag,1
rushing,1
ease,1
advancement,1
comepitors,1
haw,1
firmer,1
misled,1
unabashedly,1
commonplace,1
paulel,1
goping,1
individuals,1
17x8,1
sixspeed,1
handlingslalom,1
observation,1
220hp,1
raised,1
facility,1
60to0,1
son,1
wrap,1
mbs,1
16000,1
authorized,1
overhang,1
832002,1
fascination,1
conclusively,1
magazine6,1
savethewhale,1
congratulations,1
asuming,1
tlbraking,1
153,1
5yr,1
lowerthanxj,1
role,1
wars,1
39804,1
shootout,1
euroland,1
prestigesno,1
chain,1
philosopher,1
uneven,1
10gs,1
circumstances,1
riciulously,1
bogus,1
gloomy,1
stays,1
ctsaudi,1
tear,1
skewed,1
findings,1
sigh,1
prediction,1
900msrp,1
infiniti8,1
g20,1
axes,1
melt,1
47kmaybe,1
wellnice,1
31000,1
xtreme,1
accomplishes,1
wherever,1
windowing,1
tasks,1
ipo,1
bloody,1
logically,1
fake,1
roofreverse,1
positive,1
angry,1
driver146s,1
scope,1
loving,1
series2,1
heartmeant,1
easiest,1
pretend,1
brandmodel,1
6road,1
parachute,1
238,1
235,1
230,1
scoots,1
kompressor,1
s6,1
goodies2,1
harmon,1
natural,1
si,1
handsdown,1
snowed,1
96,1
597mo,1
infohttpwww,1
economyepa,1
omitting,1
tendency,1
avid,1
faults,1
torn,1
decreases,1
suspicion,1
freaking,1
decades,1
instantly,1
reveal,1
year1,1
records,1
overpowering,1
plunk,1
1824,1
id7574i,1
breakthrough,1
prudently,1
giddy,1
craftsmanship,1
dethroning,1
investigation,1
tourque,1
incentives,1
europroducts,1
pilatus,1
lucrative,1
26990,1
disguised,1
8mph,1
backside,1
dunno,1
modest,1
vanos,1
emotion,1
submit,1
vote,1
indicate,1
typing,1
cite,1
schwarzenneger,1
fooled,1
representing,1
youger,1
strives,1
wandering,1
sumptuous,1
windtunnel,1
sav,1
peugueot,1
wanting,1
concern,1
atop,1
buffer,1
discerning,1
touchy,1
refining,1
axe,1
manyif,1
tubro,1
walking,1
145butt,1
bimmerownerslovers,1
vette,1
tears,1
guarded,1
seemless,1
2700,1
countered,1
prime,1
keenly,1
skyline,1
backseat3,1
uncover,1
enthralled,1
keyboard,1
3475,1
outclasses,1
desribe,1
enjoys,1
5car,1
spartan,1
concentrate,1
jets,1
loudly,1
roominess,1
scca,1
straightline,1
275285,1
mbspy,1
costcutting,1
anti,1
comeback,1
caring,1
thead,1
driversembedded,1
tightened,1
skylines,1
consultant,1
straighten,1
policies,1
reasonableness,1
sitehttpwww,1
commultimedianissa,1
ivy,1
323,1
expenditures,1
cockroachkiller,1
unemployed,1
aluminumchrome,1
boosted,1
cheers,1
wired,1
suvlike,1
nothin,1
30to50,1
1998all,1
excessivefuel,1
comalliedaerobiker,1
driveability,1
trains,1
216,1
214,1
215,1
httpcgi,1
personaly,1
2jb,1
personals,1
feelinglooking,1
blondes,1
rover,1
0100mph0,1
grounded,1
upholsteryreal,1
mirrorauto,1
135top,1
dare,1
claimedautomotive,1
audiosystem,1
superiority,1
ctsvs,1
lookdesign5,1
11479,1
iterations,1
rereview,1
feauture,1
lobster,1
p21555,1
casuality,1
tube,1
328,1
914,1
refer,1
retains,1
poise,1
biases,1
is300no,1
screws,1
emergencylanechange,1
apologize,1
gashog,1
800000,1
technically,1
futile,1
viscous,1
brain,1
handsome,1
rags,1
abuses,1
detailed,1
followup,1
ac,1
carver,1
gona,1
migrate,1
watched,1
whit,1
ideally,1
zumbalak,1
tight,1
someones,1
1000premium,1
autoweeks,1
a6,1
moredont,1
500lbs,1
banglized,1
axles,1
admirer,1
caused,1
concered,1
agreedisagree,1
underpoweredquality,1
baddest,1
highquality,1
subarupart,1
fivestar,1
midwest,1
tc,1
appointment,1
plushy,1
mcmansions,1
speed2,1
easyontheeyes,1
198,1
awdmb,1
190,1
displays,1
laserguided,1
headlamps,1
el42s,1
contrast,1
featuresgood,1
jagdude,1
9car,1
germancarfans,1
reshaped,1
riezagain,1
demeanor,1
provable,1
struggle,1
vic,1
everyman,1
sitted,1
objectives,1
archives,1
consslightly,1
corrected,1
speedo,1
doof,1
acuracl,1
o3tls,1
resources,1
converts,1
male,1
40mpg,1
impacts,1
suggestions,1
scrounge,1
action,1
04tl,1
respective,1
gannett,1
definative,1
upto,1
intended,1
autos1,1
sportier,1
backyard,1
whitley,1
fender,1
bowl,1
itd,1
peppy,1
paper,1
supra,1
signs,1
turbine,1
shopper,1
6477,1
drive330i,1
travelling,1
snobs,1
subarus,1
scrolllllll,1
it4,1
soveryimportant,1
everytime,1
tra,1
fgiven,1
19200,1
reduce,1
police,1
200horsepower,1
cockpit,1
testament,1
castle,1
exhibited,1
velo,1
mpgepa,1
147dialing148if,1
shifterclutch,1
heads,1
introduction,1
moderately,1
subsidise,1
tinny,1
builtlots,1
interviewed,1
immediate,1
interphere,1
hollywood,1
partssharing,1
determines,1
determined,1
45000,1
yetfunny,1
defect,1
bodysuspensionchassis,1
self,1
firsthand,1
yawn,1
brooklyn,1
accepting,1
1goodyear,1
store148if,1
stationshoppingbank,1
comand,1
midwestern,1
indicator,1
sayin,1
writer,1
competently,1
leasepullahead,1
banned,1
sunny,1
follows1,1
stirling,1
proclaim,1
i146m,1
neeed,1
river,1
insane,1
318,1
ser,1
stitiching,1
sea,1
overboard,1
institutes,1
contour,1
unsettling,1
moonroof,1
rite,1
avoidance,1
nope,1
monsters,1
15th,1
knowing,1
candor,1
potancial,1
2900reverse,1
rivalling,1
percpetion,1
reccomend,1
devil,1
firm,1
wheeler,1
fund,1
tls5,1
spearheaded,1
tweaked,1
backing,1
averaging,1
decline,1
accura,1
beautifully,1
sounding,1
s500,1
barnes,1
147rear,1
controlone,1
resulting,1
comprehensive,1
levels,1
inguished,1
conclusiveness,1
infamous,1
canned,1
kdsthe,1
picky,1
xtypelincoln,1
5sp,1
cajon,1
cabins,1
rumbling,1
glitches,1
conclusions,1
reap,1
pillars,1
victims,1
nauseum,1
abound,1
yields,1
stylish,1
collective,1
nlike,1
mighty,1
inclination,1
tothemanorborn,1
agreement,1
lowend,1
nowhere,1
canning,1
filmgoing,1
4060,1
spar,1
paragraphically,1
considerably,1
tally,1
slump,1
54is,1
archaic,1
hyping,1
considerable,1
sleepers,1
uh,1
ininiti,1
continuously,1
raging,1
pricefeature,1
newactually,1
comming,1
globally,1
turnoff,1
pricerange,1
spritely,1
113001,1
958,1
snatching,1
fixing,1
conceptions,1
elements,1
3040k,1
richesthese,1
typemodel,1
lane,1
age,1
pinging,1
holes,1
wsport,1
147would,1
newsoon,1
code,1
sharply,1
scratch,1
3537k,1
debateraggresive,1
softer,1
147climate,1
fundamanetal,1
overridding,1
lbsft,1
dislike,1
147pardon148if,1
lust,1
garden,1
pleasent,1
minibook,1
experiencing,1
hondaacura,1
trd,1
fewer,1
racy,1
anxious,1
threat,1
sunroofs,1
youuu,1
595,1
seventies,1
imply,1
wheat,1
ues,1
wprem,1
polluting,1
buttometer,1
bird,1
led,1
leg,1
respectively,1
gathered,1
18100,1
invented,1
involves,1
332,1
2530k,1
50600100motor,1
confidence,1
sadder,1
minvan,1
zip,1
yardstick,1
saabyet,1
labelled,1
4000044000,1
2024000,1
coffin,1
weaker,1
plate,1
slim,1
purposes,1
slit,1
destroying,1
handlinghappy,1
qualitythe,1
premiumsport,1
conceals,1
competeing,1
htmit,1
500520,1
counter,1
allot,1
5cylinders,1
transformation,1
motorcycle,1
z28,1
330xiconsumer,1
chosen,1
degrees,1
instruments,1
2010,1
325xi,1
outlined,1
ship,1
nissaninfinitis,1
wallowing,1
classier,1
peugeout,1
practicalitys,1
onlookers,1
8motor,1
secsfuel,1
openminded,1
static,1
witness,1
arguements,1
populace,1
softly,1
hilarious,1
adaptive,1
temps,1
shud,1
david,1
scare,1
have1,1
opinionsolid,1
blown,1
soothing,1
areh,1
secs0100,1
reference,1
schnitzer,1
interests,1
chagrin,1
vouch,1
rickshaw,1
anyones,1
exs,1
bother,1
steep,1
collecting,1
gently,1
continuedlater,1
smgtype,1
commesurate,1
pur,1
depict,1
mechanism,1
fivespeed,1
719am,1
sophomoric,1
courtesy,1
device,1
7motor,1
placement,1
budgette,1
dba,1
terminate,1
customer146s,1
taps,1
pause,1
jay,1
my2001,1
buttons,1
tude,1
lucky,1
smash,1
hoses,1
taxes,1
dallas,1
comapre,1
ohio,1
wire,1
ends,1
dogging,1
lawsuit,1
restrictions,1
figured,1
aspec060edmunds,1
id1698m,1
bodysetup,1
steeringmotor,1
cg,1
revamp,1
downgrade,1
rougher,1
5433,1
idcar1172002take,1
genetic,1
warmlooking,1
hottest,1
23100,1
valuations,1
asphard,1
cruddy,1
57k,1
atlanta,1
fielding,1
bmwdoug,1
vl,1
conditioning,1
excessively,1
mitigates,1
audi4,1
15067,1
rwdawd,1
urls,1
nationally,1
safetyrelated,1
decisionmaker,1
maintanence,1
php,1
expand,1
discounted,1
monsterous,1
statemnt,1
roomy,1
web,1
generous,1
buffalonews,1
wed,1
transparent,1
combing,1
binnacle,1
defeatable,1
lscadillac,1
haul,1
tick,1
20062008,1
indications,1
underwent,1
vsa,1
vsc,1
transport,1
nonsnowy,1
cd14,1
jagboyxkr,1
blowing,1
desighn,1
gained,1
charachter,1
3840k,1
9799,1
suited,1
commitment,1
2tlacura,1
angularly,1
gx470,1
embarassingly,1
spots,1
heresy,1
troubling,1
accelaration,1
id7597pagenumber3cd,1
funner,1
tossed,1
marquis,1
motorssourced,1
hvac,1
int,1
contribute,1
6498,1
inconcequential,1
renowned,1
lately,1
470,1
excusrion8,1
saves,1
yikes,1
wagon8,1
wagon6,1
spel,1
unitswhat,1
hellofa,1
pinch,1
291,1
chew,1
7tt,1
phones,1
phipps,1
7th,1
machines,1
3wagons,1
established,1
crunch,1
equals,1
pursuit,1
obtained,1
kudos,1
study,1
cogent,1
stressed,1
steptronic,1
gls,1
secure,1
9630,1
majic,1
torque2,1
torque5,1
37000,1
1930s,1
sportshift,1
320i,1
fractions,1
hpbetter,1
meridianthe,1
adamant,1
striving,1
1990,1
1992,1
divorced,1
oxide,1
era,1
camry,1
5top,1
esluxury,1
6cyl,1
validates,1
wholesaling,1
totaled,1
147temperature,1
disappoint,1
horror,1
mapatlas,1
80k,1
fav,1
ultrahigh,1
lay,1
austere,1
rv70r,1
cloaking,1
satisfied,1
finest,1
adolescence,1
equiped,1
vents,1
secondsales,1
welllike,1
net6,1
germanic,1
somme,1
3cic,1
criteriaperformance,1
s44,1
dieselengine,1
39170,1
allseason,1
ickesmobile,1
flock,1
slew,1
16171,1
kit,1
created,1
flawless,1
710ths,1
teh,1
meshed,1
ancd,1
comin,1
electronic,1
northeasterners,1
merc1,1
autmobiles4,1
crunched,1
opting,1
fxs,1
5mt,1
guilt,1
5mb,1
minus,1
navigate,1
transmitions,1
genuine,1
realy,1
hptorque,1
circles,1
outcome,1
involving,1
relilze,1
ee9394d20,1
33990,1
levinson,1
briskly,1
fitted,1
preproduction,1
respectfully,1
subtle,1
puposefully,1
panned,1
deepest,1
comsearchsearchdisplay,1
personality,1
de,1
db,1
dc,1
kinks,1
dp,1
steak,1
observed,1
optimum,1
topgear,1
afloat,1
arcane,1
92,1
packagea,1
downgrades,1
outhttpwww,1
off148,1
disservice,1
downgraded,1
kitchen,1
brembos,1
matrimony,1
210ths,1
pulleys,1
resulttl,1
jays,1
charisma,1
lockup,1
families,1
2426,1
aparent,1
gracious,1
brakingthe,1
formatting,1
aid,1
cylinder,1
exceptionally,1
dumped,1
alerady,1
comratings,1
confirmed,1
th3,1
250000,1
plates,1
fuss,1
outperformed,1
thw,1
humble,1
store148,1
compartments,1
client,1
centres,1
epa,1
indigo,1
octobernovember,1
thankx,1
asmuch,1
yamaha,1
03in,1
occupants,1
hilly,1
marginal,1
emphasis,1
importantance,1
sedan3382,1
security,1
bore,1
unrivaled,1
confusing,1
phenomenal,1
comwsebayisapi,1
posh,1
httpeuroncap,1
ntgas,1
tossable,1
trophy,1
ferraris,1
chaff,1
newspapers,1
hostilities,1
sedancoupe,1
luxorious,1
pineapples,1
dilemma,1
wasting,1
strangely,1
legislation,1
motorweekthats,1
pleasureable,1
rateling,1
showup,1
converse,1
vitality,1
riezyou,1
responding,1
veiled,1
an03,1
nothing14,1
evidence,1
promised,1
japanasia,1
physical,1
servotronic,1
convertiblesroadsters,1
falsely,1
artificially,1
enthused,1
100k6,1
amusement,1
tourings,1
paces,1
switches,1
wellll,1
60to0mph,1
devoted,1
honoring,1
6rear,1
fog,1
quilty,1
sedancoupethe,1
dashstroker,1
oinking,1
blast,1
babys,1
perceived,1
scandinavia,1
presented,1
altering,1
928s,1
arguemnt,1
upper,1
penetrates,1
discover,1
everyone146s,1
purchasers,1
gooidies,1
sharer,1
shared,1
35mpg,1
obsessing,1
1atconsumer,1
sedanthe,1
targtet,1
shootouts,1
sincerely,1
flavors,1
budget04tl,1
wonderfully,1
fuggeda,1
httpenglish,1
brakespecific,1
towers,1
instutition,1
trany,1
incidents,1
methodolgy,1
spy,1
fortunes,1
purity,1
exclude,1
betterin,1
sacrifice,1
southern,1
475leather,1
sayssteering,1
2540k,1
lifting,1
4bmw330imaximum,1
whenever,1
futures,1
bmwlover,1
fourspeed,1
thistl,1
versionxtype,1
displayed,1
managers,1
willow,1
forms,1
nod,1
introduce,1
tails,1
1950,1
unimpressive,1
mpginterior,1
nov,1
hall,1
698560,1
relativemerits,1
calipers,1
jaggy,1
netlibrarystoriestwobags,1
outrageously,1
emunds,1
325xis,1
concerts,1
significantly,1
directing,1
avoided,1
yuppies,1
snowtires,1
communicating,1
lolto,1
147dial,1
showroom,1
receiving,1
viable,1
v6equipped,1
330d,1
restuarant,1
inevitable,1
mathcing,1
altitude,1
blind,1
flying,1
horsepower7,1
powerhandling,1
stattl,1
deadlocked,1
sheer,1
silent,1
categorical,1
satisify,1
showdown,1
uninformed,1
eliminates,1
1pierces,1
appreciated,1
stradale,1
boatlike,1
troublesome,1
correction,1
ecofriendly,1
invalidated,1
bugs,1
13th,1
recover,1
nuances,1
ego,1
similiar,1
nowheel,1
pricy,1
forever,1
orgvehicleratingscehtmlgreymidlux,1
racerlike,1
typically,1
inovation,1
maint,1
discovered,1
stained,1
proportion,1
inventions,1
comarticlein,1
seldom,1
brouchure,1
losers,1
husband,1
staunch,1
clsacura,1
mcdonalds,1
padsrotor,1
equivelant,1
wheel8,1
rephrase,1
justified,1
jacobs,1
analyzes,1
oveall,1
ballpark,1
ssgsmg,1
rocksolid,1
madness,1
voiceif,1
moreover,1
mphtoyota,1
oliver,1
rebuild,1
158,1
sizestylenuances,1
aero,1
betcha,1
countless,1
httpthehollywoo,1
cls6,1
metric,1
commander,1
susp,1
embrace,1
11325,1
stickers,1
kardan,1
10contitouringcontact,1
noble,1
sweeper,1
anecdotal,1
nces,1
breeze,1
cca,1
heaps,1
europeonly,1
valuable,1
civilized,1
compromising,1
euros,1
adventurous,1
struck,1
blingers,1
consumption,1
spectacular,1
wheelbases,1
reat,1
execution,1
4000rpm,1
suppliers,1
conducts,1
downward,1
tirerack,1
twelve,1
exposed,1
resultsacceleration,1
1850,1
enly,1
dealership,1
sixty,1
trackstreet,1
exotics,1
rallycar,1
testimony,1
snooze,1
interior4,1
unreliability,1
curiously,1
2003s,1
patuxent,1
quantitatively,1
es300330,1
abcnews,1
beliefs,1
statesmanlike,1
1200,1
ammenities,1
storage,1
event,1
we146ll,1
60s,1
460,1
tohttpautoweek,1
coverage,1
restored,1
holeinthewall,1
pointing,1
splitting,1
revoke,1
brunettes,1
outperfrom,1
fervor,1
vers,1
personnally,1
etc148,1
develped,1
manages,1
3gtl,1
3250035000,1
affloat,1
renaults,1
horizonatally,1
cues,1
investing,1
equally330,1
toboth,1
4wd,1
losses,1
soldier,1
trainer,1
chunks,1
drippy,1
conventional,1
versionspecific,1
flaws,1
answered,1
comnewsregularnewsarticles75418article,1
sametime,1
lineups,1
allexpense,1
budgets,1
handlings,1
pushes,1
749,1
paymentsbmw,1
climates,1
cows,1
phrase,1
firmly,1
snippet,1
repositioned,1
centimeters,1
fw,1
tries,1
gasp,1
comp,1
lolkdshapiro,1
330ilexus,1
bashing,1
highreliability,1
committed,1
kinetic,1
kardon,1
lateral,1
anotherpost,1
deformation,1
330zhp,1
fool,1
awarding,1
anticipated,1
defrost148,1
flipflop,1
fairs,1
cleaners,1
155only,1
trailer,1
referred,1
deride,1
steered,1
330i176l,1
needdesire,1
equate,1
driveshafts,1
figuring,1
sirmadam,1
bass,1
housed,1
dirt,1
favored,1
ponderous,1
bash,1
perceptible,1
modeltype,1
terribly,1
expecting,1
unaware,1
heartbeat,1
blush,1
probability,1
reflected,1
dominating,1
42perf,1
4new,1
howerver,1
scheme,1
secondszero,1
rsult,1
flattery,1
danny1878,1
hundred,1
excellentsp,1
93volvo,1
alongside,1
experience6,1
substantial,1
imperfect,1
null,1
collisionwise,1
cave,1
lit,1
sponsored,1
alpha,1
approved,1
mobile,1
popularity,1
edmundsing,1
unreasonable,1
hyper,1
phenomenon,1
ringers,1
tmlread,1
paranoid,1
circle,1
strut,1
pretending,1
combinations,1
inhertently,1
fluff,1
hplb,1
grey,1
schizophrenic,1
revolution,1
years3,1
woo,1
notoriously,1
infinitiprestige,1
sforumid34httpwww,1
secrets,1
battery,1
bench,1
linup,1
outbrake,1
describes,1
damm,1
acheives,1
presitge,1
grille,1
recalled,1
pace,1
experience4,1
saab26,1
loop,1
uncompromising,1
reads,1
fwdrwdna,1
baseline,1
belong,1
checking,1
user,1
cyst,1
afficted,1
forms1,1
coup,1
2961,1
technicians,1
reviewed,1
enginesthey,1
assertation,1
sprinter,1
sedated,1
my99,1
remaining,1
evaluate,1
dearly,1
18000,1
excluding,1
submission,1
tl600,1
popular,1
braked,1
trendy,1
delivered,1
conolly,1
145breakin146,1
up148,1
nonlease,1
rug,1
ster,1
trend5,1
hmmmmmctsv,1
flathttpwww,1
shins,1
newcommers,1
shiny,1
nonsense,1
accelearation,1
unbeknownst,1
ributed,1
blueoval,1
stricly,1
235s,1
eons,1
manufacture,1
highreshighmf,1
collapsed,1
injection,1
dull,1
250260,1
ordered,1
corrective,1
forgo,1
recognition,1
4manual,1
ooo,1
outlander,1
calculating,1
smiley,1
factsopinions,1
revamped,1
practically,1
required,1
humiliated,1
literally,1
factually,1
gp,1
gz,1
claimedca,1
proposition,1
gi,1
excludes,1
excluded,1
bmwhttpwww2,1
fond,1
tradeoffs,1
trough,1
positions,1
enforce,1
configurations,1
zf,1
v70,1
rumps,1
boots,1
unimproved,1
sausage,1
soup,1
280290,1
stance,1
commercial,1
z8,1
hasbeen,1
accelerationin,1
chant,1
tlacceleration,1
645,1
0mph,1
dcx,1
danger,1
cloud,1
quanity,1
competors,1
agreeable,1
popped,1
meek,1
averaged,1
handlng,1
kenny,1
sizewise,1
imaging,1
pulling,1
figures6,1
handlingrelated,1
fare,1
farm,1
testarossa,1
advocates,1
comhmmm,1
jna,1
converting,1
is3005,1
walnut,1
slk32,1
nissannews,1
instrumented,1
stout,1
topflite,1
bacouse,1
slide,1
shaking,1
147,1
separating,1
margins,1
fathom,1
strokes,1
boothinge,1
nonstreet,1
depreciating,1
obsess,1
ect,1
jived,1
28795,1
princess,1
rx300,1
wsandbags,1
maths,1
timer,1
keen,1
timed,1
prospective,1
5z350,1
147john,1
bmwboard,1
soso,1
reigned,1
fella,1
comautospiesearticle000214337,1
platformed,1
newstand,1
dyno,1
updating,1
mantra,1
0to60mph,1
bed,1
shill,1
f16,1
lightly,1
plasticky,1
bux,1
constrained,1
rotor,1
postbangle,1
cabforward,1
147go,1
dimming,1
sc,1
connected,1
demise,1
awe,1
cellphone,1
edmundnot,1
landscaping,1
3k4k,1
creamed,1
buildquality,1
holder,1
itwould,1
nitrous,1
bases,1
endless,1
gray,1
evolution,1
nimbleness,1
tuner,1
ttl,1
desperate,1
operated,1
luz,1
horribly,1
skylinegtr,1
unshaven,1
anomoly,1
sole,1
extolling,1
bonneville,1
recessions,1
torquesensitive,1
precious,1
childseat,1
brochurewithout,1
maximize,1
20022003,1
quip,1
gundersteer,1
treat,1
senses,1
releasing,1
sensed,1
937,1
cornering,1
lambo,1
demo,1
reliablewinner,1
bucks,1
becnhmark,1
northwest,1
topoftherange,1
unheardof,1
rightfully,1
appearances,1
effect,1
preteen,1
authors,1
clevland,1
49,1
rearcabin,1
forcedair,1
smoothedout,1
advertised,1
vcrs,1
size3,1
patricia,1
tl3is,1
16339,1
definitive,1
steeringheres,1
munich,1
burden,1
sizes,1
highspeed,1
setups,1
climbers,1
phenomena,1
liking,1
pinpoint,1
automobileswhich,1
demonstrates,1
rewarding,1
merc1other,1
pr,1
naps,1
45,1
tekkie,1
nozzles,1
tweeters,1
incons,1
5080,1
2cl,1
tongue,1
hamhanded,1
h6,1
articulate,1
additions,1
pointless,1
utility,1
portcodeautoweekcatcodereviewscontentcode09870788searchtypestdsearchid609952record2they,1
hk,1
neutral,1
territory,1
outgun,1
nonstraightline,1
erin,1
freeforall,1
additionally,1
5254,1
excxlusive,1
imany,1
2top,1
carerra,1
frankfurt,1
similarity,1
tensile,1
sectionid3article,1
selfserving,1
presents,1
twinturbo,1
sway,1
updated,1
void,1
infniti,1
andretti,1
convenience,1
unrelated,1
heading,1
purposefully,1
plummetted,1
porfolio,1
43695,1
spokesman,1
messanger,1
seventh,1
147call148,1
feeding,1
107,1
interpret,1
105,1
allstar,1
ignoring,1
suitable,1
fantastic,1
bluenobody,1
intensely,1
jackets,1
landscape,1
smoothrevving,1
pulp,1
bumpertobumper,1
stickshift,1
flora,1
movies,1
exceptions,1
akin,1
lure,1
involve,1
loathe,1
aging,1
nightvision,1
badging,1
crosshopping,1
minority,1
replacing,1
330itransmission,1
royce,1
honda14,1
fulfilling,1
maintain,1
hasselhoff,1
deck,1
pothole,1
inconclusive,1
wud,1
suceed,1
betteg,1
misguidedly,1
pleasurable,1
weakness,1
downs,1
offroad,1
downright,1
325ci325xi,1
meat,1
brightness,1
fringes,1
week5,1
forver,1
afforded,1
crit,1
aids,1
quantify,1
1s,1
245,1
model325i,1
sportpackage,1
switchbacks,1
32000,1
longwheelbase,1
happystyling,1
shaggy,1
iss,1
100000,1
loud,1
autosite,1
warped,1
21604,1
ditch,1
struts,1
zeros,1
inferno,1
gambler,1
bits,1
bidded,1
database,1
spoiled,1
guessin,1
mins,1
seek,1
communicative,1
impotent,1
automobiles2,1
automobiles3,1
payloads,1
fortuante,1
overplayed,1
cornfed,1
mitigate,1
doo,1
pinacle,1
dog,1
principle,1
dos,1
selected,1
3topgear,1
retire,1
chartered,1
stepping,1
sneaking,1
nevada,1
northeast,1
precedence,1
salesguy,1
unleashed,1
judged,1
cvt3,1
coast,1
earn,1
bar,1
interuption,1
discs,1
architecture,1
notches,1
testsubaru,1
attest,1
fascinating,1
fluffy,1
vented,1
6,1
sorta,1
rawest,1
shaved,1
lookscheaper,1
sorts,1
lazy,1
ignorance,1
picking,1
maneuvers,1
eyeball,1
sunroofing,1
uni,1
week6,1
hobsons,1
appeared,1
offerings,1
drilled,1
targeting,1
carpoint,1
conjures,1
entered,1
slothlike,1
idol,1
stresses,1
dismiss,1
locations,1
buyin,1
167,1
exctiement,1
38,1
sls,1
ridicule,1
dohc,1
seaters,1
iv,1
shame,1
radiator,1
7200,1
speculating,1
potentially,1
xtype3,1
80s,1
xj8,1
350navigation,1
i4,1
seater3,1
bootspace,1
bettered,1
jealous,1
opportunity,1
sportsedan,1
qualities,1
xjr,1
investments,1
pricewise,1
facto,1
yen,1
yee,1
unfair,1
assigned,1
yep,1
locationif,1
welldeveloped,1
it146s,1
whichever,1
govt,1
hatchback,1
unnecessary,1
vdc,1
understeers,1
atmrest,1
testers,1
notorious,1
www,1
somehow,1
wwd,1
702002,1
bold,1
predicting,1
260horsepower,1
leadfoot,1
1234567890,1
accelaration2,1
3way,1
3year,1
thinner,1
formerly,1
featuresamenities,1
rearview,1
doorsill,1
leathernewcartestdrive,1
errr,1
amazingly,1
approximate,1
whiper,1
fork,1
sub3,1
pakg,1
landing,1
bestbalanced,1
failure,1
147dvd,1
surrender,1
analyst,1
finacee,1
builds,1
pricetag,1
attached,1
classic,1
tarnished,1
shir,1
awhile,1
fourcylinder,1
excel,1
handed,1
vauxhalls,1
misinterpreted,1
2500,1
utilities,1
transfers,1
died,1
enhancers,1
250k,1
premiums,1
profits,1
tuners,1
manager,1
seller,1
skid,1
suicide,1
foursquare,1
marks,1
string,1
madza,1
mpgcdobserved,1
snowsprayed,1
millenia,1
1997,1
nismos,1
signin,1
item,1
excellence,1
round,1
measurable,1
chuckhole,1
majors,1
addl,1
filled,1
transportation,1
french,1
preferrable,1
detest,1
earthquake,1
4car,1
outhandles,1
cuckoo,1
institute,1
bruises,1
bow,1
priceless,1
methodolody,1
bruised,1
iand,1
teenage,1
sharper,1
insider,1
ahhh,1
intramarque,1
nozzle,1
outweighs,1
satnav,1
5non,1
fly,1
avoiding,1
friendsfam,1
hubris,1
idcar1172002it,1
6cylinder,1
deceased,1
predict,1
drawer,1
1062004,1
tilt,1
sedan146,1
pine,1
imports,1
nyc,1
map,1
149,1
900se,1
membership,1
neck,1
borrowing,1
switch,1
quantifiable,1
nect,1
shoes,1
undoing,1
cuts,1
argued,1
5demotorweek350z5,1
fullsize,1
maid,1
ributing,1
brainer,1
views,1
omakase,1
touching,1
corparate,1
consmany,1
jaguarites,1
crosscompare,1
preaching,1
fingertips,1
aloof,1
advancesolomon,1
undulate,1
readilyavailable,1
stupid,1
autospies,1
ort,1
pumping,1
spiel,1
85glane,1
entryluxury,1
watts,1
consdealer,1
communicated,1
nuff,1
pleasant,1
waited,1
reliabillity,1
couperoadtrack,1
lookdesign,1
jagxboytype,1
cheesy,1
category4672now,1
1w,1
250cc,1
1i,1
1k,1
0rn,1
accurately,1
buts,1
probrit,1
butt,1
600feet,1
undoubtedly,1
protected,1
keywordsallinmsgtext20limit,1
tractor,1
20s,1
lick,1
thrashy,1
mundane,1
defecting,1
cts6,1
handlingof,1
acumen,1
funtodrive,1
trace,1
208,1
incidence,1
voodoo,1
tortional,1
doesntt,1
midto,1
japanesse,1
threshold,1
fend,1
2526,1
roadandtrack,1
nickels,1
travesty,1
enthusiasm,1
stomp,1
unimportant,1
ia2the,1
bearings,1
litup,1
seriesluxury,1
ence,1
declared,1
comforums,1
honesty,1
contisportcontact,1
stigma,1
ency,1
snorted,1
magagemnt,1
infrastructure,1
03ls8,1
betwee,1
snowbelt,1
dates,1
contol,1
trades,1
nomenclature,1
dated,1
holders,1
acccord,1
infiniti13,1
disciplinary,1
sensible,1
110s,1
judging,1
borders,1
mary,1
wake,1
g20s,1
hardcore,1
g20t,1
stacked,1
cvtgasp,1
giugiaroitaldesign,1
obnoxious,1
everyday,1
pat,1
pad,1
whomps,1
stepped,1
pan,1
pummelling,1
weave,1
markup,1
roughly,1
sportsmanlike,1
manwoman,1
solve,1
adjustments,1
lebaron,1
reputable,1
240horsepower,1
youbridgestone,1
1275allow,1
facing,1
passionate,1
niceties,1
afflict,1
draw,1
dole,1
claustrophobic,1
tlsno,1
finlay,1
notable,1
broker,1
pockets,1
mixed,1
engineholds,1
blessed,1
horseshoeshaped,1
strip,1
upengined,1
movva,1
feet330,1
rebadged,1
chats,1
fanatic,1
acre,1
strawberry,1
dipietro600,1
540545,1
allentown,1
tltransmission,1
equitable,1
barometers,1
rebutting,1
unload,1
bmw16,1
driver5,1
bmw11,1
bmw12,1
suspensionstability,1
3922,1
resiudual,1
mpgand,1
hooks,1
headscratcher,1
hideous,1
145tag,1
mothers,1
applicable,1
thatthe,1
20th,1
grabs,1
200240,1
preposterous,1
fiveseat,1
dial,1
ccoupe,1
dishevled,1
wrecked,1
90k,1
5000,1
benes,1
threads,1
toppers,1
table,1
publishes,1
903,1
900,1
zeroforum,1
diffa,1
narrow,1
lumbartilt,1
caravan,1
nothings,1
elsethe,1
wiped,1
destination,1
line146,1
jive,1
mankind,1
lemons,1
usedcpo,1
cluster,1
sucks,1
nonu,1
jim148,1
taut,1
dec,1
purchaser,1
salesmen,1
correctness,1
socal,1
minimum,1
csl,1
awkward,1
lousy,1
acts,1
147l,1
venting,1
stir,1
tangibles,1
petite,1
doubts,1
pininfarina,1
44949,1
crowded,1
6spd,1
eats,1
perlitre,1
deserted,1
cdplayer,1
imprtant,1
radar,1
industrial,1
percieved,1
noticing,1
prejudices,1
featuresxenon,1
viewers,1
pc9,1
micro,1
habits,1
2coupe,1
2m,1
repeating,1
wishnhigh1,1
saloons,1
delicious,1
energy,1
engaging,1
print,1
giorgetto,1
winout,1
pathetic,1
mmm,1
needing,1
reinforced,1
eventhou,1
cfm,1
vibrate,1
186,1
86g,1
catapult,1
mentality,1
muscled,1
akar,1
tamest,1
18k,1
headers,1
2026,1
contrary,1
145performance,1
declare,1
swerve,1
ditches,1
ages,1
aged,1
medians,1
conspicuously,1
comps,1
charm,1
fluctuate,1
weigh,1
wailing,1
scattered,1
carefully,1
headlines,1
22but,1
unhappy,1
idiots,1
recordsetting,1
prowess,1
highend,1
ferret,1
courage,1
qbrozen,1
motorcycles,1
doubled,1
doubles,1
tended,1
autoopening,1
lowish,1
11th,1
crashtest,1
myriad,1
prosgreat,1
propellor,1
aircraft,1
floaty,1
luxurylook,1
floats,1
19992003,1
frayedworn,1
tightens,1
httpgermancarfans,1
dances,1
raise,1
contisportcontacts,1
prefacelifted,1
meeting,1
gay,1
pricey,1
7hs40175,1
chatter,1
ralphfirman,1
960,1
outperforms,1
bill,1
cents,1
encountered,1
147what,1
offer03i35max,1
factorfun,1
roadfrankly,1
home148,1
benign,1
emphasize,1
development,1
secsan,1
reversion,1
330ibase,1
h35,1
aggregate,1
tugs,1
salvation,1
redesigned,1
hardwoods,1
blutooth,1
antly,1
ceo,1
effortattention,1
backpressure,1
nardo,1
letting,1
realiable,1
dependability,1
turningin,1
coverup,1
knock,1
miffed,1
borrows,1
accelerations,1
pointwise,1
1416,1
google,1
snowmode,1
lastest,1
alldisc,1
featuresc240,1
candle,1
30f,1
commain,1
sectionid33article,1
derigueur,1
couseling,1
continuing,1
virtues,1
goody,1
immediacy,1
anyconfussion,1
tlprice,1
mb230,1
delusional,1
grave,1
doctored,1
carburetors,1
boys,1
testdrive,1
directed,1
riezrx330,1
unbeleivable,1
whenit,1
constant,1
secsabove,1
dragging,1
centsspeed,1
swamp,1
200k,1
vehicle2,1
pails,1
accounted,1
favourite,1
leno,1
prepared,1
sountrack,1
neednt,1
desert,1
freeways,1
shortsjeans,1
wards,1
implied,1
presenting,1
2008,1
extensively,1
mbusa,1
glases,1
pleasing,1
carman,1
solutions,1
unsatisfied,1
secs14,1
crop,1
330xi,1
edison,1
formats,1
dowdy,1
paddle,1
access,1
xxoneputtxx,1
3g,1
nitpick,1
beasts,1
spacing,1
drivetrainwhat,1
sprung,1
objects,1
powertoweight,1
sing,1
bode,1
39,1
rayoff,1
34,1
weekday,1
honor,1
lickings,1
blizzard,1
lexis,1
determining,1
readable,1
hammered,1
trail,1
bmwaudiinfinitycarman,1
4am,1
cylon,1
subscription,1
fwd04,1
hyndia,1
praise,1
requirments,1
effectively,1
washin,1
hampshire,1
2tenths,1
profile,1
sir,1
specifications,1
highs,1
3540k,1
multiplication,1
fiats,1
lined,1
1011k,1
institutional,1
meter,1
500sport,1
le,1
outperformns,1
resorting,1
negotiates,1
motorweek,1
denigrate,1
cutting,1
warned,1
tues,1
allaround,1
satisified,1
rescources,1
33000,1
constraints,1
58k,1
wholly,1
performance060,1
socalled,1
dawned,1
dissapeared,1
payroll,1
bwm,1
quo,1
extracost,1
vahicles,1
comclassifiedautomotivehighway1lahyacura11sep11,1
reaches,1
reached,1
sadly,1
financing7,1
laps,1
8595,1
8590,1
defensively,1
explanation,1
acquire,1
adjusts,1
11237,1
glamorous,1
flashed,1
lover,1
fluctuation,1
unlikely,1
throat,1
congrats,1
incentive,1
320,1
hevay,1
sprts,1
fullcolor,1
enthusiastic,1
absurd,1
occasion,1
selection,1
sharpedged,1
reputation5,1
reputation6,1
portfolio,1
controls,1
lambro,1
photographs,1
24190,1
latimes,1
unbeatable,1
bear,1
aforementioned,1
timing,1
unprejudiced,1
133,1
mphbraking700,1
intersting,1
calling,1
cachet,1
137,1
enhances,1
untrue,1
racked,1
national,1
groggy,1
contitouringcontacts,1
17700,1
comforumforumdisplay,1
caddylac,1
phased,1
andvibratory,1
20032004,1
reproduced,1
intelligensia,1
toting,1
platfroms,1
maranello,1
exclaim,1
asss,1
fester,1
jim148if,1
turanzas,1
ad,1
tremendous,1
outliers,1
arises,1
cop,1
essentially,1
ridden,1
entrepreneurial,1
morereliability,1
manually,1
1200weather,1
comparibly,1
subdriven,1
doordie,1
slammed,1
garish,1
aking,1
retard,1
center,1
318i,1
muscle,1
cj7,1
stores,1
underlying,1
prosfun,1
fwdrx330,1
sportssedan,1
mathematically,1
280,1
dbafullthrottle,1
elapsed,1
seat8,1
displaced,1
differentinterior,1
admitted,1
eaweg,1
carunless,1
navequipped,1
mileage15,1
enginechris,1
poseurs,1
aesthetically,1
economical,1
thinly,1
longitudally,1
edging,1
bills,1
certainty,1
evoke,1
tome,1
50to70,1
lightyears,1
1986,1
1987,1
1982,1
jumpjet,1
1980,1
1981,1
buckle,1
1988,1
ivory,1
absolutily,1
recallfix,1
567,1
repeated,1
partially,1
tastes,1
penetrating,1
pie,1
shooting,1
roadstyling,1
44,1
claiming,1
surreal,1
handcrafted,1
shouldve,1
bundle,1
semis,1
340350,1
thumping,1
400lbs,1
comnewsautoshowsarticles100537page021,1
yell,1
4c,1
8th,1
speedchannel,1
sleep,1
introd,1
xenons,1
fitfinish,1
paris,1
cushy,1
s55,1
340,1
pride,1
tuaras,1
496mo100,1
conjecture,1
nonpremium,1
guidelines,1
dyno146,1
shtmlthis,1
2lane,1
specification,1
revolves,1
hids,1
conduct,1
supplies,1
tcstraction,1
stared,1
studio,1
6disc,1
property,1
luggage,1
analysts,1
nonsti,1
jaguarford,1
tail,1
discrepancies,1
noting,1
m1,1
preview,1
33180,1
slaughtered,1
wayother,1
178skidpad,1
muss,1
timex,1
tremendously,1
mv,1
mp,1
mr,1
sr72,1
loosen,1
mayhem,1
magnificient,1
ium,1
looser,1
guarantee,1
gate,1
actuality,1
badly,1
imaginable,1
befor,1
acuralexusjag,1
complexity,1
threelitre,1
casted,1
underside,1
oven,1
digest,1
denizens,1
iowa,1
rental,1
egressing,1
filling,1
pompadours,1
rs4,1
hanged,1
considerbmw,1
5speeds,1
revisions,1
nits,1
es300popularityconsumer,1
singledisc,1
prosstyling,1
chiao,1
moonsun,1
researches,1
restrict,1
fantasy,1
philosophical,1
550600,1
fiction,1
worksto,1
tool,1
serve,1
drool,1
brushed,1
importheaven,1
reclining,1
220bhp,1
immigrants,1
fairest,1
flame,1
bridge,1
fashion,1
largerdisplacement,1
snot,1
yucks,1
hatch,1
snob,1
harped,1
abovehttpeuroncap,1
sethe,1
opted,1
kshapiro,1
100mph,1
metal,1
swerved,1
entertaining,1
700auto,1
overpriced,1
contacted,1
labels,1
colors,1
earth,1
saabs,1
knuckle,1
oct,1
borrowed,1
babysome,1
criticized,1
boxster,1
lighterweight,1
54k,1
shots,1
3bhp,1
nut,1
submitted,1
platfrom,1
approach,1
drivin,1
bargains,1
blaster,1
incarnation,1
fugly,1
36k,1
beeps,1
merging,1
games,1
faces,1
operating,1
merc1go,1
betting,1
subscribing,1
acurahonda,1
handeling,1
threecar,1
were1,1
confident,1
belongs,1
bleratio,1
intertia,1
catbacks,1
chicagoautoshow,1
70000,1
dept,1
dashboard,1
accelating,1
kdshapiroyou,1
expenses,1
coupea,1
offroading,1
arbitrarily,1
beside,1
inventory,1
screw,1
2500027500,1
peaky,1
suburb,1
unyielding,1
blueguydotcomi,1
cycle,1
mentioning,1
shortly,1
lcd,1
savings,1
greatest,1
spencer,1
leagues,1
departed,1
es300s,1
grades,1
completed,1
modulate,1
secsengine,1
5w,1
overemphasize,1
technological,1
pitiful,1
merc1the,1
bands,1
cultural,1
appearing,1
53,1
informative,1
overrated,1
arbitrary,1
gacura,1
destroyedi,1
record325i,1
clubs,1
cooper,1
mpgpredicted,1
ear,1
alg1,1
whiel,1
surround,1
misleading,1
efforts,1
primitive,1
sizespace,1
bath,1
ahp,1
intitial,1
5star,1
transform,1
flatter,1
extrememly,1
questionable,1
factoror,1
portions,1
orgvehicleratingscehtml0210,1
wiper,1
42000,1
trio,1
vsavehicle,1
shines,1
benchmarklexus,1
nj,1
sportluxury,1
whew,1
papers,1
unbalanced,1
sink,1
wisecracked,1
roadtest,1
spanked,1
stacks,1
neighbors,1
location148,1
rom,1
entrylux,1
chassisrelated,1
familiesmazda,1
contemplating,1
environment,1
goodyear,1
jdm,1
evothe,1
sloppy,1
3333,1
wallets,1
roving,1
reflash,1
clouds,1
yall,1
tougher,1
tarmac,1
reply,1
entertain,1
tallying,1
thirty,1
earned,1
descended,1
king,1
crxs,1
nmac,1
prem,1
handler,1
australian,1
chocolate,1
225hp,1
articleid25933,1
ahve,1
hynduia,1
pumeling,1
slightest,1
usability,1
millionaires,1
stroke,1
secscar,1
counting,1
minivans,1
alway,1
bmw5,1
endorsement,1
speaks,1
enginetiming,1
crashed,1
1231pm,1
unitscadillac,1
127,1
mainly,1
opinionsoft,1
gta,1
spotonsteering,1
gtg,1
pervade,1
platforf,1
qualifies,1
moms,1
processes,1
pn156,1
underneath,1
nurburgring,1
outcastby,1
allrounder,1
influenceacura,1
possibilities,1
dzuba,1
availble,1
weighted,1
whiplash,1
catching,1
2004motor,1
plans,1
512tr,1
profit,1
attracted,1
100s,1
attended,1
pandemic,1
motion,1
truer,1
wispers,1
circa,1
season,1
quirky,1
copy,1
chintzy,1
wide,1
is300infiniti,1
require,1
cards,1
mariner,1
dissapointed,1
usefulness,1
anygiven,1
pro,1
hondabuilt,1
iihss,1
generalization,1
stiffest,1
mates,1
cupholder,1
tecnology7,1
ideas,1
ideal,1
levelidle,1
urge,1
article6866sid173am,1
sohc,1
sculpted,1
drastically,1
atually,1
dealerships,1
dll,1
believing,1
centrally,1
viewpoint,1
allotted,1
sortta,1
tailor,1
flicks,1
allout,1
topnotch,1
predicted,1
rmp,1
3278,1
fails,1
subsequent,1
amen,1
amenities4,1
wouldve,1
notleather,1
rumours,1
originated,1
fearless,1
rapidly,1
relaxedand,1
5070tl,1
6speeds,1
stateoftheart,1
afterwards,1
color,1
pot,1
69,1
pod,1
poll,1
polk,1
blend,1
507,1
featuring,1
paraphrasing,1
tasteless,1
6l,1
irrelevant,1
spirit,1
8conclusion,1
saabfor,1
makemodel,1
eawegmy,1
drive6,1
clutter,1
lexuslexi,1
events,1
1993dodge,1
disadvantages,1
240hp,1
mutha,1
producers,1
persons,1
decently,1
footprint,1
perennial,1
1505036,1
offensively,1
actions,1
polish,1
similiarly,1
tailout,1
that10k,1
widest,1
rose,1
flashing,1
ross,1
perfmance,1
confines,1
4565,1
styled,1
loaner,1
1800xenon,1
patrick,1
oddly,1
sanity,1
outpaces,1
300400,1
deduct,1
subsidize,1
snatched,1
outpaced,1
mood,1
moon,1
6065,1
moot,1
provider,1
slaughter,1
miles5,1
embarassing,1
2h,1
inviting,1
discusses,1
amber,1
communication,1
speculated,1
theoretically,1
24000,1
equates,1
strict,1
droptop,1
usedcar,1
thers,1
0autoconsumer,1
fundamentals,1
5347,1
applying,1
1020,1
offical,1
morimotos,1
telescopic,1
cringed,1
jagboyxtypeyou,1
farther,1
33k330i,1
narrowing,1
4s97mph,1
protectedthanks,1
championship,1
others325i,1
bullets,1
brass,1
psychology,1
bestrule,1
420450,1
stlye,1
alg,1
intagibles,1
facelifts,1
siblings,1
presentation,1
fas,1
grinds,1
cloggeds,1
ical,1
fam,1
gearbox,1
leads,1
92000,1
8is300,1
flick,1
tek,1
ten,1
tea,1
translating,1
ateesa,1
is300cost,1
stunning,1
intersect,1
guns,1
segmentation,1
toes,1
similarhandling,1
handsfreelink,1
directions,1
hightech,1
esspecally,1
comeditorial200209141036070,1
bodes,1
proxy,1
thankfully,1
pkgbmwboard,1
340hp,1
jokethey,1
appliances,1
shopppers,1
nontraffic,1
europeanfor,1
rearended,1
horses,1
bumped,1
33600,1
40ksome,1
debater,1
156they,1
challenging,1
brown,1
pond,1
goal,1
occasionally,1
speeding,1
explains,1
tuition,1
sandwich,1
emulate,1
ummmmmmm,1
idlargefamily,1
susan,1
awders,1
shore,1
specifying,1
usaspec,1
began,1
proverbial,1
flaunt,1
orgvehicleratingscehtmlsummarymidlux,1
glide,1
resort,1
soccer,1
invstment,1
5625330i,1
hunter,1
kahuna,1
snowboarders,1
mastercard,1
malfunction,1
patsorry,1
colder,1
comroadtestssedan1120208sedanin,1
inflated,1
bellicose,1
hill,1
tlvalue,1
fiber,1
friday,1
generate,1
circuit,1
zeroto60mph,1
throws,1
ding,1
relate,1
underpants15,1
dint,1
financed,1
rails,1
110ths,1
6040,1
finances,1
store,1
gps,1
understeeroversteer,1
albeit,1
6ton,1
harman,1
dang,1
roadholding,1
7l,1
7i,1
7h,1
7w,1
awdis300,1
vaultnice,1
warnings,1
react,1
76,1
78,1
undulations,1
notch,1
stones,1
wayside,1
rts,1
doesn146t,1
starters,1
45235this,1
comzerothread,1
manualnash,1
93se,1
revered,1
thereabouts,1
feals,1
snowstorm,1
forego,1
dumb,1
aribtrarily,1
4speed,1
arm,1
mechanically,1
f22,1
consecutive,1
ings,1
creating,1
riezs,1
treated,1
puleeeeze,1
reside,1
flies,1
guts,1
250bhp,1
revving,1
manifacturer,1
duh,1
startling,1
overlook,1
political,1
dug,1
pk,1
refered,1
flight,1
1950s,1
pond04cts,1
pedals,1
paltform,1
4687,1
advocating,1
batch,1
evaluated,1
2100,1
credence,1
leans,1
styl,1
52k,1
lengthy,1
shirt,1
peoples,1
viewitemitem3079057375,1
crushed,1
datadry,1
cheef,1
cheek,1
bounces,1
6070k,1
bounced,1
chosing,1
ergonomic,1
loading,1
workers,1
760i,1
crushable,1
synthesising,1
brit,1
essential,1
smallish,1
anni,1
prog,1
beltradiator,1
detuned,1
compo,1
consolation,1
902,1
powerplants,1
asserting,1
firing,1
hatred,1
credible,1
fleets,1
fullyloaded,1
delema,1
5941,1
whoopdedos,1
etci,1
lexi,1
330i2,1
commodeltltlspecresults,1
sooped,1
plunge,1
xtypehttpeuroncap,1
repeatedly,1
delta,1
330id,1
social,1
growth,1
330ix,1
fried,1
29521s,1
steeped,1
associates,1
10mph,1
5and,1
cadillac3,1
allowing,1
10000cdn,1
departments,1
attacking,1
scroll,1
325cic,1
2car,1
windy,1
14,1
infatuation,1
instantaneous,1
stable,1
rag,1
wished,1
714,1
engineered,1
710,1
competiton,1
secondmostexpensivecar,1
drinking,1
dealt,1
concluded,1
someday,1
fold,1
unavailable,1
labeled,1
sexy,1
23545,1
mclaren,1
affordable,1
heart,1
httpthecarconnection,1
apt,1
tiresfelt,1
summation,1
apply,1
modicum,1
weeping,1
attribute,1
dreams,1
subsidies,1
clever,1
inclined,1
equity,1
dvdbased,1
frontdriver,1
thwack,1
nonmanual,1
performed,1
tar,1
geocities,1
tad,1
cambio,1
fortunate,1
brian,1
struggled,1
tension,1
attend,1
onevalue,1
tact,1
atnear,1
budge,1
dispositions,1
crawling,1
beauties,1
stamped,1
elit,1
wawd,1
131,1
wawa,1
defaukt,1
priciples,1
shipo,1
orange,1
bye,1
crowds,1
contention,1
material,1
enviable,1
dominance,1
trap,1
articlei,1
87,1
relavance,1
chaos,1
transcend,1
hmmmmm,1
8i,1
phrases,1
spening,1
600sec,1
phrased,1
salient,1
unknown,1
v40,1
headandshoulders,1
650,1
rigs,1
misunderstood,1
reversed,1
wrok,1
frugal,1
clip,1
kilingers,1
19931997,1
147phone,1
linked,1
angle,1
endallbeall,1
divert,1
blueguydotcoms,1
comute,1
goals,1
feal,1
one4,1
hartage,1
feat,1
versionnoticed,1
ha,1
combo,1
lowreslowmf,1
combe,1
outsell,1
spun,1
sued,1
7393,1
qs,1
temp,1
belts,1
600k,1
inventive,1
9095,1
3standing,1
exper,1
troucning,1
driveokay,1
genius,1
iteriorhere,1
rouges,1
weighing,1
joy,1
amenities6,1
imakenews,1
joe,1
withstanding,1
underhood,1
allwheeldriveaudi,1
rucatalogtoyotaaltezza199810photoyour,1
grail,1
bronx,1
clogged,1
safely,1
changersatellite,1
wankle,1
kominsky,1
numbers6,1
walk,1
worldly,1
narrowed,1
5obs,1
outhandling,1
intermarque,1
730,1
on148,1
mike,1
pkgconsumer,1
inbound,1
thrusting,1
twinge,1
crappy,1
ensuring,1
hovering,1
facililty,1
lightweight,1
qualityluxury,1
paperbag,1
member,1
romeo,1
beast,1
mirrordrive,1
autotesting,1
downpayment,1
enamored,1
secs100,1
theses,1
bending,1
excessive,1
rocket,1
mfg,1
identically,1
yesterdays,1
tco,1
smith,1
discuss,1
cominfinitiinfiniti,1
attractive,1
ski,1
closeratio,1
presume,1
intrigues,1
ahem,1
neighboors,1
perpetual,1
loser,1
vortex,1
wonders,1
rollsroyce,1
117,1
111,1
147if,1
14th,1
ripped,1
disc148,1
60mph,1
comepitition,1
4manualconsumer,1
pike,1
extension,1
shipping,1
7the,1
147down148,1
finaltl,1
327acre,1
evryone,1
trunks,1
promise,1
fired,1
appt,1
funds,1
car7,1
granny,1
squeeze,1
honetsly,1
contitouringcontact,1
gaps,1
inadequate,1
meaningless,1
35895,1
tourer,1
3300,1
fthandlingroadholding,1
contacting,1
june,1
basement,1
coupling,1
sqeaks,1
