dummy,binary,post_caption
dummy,1,"join life is about sustainability, about taking care of the planet.join us to learn more about join life at zara.com"
dummy,0,this is #collection. garments produced using the best sustainable processes and raw materials. do you want to join us? check editorial online and in-stores
dummy,0,"add a bit of sparkle to your night out | check total look at our party wear editorial, night out"
dummy,0,night out | party season is coming. velvet and sequins are the perfect choice. check our new woman editorial for some inspiration
dummy,1,shine bright with this metallic blazer clothing from our latest woman editorial | all you need for your nights out. thank you @graciehartzel
dummy,1,from funk and disco to clothinged-up casual wear | this is a step to your new routine #zaracollection new editorial
dummy,0,"this is my new routine, clothinged up casual wear | checkcollection new editorial #zaracollection"
dummy,1,"roll with it | volume, energy, attitude. a special collection for special nights."
dummy,0,"roll with it collection | an attitude that's real & undiluted, instantly recognizable and always individual. stepped up tempos and loud guitars mixed with the spirit of 70s cool #collection"
dummy,1,the hoodie sweater | new knit trends forseasonseason
dummy,1,meet the fringedclothing | new editorial presenting knit trends #collection
dummy,0,time for knit trends | the ribbed look: sweater + clothing. new editorial. thank you @andreeadiddy #collection
dummy,0,comfy | girls editorial. simple and cozy. check knotclothing and ribbed leggings
dummy,0,comfy | girls editorial. simple and cozy. check bow clothing & grey cardigan
dummy,1,comfy | girl editorial. simple and cozy garments. special collection.
dummy,1,midtown warm-up | new woman editorial now available. thank you @myrthebolt_
dummy,0,midtown warm-up | seasonal teddy-texture mixed with nostalgic floral print midi clothinges.
dummy,1,"mid-town warm up | a story inspired by a modern take on retro classics based on textures of shearlingclothings, teddy texture patterned tights & kitten heels. thank yoy @cara_taylorrr #collection"
dummy,0,this is #collection | palazzoclothing 8473/802
dummy,0,this is #collection | cashmere roll neck sweater 6873/176
dummy,1,"join life | natural farmingecologically grown cotton is farmed using natural fertilizers or pesticides. this process is water-friendly and reduces the co2 emissions, helping us to prevent the climate change."
dummy,1,"join life | organic cottonorganically or ecologically grown cotton is farmed in a way that respects the environment, biodiversity and the people who farm it."
dummy,1,"join life | baby girl sustainable collection.under the label #collection, we categorise all garments that have been produced using the best sustainable processes and raw materials"
dummy,1,lights galore |collection editorial. thank you @marjanjonkman
dummy,0,lights galore icollection editorial. thank you @marjanjonkman
dummy,1,a forest ride | kids editorial
dummy,1,a forest ride | editorial for kids
dummy,1,a forest ride | new editorial for kids
dummy,1,smooth textures | woman editorial. thank you @ediebcampbell
dummy,1,smooth textures | woman editorial. thank you @ediebcampbell
dummy,0,"a mix of wools, shape and proportion | man editorialseason tones. thank you @iohma"
dummy,0,contemporary classics inseasonal tones | man editorial. thank you @iohma
dummy,1,mini capsule collection
dummy,1,mini capsule collection
dummy,1,mini capsule collection
dummy,0,collection pufferclothing collection
dummy,1,the new puffers are here!
dummy,0,join the puffy trend! newcollection editorial
dummy,0,woman studio collection | coming soon #collection @kirindejonckheere @amandagooge
dummy,1,woman studio collection | coming soon #collection @kirindejonckheere
dummy,0,woman studio collection | coming soon #collection @lex.herl @amandagooge
dummy,0,this is #collection | red checkedclothing
dummy,1,trick or treat? the masks | new editorial for kids
dummy,1,in the mood of halloween? the masks | new editorial for kids
dummy,0,booo! the masks | new kids editorial
dummy,0,"dear india, discover & shop the weekly new-in now at zara.com. #dearindiathank you @urvashi_umrao photographed by @thebadlydrawnboy"
dummy,0,"dear india, shop the latestseason collection now online.#dearindiathank you @nsfwsaket & @nitigyasingh photographed by @thebadlydrawnboy"
dummy,0,"dear india, shop online is now available. thank you @urvashi_umrao photographed by @thebadlydrawnboy"
dummy,1,iconic blazers | the checkedclothing 8303/610
dummy,0,iconic blazers | contrasting faux fur blazer 4391/221
dummy,1,iconic blazers | pink wool blazer ref 8027/813 thank you @kdhwillems
dummy,1,pearly beret 3920/244
dummy,0,textured neckerchief with ribbon and faux pearls 0247/249
dummy,0,"good times | featuring prints, velvet and satin. special suits for special events. and party! thank you @brodiescottt"
dummy,0,"clothing up and let_s groove. good times, new editorial for man. thank you @oliverkumbi"
dummy,1,this is a collaboration with eight families from different countries worldwide. each family has shared with us some pictures of their kid while they were wearing pajamas | life is better in pyjamas
dummy,1,is there anything better than a sleeping child? this is a collaboration with eight families from different countries worldwide. each family has shared with us some pictures of their kids while they were wearing pyjamas.
dummy,1,life is better in pyjamas | this is a collaboration with eight families from different countries worldwide. each family has shared with us some pictures of their kids while they were wearing pyjamas.
dummy,0,retro fiction | polished and sophisticated looks with standard patterns
dummy,0,next destination: the west | an approach to the classic mood of rodeo.collection
dummy,0,"go rodeo | thiscollection editorial is a mix of blouses and clothinges in plaids and florals, heavyclothing,clothing, wideclothing and midi clothings."
dummy,0,let_s rock the western trend | go rodeo! newcollection editorial. thank you @kirindejonckheere & @ansolet_rossouw
dummy,0,neutrals. style notes. updated outerwear | wear your classicclothing over yourclothingclothing. thank you @davidtrulik
dummy,0,"neutrals, style notes | combine your twill suitclothing with your suedeclothing for a cool and contemporary aesthetic. thank you @davidtrulik"
dummy,0,checkedclothings never get old | urban beats. new editorial
dummy,1,"the quiltedclothing | high neck, long sleeves, front piped pockets, metal eyelet detail with contrasting ribbons and contrasting lining. urban beats | new editorial"
dummy,0,short faux leatherclothing + shiny checkedclothing + faux leather mini clothing | it's urban beats! thank you @jean_campbell
dummy,1,season vibes | new baby editorial
dummy,1,dungaree and cosy baggyclothing |season vibes. baby editorial
dummy,1,brothers and sisters inseason vibes. new baby editorial
dummy,0,urban and cosy |season vibes in new boy capsule collection
dummy,1,cosy boy capsule collection | marble print sweatclothing collection
dummy,1,walking the dog | boy capsule collection now available
dummy,1,"this isclothing. a vary of washes, tones, shapes and styles allow it to be completely accesible whilst continually being renewed . thank you @samuel_worthen"
dummy,0,this isclothing | you_ll never have enough ofclothing | new man editorial
dummy,0,a classic wardrobe mainstay for over 50 years and still more relevant than ever.clothing is still a staple for both the stylish & relaxed clothinger. thank you @andreassandby
dummy,1,playing outdoors | baby boy capsule collection
dummy,1,baby boy capsule collection. in the great nature
dummy,1,let's go into the forest! baby boy capsule collection
dummy,1,floral prints meet plain colors in new woman editorial | 70's mood
dummy,0,contemporary approach to 70's floral patterns | new woman editorial now available
dummy,1,throwback thursday | it's 70's inspired! woman editorial. thank you @giedre.dukauskaite
dummy,0,"l.a.,1958. croppedclothing, leatherclothings and white t-clothings: a uniform. man editorial | the pieces."
dummy,1,"rome, 1962. sharp tailoring, modern silhouettes with a keen focus on detail and prints. new man editorial | the pieces"
dummy,0,the best match onclothing is moreclothing |collection editorial
dummy,0,meet #clothing with @londonemyers in newcollection editorial. now available
dummy,0,"hey kids, let's go back to school | new editorial now available"
dummy,0,it's time to go back to school! the new editorial for kids is now available
dummy,0,the trench edit | several different ways to wear a trench. the punky look
dummy,0,the trench edit | several different ways to wear a trench. the casual look. thank you @juliehoomans
dummy,0,the trench edit | from the casual to the feminine chic look. several different ways to wear a trench. thank you @marjanjonkman
dummy,1,september is coming | back to work. monday-to-friday keys forseasonseason 2017 #editorial #collection thank you @riannevanrompaey
dummy,0,join life man sustainable editorial #season | renewable energies or reusing resources like water can help us produce garments in an eco-efficient way #collection #collection #editorial
dummy,0,join life man sustainable editorial #season | the combination of recycled materials and raw materials such us organic cotton or tencelî helps us to reduce our impact and take care of the environment #collection #collection #editorial
dummy,0,join life man sustainable editorial #season | processes and materials that help us to take care of the environment #collection #collection #editorial thank you @frederikruegger
dummy,0,uclothingia | key trends forseasonseason 2017. woman editorial #editorial #collection thank you @selenaforrest
dummy,0,uclothingia | key trends forseasonseason 2017. woman editorial #editorial #collection thank you @selenaforrest
dummy,0,uclothingia | key trends forseasonseason 2017. woman editorial #editorial #collection thank you @selenaforrest
dummy,1,"the new flamboyant | nomad, new woman editorial #collection #editorial"
dummy,1,opulent textures in the new woman editorial | nomad is now available online and in-stores #collection #editorial
dummy,1,good vibes only | baby girl capsule collection #collection
dummy,1,cozy jumpsuit for funny afternoons | baby girl capsule collection #collection
dummy,1,it_s fun outside | new baby girl capsule collection #collection #editorial
dummy,1,discover the newcollection editorial | mixed textures. thank you @michelle_gtk #zaracollection #editorial
dummy,0,let_s play with mixed texture | newcollection editorial #zaracollection thank you @manuela_sanchez__
dummy,1,find your seat and get ready for the movie to start. all eyes on the big screen! #collection
dummy,1,"buy your tickets for a movie, and don_t forget your popcorn | girls editorial #collection"
dummy,0,call your friends and meet them at the cinema | new editorial for girls #collection
dummy,0,outerwear | 3. the blazer 8033/693 thank you @ezrapetronio
dummy,0,outerwear | 1. the trench 0518/055 thank you @ezrapetronio
dummy,0,"shape the invisible is a collaboration between zara and new talents emerging from some of the most important design schools. with recycling as the initial idea, zara gave the schools clothing from previous seasons, with which the students then created new garments adding their own design and vision. learn more at zara.com #shapetheinvisible"
dummy,0,"shape the invisible is a collaboration between zara and new talents emerging from some of the most important design schools. with recycling as the initial idea, zara gave the schools clothing from previous seasons, with which the students then created new garments adding their own design and vision. learn more at zara.com #shapetheinvisible"
dummy,0,"shape the invisible is a collaboration between zara and new talents emerging from some of the most important design schools. with recycling as the initial idea, zara gave the schools clothing from previous seasons, with which the students then created new garments adding their own design and vision. learn more at zara.com #shapetheinvisible"
dummy,0,the minimalist edit | mandarin collarclothing 0071/296 + chinoclothing 2318/320 available online and selected stores #collection
dummy,0,the minimalist edit | solid coloredclothing 1564/320 + solid coloredclothing 0070/296 + basic bermuda shorts 0706/398 + white sneakers with straps 5416/202 available online and selected stores #collection
dummy,0,the minimalist edit | checked sweater 4566/300 + cropped chinoclothing 2318/322 + matte black leatherclothing 5027/202 available online and in selected stores #collection
dummy,1,soft and jumpsuits | girls capsule collection #collection #season
dummy,1,soft and flowers | girls capsule collection now available #collection #aw7
dummy,1,stripedclothing with bows #collection #collection #season ref 7724/990 picture by @ezrapetronio
dummy,0,the stripes | #collection long assymetric tunic ref 7778/617 #season #collection picture by @ezrapetronio
dummy,0,this is #collection | printed t-clothing ref 5580/210 #collection #season picture by @ezrapetronio
dummy,0,the tweed | #collection #clothing ref 7772/603 #collection picture by @ezrapetronio
dummy,0,this is #collection | long assymetric tunic ref 7778/617 #season #collection picture by @ezrapetronio
dummy,0,suit but casual | this is #collection #softclothing ref 2753/222 #clothing 7901/222 #season picture by @ezrapetronio
dummy,0,seasonseason 2017 kids campaign by @matteomontanariphotography art direction @ezrapetronio #collection #collection #season
dummy,0,seasonseason 2017 campaign by willy vanderperre #collection #collection #season
dummy,0,fallseason 2017 campaign by @stevenmeisel_ art direction by @fabienbaron stylist karl templer #collection #collection #season
dummy,1,city lights | pre-fall #season. embrace the lights of the city
dummy,0,city lights | discover our bright pre-fall collection now online and in stores #season
dummy,1,join life | baby girl sustainable collection. tencelî is derived from wood grown in sustainable forests that guarantee their reforestation #collection
dummy,0,"join life | baby girl sustainable collection. organic cotton is grown using practices that help us to protect biodiversity, such as the use of natural fertilizers #collection"
dummy,1,join life | baby girl sustainable collection. a selection of the best sustainable raw materials and processes that helps us to take care of the environment #collection
dummy,0,pink | fringe earrings #collection #season ref 4548/204
dummy,1,the look | fringe earrings for a touch of color #collection ref 4319/203 #season
dummy,0,this is #collection | doclothing #clothing ref 6855/019 and #clothing ref 6855/016 #zaracollection #season
dummy,0,this is #collection | timelessclothing #clothingclothing ref 5252/015 #shorts ref 9123/252 #zaracollection #season
dummy,0,this is #collection |clothing +clothing #zaracollection check new items online and in-stores #season
dummy,1,it's time to play | girls editorial #collection #editorial
dummy,1,it's time to play | girls editorial #collection #editorial
dummy,1,this is #collection | poplinclothing ref 7876/117 palazzoclothing ref 0594/040
dummy,1,this is #collection | clothing ref 5580/160
dummy,1,this is #collection #clothing ref 2660/797 #bag ref 6304/205
dummy,1,the polka dot | #zaracollection t-clothing ref 5039/101
dummy,0,this is #collection | the timeless polka dot #tclothing ref 0264/288
dummy,0,it_s time to play | new editorial for kids #collection #editorial
dummy,1,it_s time to play | new editorial for kids #editorial #collection
dummy,0,it_s time to play | new editorial for kids #collection #editorial
dummy,1,tricolor plaited tote bag 4041/204
dummy,1,vinyl high heel sandals for this season ref 6552/201 and striped palazzoclothing ref 9878/024
dummy,1,ready for the weekend? more accessories online and in-stores #itsfriday ref 4373/039
dummy,0,upcycled fabrics | recycled polyester is made from recovered plastic bottles #collection #collection #careforfiber
dummy,0,sustainable raw materials | recycled cotton is made from residue collected from the cutting processes #collection #collection #careforfiber
dummy,1,young and resolute | newcollection editorial. mariana wears graphic t-clothing #zaracollection #editorial
dummy,0,young and resolute | newcollection editorial. cara wears oversized text t-clothing #zaracollection #editorial
dummy,1,season holidays | one day at the swimming pool #collection #editorial
dummy,0,season holidays | kids editorial #collection
dummy,1,season holidays | kids editorial. enjoy at the swimming pool #collection
dummy,0,color block collection now available online and in-stores #collection
dummy,0,color block collection now available online and in-stores #collection
dummy,0,color block collection now available online and in-stores #collection
dummy,0,that beach feeling | woman editorial #collection #editorial
dummy,0,next destination: the beach | woman editorial #collection #editorial
dummy,1,let_s drive to the beach | woman editorial #collection #editorial thank you @imaanhammam
dummy,1,stripes fromclothing to bottom | blue shades woman editorial #collection #editorial
dummy,1,"stripes are everywhere | blue shades. woman editorialnow available online and in-stores #collection #editorialthank you @shelbyhayes00"
dummy,0,blue shades for stripes | new woman editorial #collection #editorial thank you @graciehartzel
dummy,1,tropical printclothing | man #collection
dummy,0,tropical leaf | prints + prints for man #collection
dummy,1,exotic allure | kiki wears the floral printed kimono clothing #collection #editorial
dummy,1,light and enveloping kimono for an exotic allure #collection #editorial
dummy,1,"long lengths, fluid and voluminous, it's an exotic allure. thank you @kdhwillems #editorial #collection"
dummy,1,"pack your tent, it's time for season camp | kids editorial #collection #editorial"
dummy,0,time for season camp | new kids editorial #collection #editorial
dummy,1,ready for a season camp | check kids editorial #collection #editorial
dummy,1,let's go for a season getaway | the vacation edit #collection #editorial
dummy,1,this is the vacation edit | woman editorial. thank you @jean_campbell #collection #editorial
dummy,1,free inclothing | new man editorial.clothing with embroidered floral motifs #collection #editorial thank you @kitbutlerr
dummy,0,free inclothing | new man editorial now available #collection #editorial thank you @oscarkindelan
dummy,1,free inclothing | new man editorial.clothing with embroidered floral motifs #collection #editorial
dummy,0,neon |collection editorial now available online and in-store #zaracollection #editorial
dummy,1,stay bright! neon. newcollection editorial #zaracollection #editorial
dummy,1,blooming | check out new woman editorial #editorial #collection thank you @katerynazub
dummy,0,blooming | check out new woman editorial #editorial #collection thank you @micarganaraz
dummy,1,blooming | new woman editorial just released #editorial #collection
dummy,1,girls season collection now available | all over print clothing #collection #editorial
dummy,0,ready to catch the wave | baby boy season collection now available #collection #editorial
dummy,1,printed flowing jumpsuit | baby girl season collection now available #collection #editorial
dummy,1,southern air | bows + polka dots. new woman editorial #collection #editorial
dummy,1,clothing with fringes for a southern air | woman editorial #collection #editorial thank you @mckennahellam
dummy,1,"kids girls editorial | play, laugh, it's a season ride #editorial #collection"
dummy,1,let's go for a season ride | kids girls editorial #collection #editorial
dummy,1,"time for fun, it's sunny | kids girls new editorial #collection #editorial"
dummy,1,"peplum, it's a nautical vibe | new woman editorial #collection #editorial"
dummy,1,nautical vibes with a femenine touch | woman editorial now available online and in-stores #editorial #collection thank you @damarisgoddrie
dummy,1,smile and have fun | a long season day #collection #editorial
dummy,1,new boys editorial | a long season day #collection #editorial
dummy,1,a long season day | boys new editorial #collection #editorial
dummy,1,"time for sun, pieces made for sun |collection editorial. floral prints and shorts #zaracollection #editorial #madeforsun"
dummy,0,man editorial | tailoring. formal suits to wear this season. navy / grey / pale blue #collection #editorial
dummy,1,man editorial | tailoring. relaxed looks to enjoy thisseason. white / pannacotta / pale pink #collection #editorial
dummy,0,man editorial | tailoring. relaxed looks to enjoy thisseason. white / pannacotta / pale pink #collection #editorial thank you mathias lauridsen
dummy,1,collection #oilonclothing | limited collection in collaboration with @mercedesbellido available online #zaracollection
dummy,1,collection #oilonclothing | limited collection in collaboration with @ricardocavolo available online #zaracollection
dummy,1,collection #oilonclothing | limited collection in collaboration with @yimeisgreat available online #zaracollection
dummy,1,the perfect accessory. natural fiber handbag with contrasting stripe detail down the front #collection ref 4751/001
dummy,1,the flatform espadrilles. for urban streets or sandy beaches #collection ref 1357/201
dummy,1,panama-style hat for sunny days 3920/010 #collection
dummy,0,"this isclothing | new man editorial.season seasonproposals for your day to day easy fitclothing looks #editorial #collection #clothing"
dummy,0,this isclothing | new man editorial. ripped overclothing #editorial #collection #clothing
dummy,0,this isclothing | new man editorial. key pieces from theclothing collection full of destroyed and damaged surfaces #editorial #collection #clothing thank you @robertosipos
dummy,1,girls new editorial | soft collection. striped jumpsuit with bows #editorial #collection
dummy,1,girls new editorial | soft collection. peplum striped blouse with bows at the back #editorial #collection
dummy,0,"season breeze | woman editorial. noemie wears ruffledembroidered floralclothing #editorials #collection"
dummy,0,season breeze | harleth wears floral printedclothing and striped asymmetric ruffle clothing #editorial #collection #seasonbreeze
dummy,1,reworked white | newcollection editorial now available #zaracollection #editorial #white thank you @matteomontanariphotography
dummy,1,new this week | frills + blue. frilled-sleeve clothing 1639/087 boots 2117/201 frayedclothing 2898/886clothing with belt 2423/712
dummy,0,new this week | gingham & floral print. gingham clothing 3564/096 draped floral printclothing 2856/266clothing with belt 2423/712 ankle boots 1113/201 floral print clothing 2884/149
dummy,0,new this week | orange + pink.clothing with front knot 0858/041 frilled midi clothing 7149/081 frilly blouse 2874/201 assymetric ruffles clothing ref 2908/201 #collection #newthisweek
dummy,1,realclothing | new woman editorial. freja wears the distressedclothing and the slim boyfriend in candiani pink #collection #editorials #clothing
dummy,0,clothing | freja wears the boyfit in rose blue. womanclothing real collection #collection #editorials #clothing
dummy,1,realclothing | new woman editorial. freja wears the distressedclothing and the slim boyfriend in candiani pink #collection #editorials #clothing
dummy,1,"collection | sustainable collection #collection #collection #careforfiber. the production processes of recycled fabrics use less water and energy, fewer natural resources and produce less waste, meaning they have a lower environmental impact"
dummy,1,collection | sustainable collection #collection #collection #careforfiber. organic cotton is farmed in a way that respects the biodiversity like crop rotation and the use of natural fertilizers
dummy,0,baby boy new editorial | pieces with cotton feeling #collection #editorials
dummy,1,mini new capsule collection | now available online and in-stores #zaramini #editorials
dummy,0,baby boy new editorial | cozy fabrics forseason #collection #editorials
dummy,0,new kids editorial : prints + prints #editorials #collection
dummy,0,new kids editorial : prints + prints #editorials #collection
dummy,0,mixed patterns | new kids editorial : prints + prints #editorials #collection
dummy,0,"woman campaign collection now available online and selected stores#zaraseasoncollection #zaraballerinaoffduty"
dummy,0,"new woman capsule now available online and selected stores | limited quantity#zaraseasoncollection #zaraballerinaoffduty"
dummy,0,it's mid season sale online and in-stores #zaramidseason
dummy,0,it's mid season sale online and in-stores #zaramidseason
dummy,0,it's mid season sale online and in-stores #zaramidseason
dummy,0,back to office | monday to friday. new woman editorial now available online and in-stores #collection #editorial
dummy,0,back to office | monday to friday. new woman editorial now available online and in-stores #collection #editorial
dummy,0,man studio | new editorial available #collection #editorial
dummy,0,man studio | new editorial available #collection #editorial
dummy,1,knitseason | new woman editorial #collection #editorial
dummy,1,knitseason | the new editorial for woman is now available online and in-stores #collection #editorial
dummy,1,check new woman editorial |season knit. thank you @arizona_muse #editorial #collection
dummy,0,this is #collection | blazer ref 2177/105 necklace ref 4319/029
dummy,0,this is #collection | t-clothing ref 0264/026 waistclothing ref 7484/020 bag ref 4423/204
dummy,0,this is #collection | floral printed clothing ref 2183/042 and bag ref 4423/204
dummy,0,it's time forclothings! available in stores and online #collection #timefor
dummy,1,it's time forclothings! available in stores and online #collection #timefor
dummy,1,kids | special prices available in stores and online #collection #season
dummy,0,kids | special prices available in stores and online #collection #season
dummy,0,kids | special prices available in stores and online #collection #season
dummy,1,woman | new romantic collection available in stores and online #collection #editorial #season
dummy,1,woman | new romantic collection available in stores and online #collection #editorial #season thank you @graciehartzel and @eliseagee
dummy,0,man | stripes #collection #season #stripes available in stores and online. thank you @callumward4
dummy,0,man | stripes #collection #season #stripes available in stores and online
dummy,1,girl | capsule collection #collection #season available in stores and online
dummy,0,girl | capsule collection #collection #season available in stores and online
dummy,1,girl | capsule collection #collection #season available in stores and online
dummy,1,baby girl | artisan capsule collection #collection #season
dummy,1,baby girl | artisan capsule collection #collection #season
dummy,1,baby girl | artisan capsule collection #collection #season
dummy,0,"blazers i new volumes, new silhouettes #collection #editorial"
dummy,0,"blazers | new volumes, new silhouettes #collection #editorial thank you @cara_taylorrr"
dummy,0,this is #collection | floral embroidered clothing ref: 3440/047
dummy,0,this is #collection | embroidered blazer ref: 2903/060
dummy,0,this is #collection | floral printed blouse ref: 2352/639
dummy,0,time for camo tonedclothings #collection #timefor camouflage parka ref: 3918/470
dummy,0,time for camo tonedclothings #collection #timefor oversized trenchclothing ref: 1792/407
dummy,0,collection |clothing made withclothing #zaracollection #editorial
dummy,0,collection | refixedclothing to look handcrafted #zaracollection #editorial
dummy,0,newcollection editorial |clothing +clothingclothing #zaracollection #editorial thank you @sofiehemmet and @matteomontanariphotography
dummy,0,accessories matter | chain necklace ref 1856/030
dummy,0,shine bright with metallic boots #collection ref 3155/201
dummy,0,the perfect combination | khaki and sequins #parka ref 6895/057 #collection
dummy,0,time for message sweatclothings #collection #timefor ref 0722/406
dummy,0,time for message sweatclothings #collection #timefor ref 0722/433
dummy,0,girlsseason collection available online and in stores #collection
dummy,0,boysseason collection available online and in-stores #collection
dummy,1,girlsseason collection available online and in-stores #collection
dummy,0,pink | new woman editorial. now available online and in-stores #collection
dummy,1,pink | new woman editorial. now available online and in-stores #collection
dummy,0,pink | new woman editorial. now available online and in-stores #collection thank you @waleskagorczevski
dummy,0,join life sustainable collection. the refibra_lyocell is a new fiber created from recycled cotton and wood from sustainably managed forests #collection
dummy,1,"join life sustainable collection | in the classic recycling, waste is shredded and blended with pure fibers to create new fabrics #collection"
dummy,0,join life collectionseason sumer 17 | new editorial. the combination of upcycled materials with more sustainable raw materials such as tencelîlyocell and ecologically grown cotton help us to reduce our impact and to take care of the environment. thank you @jean_campbell #collection
dummy,1,new editorialcollection | poplin #editorials #zaracollection now online and in-stores. thank you @matteomontanariphotography
dummy,0,new editorialcollection | poplin #editorials #zaracollection thank you @lucan_gillespie @matteomontanariphotography
dummy,0,baby girl |season collection #collection #season
dummy,0,baby boy |season collection #collection #season
dummy,1,baby girl |season collection #collection #season
dummy,1,stripedclothings | the off-shoulder ref 0594/056 #collection
dummy,1,stripedclothings | the oversize ref 4786/050 #collection
dummy,0,stripedclothings | the crossover ref 0594/051 #collection
dummy,0,"this is #collection | round neck t-clothing with long, sheer sleeves ref 1165/032"
dummy,0,this is #collection | cashmere sweater ref: 3887/003 and oversize t-clothing ref 7568/036
dummy,0,this is #collection | high rise leggins with zip ref 7149/063
dummy,0,season season 2017 campaign by @matteomontanariphotography #seasonseason #collection
dummy,1,season season 2017 campaign by @matteomontanariphotography #seasonseason #collection
dummy,0,season season 2017 campaign by @matteomontanariphotography #seasonseason #collection
dummy,0,season season 2017 man campaign by @willyvanderperre | exciting territories #seasonseason #collection
dummy,0,season season 2017 man campaign by @willyvanderperre | exciting territories #seasonseason #collection
dummy,0,season season 2017 campaign by steven meisel | thank you @fabienbaron #seasonseason
dummy,0,season season 2017 campaign by steven meisel | full campaign at zara.com thank you @fabienbaron #collection #seasonseason
dummy,0,coming soon |season campaign | january 26 #comingsoon #season
dummy,1,neutral territory | limited edition now available online and in selected stores #collection #collection
dummy,1,soft collection | now available online and in selected stores #softcollection #collection
dummy,0,white leather effectclothing with side zipped pockets | this is #collection ref 3046/032
dummy,1,this #collection | sweatclothing with lace up detail now available ref 5643/020
dummy,1,it's friday with @polyapolina_o #itsfridaywith
dummy,1,hello from @pashaharu
dummy,1,this is #collection | short studio floral clothing with frills now available in-stores and zara.com ref 8529/858
dummy,1,wrap up warm! soft knit scarf ref 6771/201 #collection
dummy,1,this is #collection | faux fur collar bikerclothing 2969/269
dummy,1,hello monday! oversized floralclothing ref 7521/042 #collection
dummy,0,hello from @pavlovalia
dummy,1,this is #collection | floral embroidered oversized sweater ref 9598/130
dummy,0,disco forest collection now available online and in-stores #collection #discoforest
dummy,0,it_s cold outside | short contrastclothing ref 2969/042 #collection
dummy,0,clothing up | newseasonseason editorial #collection #editorials
dummy,0,clothing up | newseasonseason editorial. thank you @theoneilson and @tdibble13 #collection #editorials
dummy,0,clothing up | newseasonseason editorial. thank you @tdibble13 #collection #editorials
dummy,1,theclothing edit | now available online and in-stores #editorials #collection
dummy,1,theclothing edit | _feel warmth in the simple things_ #editorials #collection
dummy,1,theclothing edit | _wrap up in yourseason clothes_ thank you @sashapivovarovareal #collection #editorials
dummy,0,hello from @estellabrons and @elizabethdavison
dummy,1,kids december editorial | chapter 2 with @maria_lang #collection #editorials
dummy,1,kids december editorial | chapter #2 thank you @maria_lang #collection #editorials
dummy,1,this is #collection | short oversized #sweatclothing ref 7568/820 #clothing ref 3564/162 boyfriend #clothing ref 6840/275 #clothing ref 1740/201
dummy,1,happy monday! sweater with snap button sleeves ref 2655/120 and leather clothing ref 5479/082 #collection
dummy,1,pretty in punk | newcollection editorial. _it_s about being rebellious and thinking out of the box_ #editorials #zaracollection
dummy,0,pretty in punk | newcollection editorial. now available online and in-stores. thank you @laurijnbijnen and @marjanjonkman and #editorials #zaracollection
dummy,0,"pretty in punk | newcollection editorial. _punk for me means going against the grain, doing the unusual and getting out of my comfort zone_ thank you @laurijnbijnen #editorials #zaracollection"
dummy,1,kids december editorial | chapter #1 with @monikalenarczyk #collection #editorials
dummy,1,kids december editorial | chapter #1 thank you @monikalenarczyk #collection #editorials
dummy,1,hello from @helenaseverin #itsfriday
dummy,1,woman studio capsule collection | edit 2. now available online and selected stores #collection
dummy,1,woman studio capsule collection | edit 2. now available online and selected stores #collection thank you @roosabels
dummy,1,#comingsoon woman studio capsule collection | edit 2. available november 10th online and selected stores. #collection
dummy,0,#comingsoon woman studio capsule collection | edit 2. available november 10th online and selected stores. #collection
dummy,1,#comingsoon woman studio capsule collection | edit 2. available november 10th online and selected stores. #collection
dummy,1,man evening editorial | explore full collection online and in-stores #collection #editorials
dummy,1,#comingsoon woman studio capsule collection | edit 2. available november 10th online and selected stores. #collection
dummy,1,#comingsoon woman studio capsule collection | edit 2. available november 10th online and selected stores. #collection
dummy,1,#comingsoon woman studio capsule collection | edit 2. available november 10th online and selected stores. #collection
dummy,1,almost friday! leather effectclothing ref 3046/239 now available online and in-stores
dummy,1,this is #collection | patent finish bikerclothing ref 2969/283 _ striped poplin blouse ref 7903/271 _ boots ref 5120/101
dummy,0,kidsseason collection | boys & girls. explore the editorial online and in-stores #collection #editorials
dummy,0,kidsseason collection | boys & girls. explore the editorial online and in-stores #collection #editorials
dummy,0,kidsseason collection | boys & girls. explore the editorial online and in-stores #collection #editorials
dummy,0,boxes with a past. all cardboard boxes that arrive in our stores are reused up to 5 times before being recycled into new boxes for online orders. boxes made from our own boxes. our online boxes are 100% recycled cardboard. help us to recycle! #recycle #boxeswithapast #collection
dummy,1,this is #collection | stretch leather ankle boots ref 5164/101
dummy,1,babyseason collection | new editorial. full collection online and in-stores #collection #editorials
dummy,1,"knits forseason | ""season always reminds me of the mountains. i go there every year with my family"" thank you thibaud charon #editorials #collection"
dummy,0,"knits forseason | ""season reminds me of going on long walks when the leaves are on the turn"" thank you @anders_hayward #editorials #collection"
dummy,0,woman studio | now available online and selected stores #zarastudio #collection #collection thank you @jamie.hawkesworth
dummy,0,woman studio | now available online and selected stores #zarastudio #collection #collection thank you @jamie.hawkesworth
dummy,1,zara woman studio available 20th october online and selected stores #collection. photo by @collierschorrstudio. thank you @micarganaraz
dummy,1,zara woman studio available 20th october online and selected stores #collection. photo by @collierschorrstudio. thank you @frejaerichsen_
dummy,1,zara woman studio available 20th october online and selected stores #collection. photo by @collierschorrstudio. thank you @micarganaraz
dummy,1,zara woman studio available 20th october online and selected stores #collection. photo by @collierschorrstudio. thank you @frejaerichsen_
dummy,0,zara woman studio available 20th october online and selected stores #collection. photo by @collierschorrstudio. thank you @micarganaraz
dummy,1,comic meetsclothing | new woman editorial #editorials #collection
dummy,0,woman studio #comingsoon #collection with @micarganaraz
dummy,0,woman studio #comingsoon #collection
dummy,0,woman studio #comingsoon #collection with @frejaerichsen_
dummy,0,woman studio #comingsoon #collection
dummy,0,woman studio #comingsoon #collection with @roosabels
dummy,1,woman studio #comingsoon #collection
dummy,0,"velvet feel |collection editorial. soft metals,season hues, blue nights #editorials #zaracollection"
dummy,0,woman studio #comingsoon#collection
dummy,1,knit edit | new woman editorial. check full collection online and in-stores #editorials #collection
dummy,1,knit edit | new woman editorial. check full collection online and in-stores #editorials #collection thank you @graciehartzel
dummy,0,woman studio | #comingsoon | #collection | #countdown stay tuned!
dummy,0,woman studio | #comingsoon | #collection | #countdown stay tuned!
dummy,0,woman studio | #comingsoon | #collection | #countdown stay tuned!
dummy,1,woman studio | #comingsoon | #collection | #countdown stay tuned!
dummy,0,woman studio | #comingsoon | #collection | #countdown stay tuned!
dummy,0,woman studio | #comingsoon | #collection | #countdown stay tuned!
dummy,1,woman studio | capsule collection | coming soon #countdown #newcollection stay tuned!
dummy,0,woman studio | capsule collection | coming soon #countdown #newcollection stay tuned!
dummy,1,collection iclothing camp. new editorial. discover the latest collection. thank you @willow.hand @zuzutadeushuk #editorials #zaracollection
dummy,0,"seasonals | essential pieces. double breasted suit. timeless in style, this dark grey two pieces brings a vintage inspired addition to your wardrobe #collection #editorials"
dummy,0,"seasonals | essential pieces. lapeledclothing. modern classic on a western, button up with this khaki tailoredclothing #collection #editorials thank you @benjamineidem"
dummy,0,season editorial | explore the full collection in stores and zara.com #collection #editorials
dummy,1,"newseason editorial | ballet, pink & black #collection #editorials now available online and in-stores"
dummy,1,this is #collection | varsity patchclothing ref 6318/224
dummy,1,"new editorial | essential pieces, inspired by the mixture of eras and styles. the bomberclothing #collection #editorials thank you @kitbutlerr"
dummy,1,welcomeseason! | fringedclothing ref 1628/226 hat ref 3306/209
dummy,1,go all-in with chokers | shiny suede choker pack ref 1856/281
dummy,1,this is #collection | faux fur bomberclothing ref 4744/271
dummy,1,"join life collection aw.16 | new editorial.a fusion of masculine and feminine style which defines clean silhouettes and a colour palette inspired by mineral tonesselected pieces mainly made of tencelî, a wood fiber extracted from forests that are sustainably managed, guaranteeing its reforestationthe farming process of organic cotton consumes 90% less water than conventional cotton#collection"
dummy,1,"join life collection aw.16 | new editorial.the collection embraces a woman who looks into a more sustainable futuremade with materials such as organic cotton, recycled wool and tencelî which reduce our environmental impact#collection thank you @sashapivovarovareal"
dummy,1,shine with metallic __ | lightning detail minaudiere ref 8140/104 #collection
dummy,1,keep it cropped! | bomberclothing ref 5071/243clothing ref 7933/629
dummy,1,it's time for suede |clothing ref 2969/251 #collection
dummy,1,new capsule | baby boy. check full collection online and in-stores #collection
dummy,1,new capsule | baby boy. check full collection online and in-stores #collection
dummy,0,man | studio collection. now available online and in-stores #collection #editorials
dummy,1,man | studio collection. now available online and in-stores. thank you @mathias_laur #collection #editorials
dummy,1,new editorial | monday-to-friday. now available online and in-stores #collection #season17 thank you mali koopman
dummy,1,hello september! striped sweatclothing ref 0085/288 #collection #collection
dummy,1,keep it floral | midi clothing ref 2731/255 #collection
dummy,1,new capsule collection | chapter 3 #babygirls #collection #zaracapsule
dummy,1,new capsule collection | chapter 3 #babygirls #collection #zaracapsule
dummy,1,"it's still season, stay gold #clothing ref 5644/223"
dummy,0,man | the fall report. check season's main trends online and in-stores #editorials #collection
dummy,0,man | the fall report. check season's main trends online and in-stores #editorials #collection thank you @sogorakos @callumward4 @timurmedt
dummy,1,this is #collection |clothing ref 7933/629 clothing ref 7907/636
dummy,0,the school report | check full report online and in-stores #collection #editorials
dummy,0,the school report | little prices. check full report online and in-stores #collection #editorials
dummy,1,hello monday! tricolour clothing ref 5580/251
dummy,1,have a wonderful weekend! printed t-clothing ref 5643/298
dummy,1,go big or go home | satin backpack ref 8812/04
dummy,1,not-so-classic hoop earrings ref 1856/274 #collection
dummy,1,this is #collection | zipped midi clothing ref 4886/259
dummy,1,head-to-toe floral __ | it's friday! #clothing ref 4043/276 #clothing ref 4886/264
dummy,1,double or nothing! #collection #tclothing ref 4644/274 #clothing ref 5575/430 #clothing ref 2454/102
dummy,1,this is #collection |clothing with side band ref 7712/633 silky feel t-clothing ref 1198/232
dummy,0,sport | a new attitude. new woman editorial. check gymwear online and in-stores. thank you @ediebcampbell #editorials #collection
dummy,1,soft collection | kids - girls. now in-stores and zara.com #collection
dummy,1,soft collection | kids - girls. now in-stores and zara.com #collection
dummy,1,pink oversized t-clothing and printed leather flare clothing #collection ref 4873/201 & 4369/241
dummy,1,this is #collection asymmetric clothing ref: 1131/271 shiny sock ankle boots ref: 7120/101
dummy,1,have a nice weekend! #offtheshoulder #polkadot #clothing ref: 7785/104 #collection
dummy,1,"kids campaignseason by matteo montanari. thank youella, elia, sylvie, alex, lorenzo, andrea, maxime, aleix #collection #season"
dummy,1,man campaignseason #simplepresent #collection #season
dummy,1,man campaignseason by willy vanderperre. thank you @joelstephenframpton @victorenylander @jancarlos_diaz @lucalemaire @juliusgerhardt #simplepresent #collection #season
dummy,1,woman campaignseason #discoforest #collection
dummy,1,new campaign | womanseason #discoforest #collection
dummy,1,woman campaignseason by mario sorrenti. thank you @frederikkesofie @damarisgoddrie @banasjulia @donnie_darko0 #collection #discoforest #season
dummy,1,have a wonderful weekend! | embroidered poplinclothing ref: 6895/247 mumclothing ref: 8246/241
dummy,1,ballet style | lace-up leather ballet flats ref: 5316/101
dummy,1,smile and have fun! militaryclothing ref: 8566/241 #season
dummy,1,it's time for tulle! this is #collection #season #collection ref: 0881/282
dummy,1,shades of pink #fauxleather #clothing #collection #season ref: 5644/228
dummy,1,hello from @_linekjaergaard_ #shooting #season
dummy,1,it's almost friday | get ready for the weekend #clothing 7507/600 ref #clothing ref 7736/587
dummy,1,this is #collection #season shining for your evening season #clothing ref 2878/271
dummy,1,new arrivals for #season collection. bring on theclothing #clothing ref: 4172/151 #clothing ref 6164/209 #collection
dummy,1,friday mood | enjoy your weekend!
dummy,1,on what occasion would you wear this clothing? #white #poplin #clothing ref: 4043/255
dummy,1,this is new in. flat leatherclothing with bow ref: 6424/101
dummy,1,"casual tuesday, vacation mood #clothing ref 7638/617 #vacation"
dummy,1,"dear bill, thank you for the magic #billcunningham #thankyou"
dummy,1,monday morningclothing ref: 5252/012
dummy,1,have a nice weekend! #oversized #parka ref: 5191/024
dummy,1,season 1 -season 0 #clothing ref: 2641/103 #shorts ref: 6045/201
dummy,1,get ready for the beach #patches #sandals ref 5601/101
dummy,1,here comes the season #trikini ref: 0594/016
dummy,0,it's friday. have a nice weekend #collection #itsfriday
dummy,0,almost friday #collection #oversize #clothing ref 7676/624
dummy,0,"almost season. maybe-laterclothing ref: 5039/134 striped clothing ref: 9322/138#almostseason"
dummy,1,this is #collection #floral #print #clothing ref 2465/203 #cropped #print #clothing ref:3027/203
dummy,0,black & white mondays #collection #clothing ref 2782/719 #clothing ref 2789/719
dummy,1,"waiting for the weekendref 6250/101 #itsfriday #clothing"
dummy,1,pink days #almostseason #clothing ref 7521/371 #shorts ref 8197/226
dummy,0,almost season | man editorial #editorial #collection #everydaylinen
dummy,1,almost season | man editorial #editorial #collection #prints
dummy,0,almost season | key pieces fromseason season collection. thank you @ottolotz #editorial #collection
dummy,1,almost season #clothing ref. 2814/805
dummy,0,holidays | new woman editorial. #clothing ref: 3198/052 #collection #editorials
dummy,0,holidays | new woman editorial. #crochet #clothing ref. 4043/391 #tiedye #clothing ref. 2903/831 #maxiclothing ref. 2183/241. thank you @heather_kemesky @ianagodnia #collection #editorials
dummy,1,clothing to slip into #collection ref. 5451/101
dummy,0,"almost season #collection#clothing ref 6895/245 #clothing ref 6895/246 #clothing ref 1220/101"
dummy,0,woman editorial | knit clothing. now online and in-stores #editorials #collection
dummy,0,woman editorial | knit clothing. now online and in-stores #editorials #collection. thank you @ianagodnia & @heather_kemesky
dummy,0,kids editorial | it's seasontime! #editorials #collection
dummy,0,it's seasontime! kids editorial #editorials #collection
dummy,0,new woman editorial | white. now in-stores and online. #collection #editorials #white
dummy,0,women's editorial now online and in-stores | white. thank you @_dilone @ianagodnia @oodlesofpain #white #editorials
dummy,0,fresh florals #florals #trends from head to toe #bomber ref 2493/225 #clothing ref 2919/225 #clothing ref 2572/224
dummy,0,"#itsfriday and it is about maxi clothinges, have a nice weekend!ref: 2698/797 & ref: 2812/789"
dummy,0,women's editorial #comingsoon thank you @_dilone @ianagodnia #itsalmostseason #white
dummy,1,"feet up, it's wednesday #almostseason ref: 3679/101"
dummy,0,lace all over #collection #lace
dummy,0,hello monday! have a nice week #monday #lace ref: 1836/002
dummy,1,weekend picnic #itsfriday ref: 4321/104
dummy,1,this is new in #almostseason #trends
dummy,0,hello from @othiliasimon & @heather_kemesky! it's almost season #editorial #comingsoon thank you @cassblackbird
dummy,0,new editorial |season season tailoring collection. fit for the moment #editorials #collection
dummy,0,off the shoulder season #collection #offtheshoulder
dummy,1,new editorial |season season tailoring collection. fit for the moment #editorials #collection
dummy,0,new editorial |season season tailoring collection. fit for the moment. thank you @elias_sokoto_poot @charlietimms @bastianthiery @timurmedt #editorials #collection
dummy,1,do-it-all mondays __ do-it-all slingbacks #slingbacks #trend now available at zara.com ref: 1347/101
dummy,0,#itsfriday have a nice weekend!
dummy,0,"/ i amclothing. chapter 3 ""you must not be afraid of showing your true potential"" #iamclothing by @nona238 #editorials"
dummy,1,shine bright! #metallics #trends
dummy,0,"/ i amclothing. chapter 3 ""people closest are the ones who will always inspire you"" #iamclothing by kei @k17my #editorials"
dummy,0,it's crochet time! this is #collection #crochet
dummy,0,"/ i amclothing. chapter 3 ""individuality means not caring about how you are perceived."" #iamclothing by emma @the_real_felina #editorials"
dummy,0,"/ i amclothing _ chapter 3a uniqueclothing collection created in collaboration with a selected group of people from our stores. thank you all for making it possible.@kamiipanda @lvlvluchini @teeshrosa @rachael__ballard @lisa_crush @sucop01 @miri_amk @the_real_felina @k17my @nona238#iamclothing #editorials"
dummy,0,season. bloom. friday #itsfriday
dummy,1,"if you do, please send your cv or portfolio to doyou@zara.com indicating #yesido and your profile.looking for #stylist and #photographer #zaracareers"
dummy,0,monday to friday | editorial. now in-stores and zara.com #editorials #collection. thank you @juliahafstrom11
dummy,0,everyday | man. check more at zara.com. thank you @malthelm #collection #everyday
dummy,1,new baby capsule | rock and sand. now at zara.com and in-stores #zaracapsule #collection
dummy,1,new editorial | monday to friday #editorials #collection now in-stores and zara.com. thank you @mathildebrandi
dummy,1,new baby capsule | rock and sand. now at zara.com and in-stores #zaracapsule #collection
dummy,1,monday to friday | editorial. now in-stores and zara.com #editorials #collection . thank you @juliahafstrom11
dummy,0,everyday | man. check more at zara.com. thank you @malthelm #collection #everyday
dummy,1,new baby capsule | rock and sand. now at zara.com and in-stores #zaracapsule #collection
dummy,1,new editorial | monday to friday #editorials #collection now in-stores and zara.com. thank you @mathildebrandi
dummy,1,collection / i amclothing. chapter 2 #editorials #iamclothing #collection
dummy,1,"collection / i amclothing. chapter 2""don't be afraid of stepping out of your comfort zone"" @miri_amk #iamclothing #collection"
dummy,0,collection / i amclothing. chapter 2 #editorials #iamclothing #collection
dummy,0,"collection / i amclothing. chapter 2""culture defines my own vision and how i interpret life"" @sucop01 #editorials #iamclothing #collection"
dummy,1,collection / i amclothing. chapter 2 #editorials #iamclothing #collection
dummy,0,"collection / i amclothing. chapter 2 ""simplicity is about staying true to who you are"" @lisa_crush #editorials #iamclothing #collection"
dummy,0,/i amclothing. chapter 2. a uniqueclothing collection driven by culture and creativity of the individual #editorials #collection #iamclothing
dummy,1,#newthisweek #woman #sandals now available at zara.com ref: 2630/101
dummy,1,"we are looking for kids fashion designers to join our team. if you do, please send your cv or portfolio to doyou@zara.com indicating #yesido and your profile #fashiondesigner#zara #collection"
dummy,0,in support of #earthhour the lights in our store windows will remain off on march 19 from 8.30 to 9.30pm #changeforclimate
dummy,1,#monday #woman #accessories now available at zara.com ref: 4644/002
dummy,1,#friday #woman #newthisweek #woman #swimsuit now available at zara.com ref: 0594/003
dummy,1,#thursday #newthisweek #woman #bomber now available at zara.com ref: 2473/609
dummy,1,#wednesday #newthisweek #collection now available at zara.com #clothing ref: 2432/556 #clothing ref: 2392/556
dummy,1,#tuesday #newthisweek #woman #bomber now available at zara.com ref: 7521/075
dummy,0,"new editorial | theseason report. boudoir. check more in-stores and zara.comthank you@celine_bouly @heather_kemesky @angelpupledge"
dummy,0,#collection #monday #newthisweek #woman #trench now available at zara.com ref: 0518/042
dummy,1,"new editorial | theseason report. rock & grunge. check more in-stores and zara.comthank you @heather_kemesky @celine_bouly"
dummy,0,"new editorial | theseason report. old & new. check more in-stores and zara.comthank you @heather_kemesky #editorials"
dummy,1,"new editorial | theseason report. check more in-stores and zara.comthank you @angelpupledge @celine_bouly @heather_kemesky #editorials"
dummy,0,#collection #weekend #newthisweek #woman #clothing now available at zara.com ref: 9598/005
dummy,0,"dear soho,season tokens all around our new flagship at 503 broadway#dearsoho #zara #ny"
dummy,0,"dear soho, thank you all for coming! see you at 503 broadway #dearsoho #zara"
dummy,1,"dear soho, our flagship has bloomed. come say hi at 503 broadway. thank you mark @markcolle #dearsoho"
dummy,1,#collection #thursday #newthisweek #woman #bag now available at zara.com ref: 4134/104
dummy,0,#collection #wednesday #newthisweek #woman now available at zara.com #blazer ref: 2336/782 #clothing ref: 2453/782
dummy,0,#collection #tuesday #newthisweek #woman #clothing now available at zara.com ref: 3666/062
dummy,0,"a collaborative design project with real people, for real people. #iamclothing is a creative collaboration of ten different girls who work at zara stores in some of the world's most vibrant and dynamic cities; bringing with them a variety of inspiration and unique experiences #editorials #collection"
dummy,0,#collection #monday #newthisweek #woman #parka now available at zara.com ref: 6840/054
dummy,0,theseason report | boys. check more in-stores and zara.com #editorials
dummy,1,theseason report | girls. check more in-stores and zara.com #editorials
dummy,0,theseason report | boys. check more in-stores and zara.com #editorials
dummy,0,"man | theseason report. new editorial now available in-stores and zara.com thank you tim dibble@tdibble13 #editorials"
dummy,1,theseason report | girls. check more in-stores and zara.com #editorials
dummy,0,#collection #weekend #newthisweek #collection #ungenderedcollection now available at zara.com ref: 5644/089
dummy,0,"man | theseason report. new editorial now available in-stores and zara.com thank you tim schuhmacher and elias de poot@elias_sokoto_poot #editorials"
dummy,0,"man | theseason report. new editorial now available in-stores and zara.com. thank you, tim schuhmacher #editorials"
dummy,1,#collection #thursday #newthisweek #woman #clothing now available at zara.com ref: 1480/101
dummy,1,"dear soho, we are preparing our flagship for you. come join us on march 3 at 503 broadway for our grand opening. see you there starting at 12 noon#dearsoho"
dummy,1,#collection #wednesday #newthisweek #woman now available at zara.com #tunic ref: 4043/055 #culottes ref: 4885/071
dummy,1,#collection #tuesday #newthisweek #woman #bomber now available at zara.com ref: 4043/083
dummy,1,#collection #monday #newthisweek #collection #trench now available at zara.com ref: 1255/014
dummy,0,#collection #weekend #newthisweek #woman #parka now available at zara.com ref: 2761/043
dummy,0,#collection #thursday #newthisweek #woman #blazer now available at zara.com ref: 2731/050
dummy,1,#collection #wednesday #newthisweek #woman #bag now available at zara.com ref: 4094/104
dummy,0,#collection #tuesday #newthisweek #collection now available at zara.com #tclothing ref: 5584/073 #clothing ref: 5584/072
dummy,0,#monday #newthisweek #woman now available at zara.com #clothing ref: 0518/043
dummy,0,new campaign | kidsseason season 2016 #collection
dummy,0,new campaign | kidsseason season 2016 #collection
dummy,1,new campaign | kidsseason season 2016 by matteo montanari @matteomontanariphotography #collection
dummy,0,new campaign |collectionseason season 2016 thank you @peyton.knight @ruthnotmay @lucan_gillespie #collection
dummy,0,"new campaign |collectionseason season 2016 by paul wetherell. thank you ruth bell, lucan gillespie, peyton knight, karly loyce and greta varlese.#paulwetherell @ruthnotmay @lucan_gillespie @peyton.knight @karlyloyce @greta_varlese#collection"
dummy,1,new campaign | woman ss16 thank you @vanessa_moody @frederikkesofie @lineisymontero #collection
dummy,0,new campaign | woman ss16 thank you @lineisymontero #collection
dummy,0,#collection #weekend #newthisweek #woman now available at zara.com #clothing ref: 4437/048
dummy,1,#collection #thursday #newthisweek #woman now available at zara.com #clothing ref: 7522/042
dummy,1,#collection #wednesday #newthisweek #woman now available at zara.com #clothing ref: 2596/101
dummy,0,#collection #tuesday #newthisweek #collection now available at zara.com #clothing ref: 1938/050
dummy,0,#collection #monday #newthisweek #woman now available at zara.com #clothing ref: 2903/042
dummy,0,#collection #weekend #newthisweek #woman #clothing now available at zara.com ref: 6771/002
dummy,1,"new campaign coming soon. womanseason season 2016 by mario sorrenti. thank you vanessa moody, frederikke sofie, lineisy montero and julia bergshoef@mario_sorrenti @vanessa_moody @frederikkesofie @lineisymontero @juliabergshoeff#collection #comingsoon"
dummy,0,#collection #thursday #newthisweek #collection #clothing now available at zara.com ref: 2177/507
dummy,0,#collection #wednesday #woman #blouse now available at zara.com ref: 2296/641
dummy,1,#collection #tuesday #newthisweek #woman #bags now available at zara.com ref: 4222/104
dummy,1,#collection #monday #newthisweek #woman #ss16 now available at zara.com #clothing ref: 2221/778 #clothing ref: 2129/778
dummy,0,#collection #weekend #woman #now available at zara.com #clothing ref: 2262/607 #clothing ref: 2310/607
dummy,1,#collection #thursday #collection #clothing #bomber now available at zara.com ref: 5070/008
dummy,1,#collection #wednesday #collection #bag now available at zara.com ref: 4584/104
dummy,0,#collection #tuesday #woman now available at zara.com #waistclothing ref: 2225/669 #clothing ref: 3666/052 #clothing ref: 1478/029
dummy,1,#collection #monday #collection #clothing now available at zara.com ref: 2098/432
dummy,0,#collection #weekend #woman #clothing now available at zara.com ref: 2969/240
dummy,1,#collection #thursday #woman #outerwear now available at zara.com ref: 7522/047
dummy,1,#collection #wednesday #collection #sweatclothing now available at zara.com ref: 1165/073
dummy,0,#collection #tuesday #woman #clothing now available at zara.com ref: 6318/021
dummy,0,#collection #monday #woman #clothing now available at zara.com ref: 3198/043
dummy,0,#collection #weekend #woman #clothing #ss16 now available at zara.com ref: 2151/124
dummy,1,#collection #thursday #collection #clothing now available at zara.com ref: 7901/100
dummy,1,#collection #wednesday #woman #ss16 now available at zara.com #clothing ref: 8073/026 #clothing ref: 2037/110
dummy,1,#collection #tuesday #woman #clothing now available at zara.com ref: 1152/101
dummy,0,#collection #monday #collection #clothing now available at zara.com ref: 1255/001
dummy,1,#collection #weekend #woman #hat ref: 3306/203
dummy,1,#collection #thursday #woman #clothing now available at zara.com ref: 6873/117
dummy,0,#collection #wednesday #woman #clothing now available at zara.com ref: 4688/042
dummy,1,#collection #tuesday #collection #clothing #ss16 now available at zara.com ref: 5070/251
dummy,1,#collection #monday #woman #bags now available at zara.com ref: 4278/104
dummy,1,#collection #weekend #woman #clothing now available at zara.com ref: 2398/302
dummy,1,#collection #thursday #woman #clothing now available at zara.com ref: 6873/115
dummy,1,#collection #wednesday #woman now available at zara.com #clothing ref: 0787/050 #hat ref: 3306/203
dummy,0,#collection #tuesday #woman #clothing now available at zara.com ref: 7921/368
dummy,1,#collection #monday #woman #clothing now available at zara.com ref: 1105/101
dummy,0,#collection #weekend #collection now available at zara.com #clothing ref: 3427/207 #clothing ref: 6594/202
dummy,1,#collection #thursday #collection #clothing now available at zara.com ref: 2057/567
dummy,1,#collection #wednesday #woman #accessories #scarf now available at zara.com ref: 4219/213
dummy,1,#collection #tuesday #collection #clothing now available at zara.com ref: 1255/256
dummy,1,#collection #monday #woman #clothing now available at zara.com ref: 1200/101
dummy,1,#collection #weekend #woman #clothing ref: 6771/144 #clothing ref: 6771/137
dummy,1,#collection #thursday #woman #clothing now available at zara.com ref: 6895/041
dummy,1,#collection #wednesday #collection #clothing now available at zara.com ref: 1255/001
dummy,1,#collection #tuesday #woman now available at zara.com #outerwear ref: 4373/002 #clothing ref: 7816/715
dummy,1,#collection #monday #woman now available at zara.com #clothing ref: 5646/110 #clothing ref: 1628/220
dummy,1,#collection #weekend #woman #clothing now available at zara.com ref: 6873/137
dummy,1,#collection #thursday #collection #clothing now available at zara.com ref: 7521/254
dummy,0,#collection #wednesday #woman now available at zara.com #clothing ref: 2044/722
dummy,1,#collection #tuesday #collection #clothing now available at zara.com ref: 7224/001
dummy,0,#collection #monday #woman #clothing now available at zara.com ref: 4566/100
dummy,1,#collection #weekend #woman now available at zara.com #clothing ref: 2025/163
dummy,1,#collection #thursday #collection #sweatclothing now available at zara.com ref: 5369/270
dummy,1,#collection #wednesday #woman now available at zara.com #clothing ref: 6254/119
dummy,0,it's cold outside | theclothing edit #editorials thank you @rutgerschoone
dummy,1,#collection #tuesday #collection #waistclothing now available at zara.com ref: 3811/203
dummy,0,it's cold outside | theclothing edit #editorials thank you @sophiaahrens
dummy,0,#collection #monday #woman now available at zara.com #clothing ref: 6771/139 #clothing ref: 6771/137
dummy,0,kids | it'sseason! #collection #editorials now online and in-stores
dummy,0,kids | it'sseason! #collection #editorials now online and in-stores
dummy,1,#collection #weekend #woman #clothing now available at zara.com ref: 8317/431
dummy,1,new | key pieces. hand me the right one. now online and in-stores #zarakeypieces #editorials
dummy,0,#collection #thursday #woman now available at zara.com #clothing ref: 3057/266 #clothing ref: 8102/652 #clothing ref: 7823/651
dummy,1,new | key pieces. hand me the right one. now online and in-stores #zarakeypieces #editorials
dummy,1,#collection #wednesday #woman #clothing now available at zara.com ref: 7522/257
dummy,0,#collection #tuesday #collection now available at zara.com #clothing ref: 1255/215 #tclothing 5039/321 #clothing ref: 7223/201
dummy,0,#collection #monday #woman #clothing now available at zara.com ref: 8238/412
dummy,0,#collection #weekend #collection #clothing now available at zara.com ref: 0881/238
dummy,0,kids | ready to party. now in-stores and zara.com #collection
dummy,0,#collection #thursday #collection now available at zara.com #clothing ref: 1255/204 #clothing ref: 2655/102 #clothing ref: 6594/202 #hat ref: 1323/203
dummy,1,baby | ready to party. now in-stores and zara.com
dummy,1,#collection #wednesday #woman now available at zara.com #clothing ref: 4043/274 #clothing ref: 2398/050
dummy,0,#collection #tuesday #collection #clothing now available at zara.com ref: 1165/311
dummy,0,evening editorial | woman & man. now in-stores and zara.com #editorials thank you @matveylykov & @jackchambers
dummy,0,#collection #monday #woman now available at zara.com #clothing ref: 6873/135 #sweater ref: 6163/100
dummy,0,evening editorial | woman & man. now in-stores and zara.com #editorials thank you @harlethkuusik @lucindaschaefers @alexandraelizabethljadov & @lixiaoxing_li
dummy,0,#collection #weekend #collection now available at zara.com #clothing ref: 5070/207 #clothing ref: 5039/340
dummy,0,evening editorial | woman & man. now in-stores and zara.com #editorials
dummy,0,#collection #thursday #woman now available at zara.com #clothing ref: 3440/241 #clothing ref: 0387/164
dummy,0,#collection #wednesday #woman now available at zara.com #clothing ref: 3859/137 #clothing ref: 5644/237
dummy,0,#collection #tuesday #collection #clothing now available at zara.com ref: 1255/216
dummy,0,#collection #monday #woman now available at zara.com #clothing ref: 6873/116 #clothing ref: 4222/242 #clothing ref: 5119/001
dummy,1,#collection #weekend #woman #clothing now available at zara.com ref: 8250/416
dummy,1,#collection #thursday #woman now available at zara.com #clothing ref: 8177/373 #clothing ref: 8128/716
dummy,1,#collection #wednesday #collection #clothing now available at zara.com ref: 8203/566
dummy,1,#collection #tuesday #woman #clothing now available at zara.com ref: 6146/001
dummy,0,new editorial | boys & trees. available online and in-stores #editorials
dummy,0,#collection #monday #woman now available at zara.com #clothing ref: 1112/154 #clothing ref: 7632/673
dummy,0,new editorial | boys & trees. available online and in-stores #editorials
dummy,1,happy halloween!
dummy,0,collection | a new grunge. now online and in-stores #editorials
dummy,0,collection | a new grunge. now online and in-stores #editorials thank you @karlyloyce
dummy,1,#collection #weekend #collection now available at zara.com #clothing ref: 5252/219 #clothing ref: 5252/218
dummy,1,collection | a new grunge. now online and in-stores #editorials thank you @marjanjonkman
dummy,0,#collection #thursday #woman #clothing now available at zara.com ref: 8105/777
dummy,0,#collection #wednesday #woman #clothing now available at zara.com ref: 4886/274
dummy,0,#collection #tuesday #woman now available at zara.com #poncho ref: 6873/126 #clothing ref: 7961/775
dummy,1,#collection #monday #woman now available at zara.com #overclothing ref: 5070/213 #polo ref: 1198/229 #clothing ref: 6164/196
dummy,1,new | key pieces. mix and match. now available at zara.com and in-stores #keypieces
dummy,0,new | key pieces. mix and match. revamp your wardrobe with pattern and colour. now available at zara.com and in-stores. #keypieces
dummy,0,new | key pieces. mix and match. revamp your wardrobe with pattern and colour. now available at zara.com and in-stores. thank you @rosgeorgiou #keypieces
dummy,1,#collection #weekend #woman #bag now available at zara.com ref: 8099/004
dummy,0,#collection #thursday #collection now available at zara.com #tclothing ref: 2589/272 #shorts ref: 7901/321
dummy,0,greetings from @harmonyboucher #clothing
dummy,1,#collection #wednesday #woman now available at zara.com #clothing ref: 2655/100 #clothing ref: 8209/112
dummy,0,#collection #tuesday #woman #clothing now available at zara.com ref: 8049/411
dummy,0,#collection #monday #collection now available at zara.com #clothing ref: 1255/241 #clothing ref: 7162/001
dummy,1,happy weekend #accessories #scarf
dummy,1,#collection #weekend #woman now available at zara.com #clothing ref: 8212/402 #bag ref: 4520/204 #clothing ref: 7188/001
dummy,0,seasonals man | now in-stores and zara.com #zaraseasonals
dummy,1,#collection #thursday #collection #clothing #fauxfur now available at zara.com ref: 3811/208
dummy,0,seasonals man | now in-stores and zara.com #zaraseasonals
dummy,0,greetings from @maja_nw #collection
dummy,0,#collection #wednesday #woman #bricklane now available at zara.com #clothing ref: 7786/215 #clothing ref: 8212/402
dummy,1,seasonals man | now in-stores and zara.com thank you @yannickabrath #zaraseasonals
dummy,0,#collection #tuesday #collection now available at zara.com #tclothing ref: 4873/273 #clothing ref: 6855/911
dummy,1,#collection #monday #woman now available at zara.com #clothing ref: 7521/401
dummy,0,new |clothing all over #editorial #clothing now available in-stores and zara.com
dummy,0,new |clothing all over #editorial #clothing
dummy,1,happy weekend
dummy,1,#collection #weekend #woman now available at zara.com #clothing ref: 2281/100 #shortclothing ref: 2398/307
dummy,0,new |clothing all over #editorial #clothing thank you @margauxlenot
dummy,0,#collection #thursday #woman now available at zara.com #parka ref: 8073/250 #clothing ref: 5755/008 #clothing ref: 6594/202
dummy,1,#collection #wednesday #woman now available at zara.com #clothing ref: 3859/140 #clothing ref: 7149/254 #hat ref: 3306/203
dummy,1,greetings from @oliwiawedzicha #collection
dummy,1,#collection #tuesday #collection now available at zara.com #clothing ref: 7521/239 #clothing ref: 5039/276 #belt ref: 1736/206
dummy,0,#collection #monday #woman #season now available at zara.com #clothing ref: 5854/224
dummy,1,new baby boy collection | now available at zara.com and in-stores #babyboy #season
dummy,1,new baby boy collection | now available at zara.com and in-stores #babyboy #season
dummy,0,#collection #weekend #woman #season now available at zara.com #sunglasses ref: 2727/206 #clothing ref: 8090/696
dummy,1,new | key pieces. evening wear becomes day wear. now available in-stores and zara.com #keypieces
dummy,0,#collection #thursday #woman #season now available at zara.com #clothing ref:3833/221 #clothing ref: 4070/223 #clothing ref: 5308/001
dummy,0,new | key pieces. evening wear becomes day wear. now available in-stores and zara.com #keypieces
dummy,1,#collection #wednesday #collection #clothing #season now available at zara.com ref: 2589/275
dummy,0,new | key pieces. evening wear becomes day wear. now available in-stores and zara.com #keypieces
dummy,1,#collection #tuesday #woman now available at zara.com #bag ref: 8008/004 #clothing ref: 5113/001
dummy,0,evening wear becomes day wear | tea break #keypieces thank you @laurakampman
dummy,1,#collection #monday #collection #sweatclothing #patchwork now available at zara.com ref: 1165/285
dummy,1,new | playing basics. boys #season now available in-stores and zara.com
dummy,1,new | playing basics. girls #season now available in-stores and zara.com
dummy,1,greetings from @rozanneverduin #collection #clothing
dummy,0,#collection #weekend #collection now available at zara.com #clothing ref: 8342/208 #clothing ref: 7937/515 #clothing ref: 7295/001
dummy,0,#collection #thursday #woman #season now available at zara.com #blazer ref: 8003/819 #clothing ref: 2655/100 #clothing ref:8000/819 #clothing ref: 5119/001
dummy,0,#collection #wednesday #woman now available at zara.com #clothing ref: 6771/122 #clothing ref: 7823/651 #clothing ref: 7297/001
dummy,0,hello fall #collection #season
dummy,1,#collection #tuesday #woman #bags #season now available at zara.com ref: 8437/004
dummy,0,seasonals | fall is back. thank you @alisaahmann #zaraseasonals #season now available in-stores and zara.com
dummy,1,#collection #monday #woman #season now available at zara.com #jumpsuit ref: 3564/156 #clothing ref: 5119/001
dummy,0,seasonals | fall is back. thank you @alisaahmann #zaraseasonals #season now available in-stores and zara.com
dummy,0,seasonals | fall is back. thank you @alisaahmann #zaraseasonals #season now available in-stores and zara.com
dummy,0,greetings from @a_sviridova #collection #season
dummy,1,#collection #weekend #collection now available at zara.com #clothing ref: 0881/211 #clothing ref: 7568/643 #clothing ref: 6688/207
dummy,0,#collection #thursday #collection now available at zara.com #clothing ref: 5547/101 #clothing ref: 7901/315
dummy,0,#collection #wednesday #woman #season now available at zara.com #clothing ref: 6873/104 #clothing ref: 8053/136 #clothing ref: 5119/001
dummy,1,"if you do, please send your cv or portfolio to doyou@zara.com indicating #yesido and your profile #fashiondesigner #buyer #productmanager #stylist #photographer #zaracareers"
dummy,1,#collection #tuesday #woman #season now available at zara.com #clothing ref: 7936/700 #clothing ref: 2655/100 #clothing ref: 7961/775 #clothing ref: 5119/001
dummy,0,new editorial | sporty kids #editorial #season
dummy,1,#collection #monday #woman #clothings #season now available at zara.com ref: 6098/250
dummy,1,the fall report | tailoring #editorial #trends
dummy,0,the fall report | gothic #editorial #trends thank you @hedvigpa
dummy,0,the fall report | mod #editorial #trends thank you @gracesimmons
dummy,0,#collection #weekend #collection now available at zara.com #clothing ref: 6977/270 #clothing ref: 7521/204 #clothing ref: 7158/001
dummy,0,the fall report | rock #editorial #trends thank you @gracesimmons
dummy,0,#collection #thursday #woman now available at zara.com #clothing ref: 7828/216 #clothing ref: 8005/125 #clothing ref: 7821/125
dummy,0,the fall report | retro #editorial #trends thank you @hedvigpa and @gracesimmons
dummy,1,#collection #wednesday #woman #bags #season now available at zara.com ref: 8103/004
dummy,0,the fall report | new editorial | woman #editorial thank you @gracesimmons @hedvigpa @alexandrahochguertel
dummy,0,#collection #tuesday #collection now available at zara.com #waistclothing ref: 7521/229 #clothing ref: 5584/281
dummy,0,#collection #monday #collection #season now available at zara.com #clothing ref: 7629/487 #tclothing ref: 5039/292 #clothing ref: 5039/304
dummy,0,this is tailoring | man. new editorial now available at zara.com thank you @sebastien_andrieu #editorial
dummy,0,this is tailoring | man. new editorial now available at zara.com thank you @sebastien_andrieu #editorial
dummy,0,#collection #weekend #woman #clothing #season now available at zara.com ref: 0387/158
dummy,1,new baby little capsule | 3 months - 4 years now available at zara.com
dummy,1,#collection #thursday #woman #season now available at zara.com #waistclothing ref: 2969/260 #clothing ref: 7568/643 #clothing ref: 4369/241
dummy,0,new editorial: hello september | kids #editorial #season
dummy,0,#collection #wednesday #woman #season now available at zara.com #clothing ref: 6538/101 #clothing ref: 2398/230
dummy,0,new editorial: hello september | kids #editorial #season
dummy,1,#collection #tuesday #collection #clothing now available at zara.com ref: 7521/238
dummy,0,new editorial: hello september | kids #editorial #season
dummy,1,#collection #monday #woman #season now available at zara.com #clothing ref: 9775/244
dummy,0,#collection #weekend #woman #season now available at zara.com #clothing ref: 6254/007 #clothing ref: 6254/006
dummy,1,#collection #thursday #collection #season now available at zara.com #clothing ref: 6050/280 #clothing ref: 6688/223 #clothing ref: 7295/001
dummy,0,#collection #wednesday #woman #clothing #season now available at zara.com ref:0977/230
dummy,0,#collection #tuesday #collection now available at zara.com #clothing ref: 5520/284 #clothing ref: 9123/286
dummy,1,#collection #monday #collection #season now available at zara.com #waistclothing ref: 3811/207 #clothing ref: 5646/102 #clothing ref: 6855/202
dummy,1,#collection #weekend #woman #clothing #season now available at zara.com ref: 7114/001
dummy,0,#collection #thursday #woman #season now available at zara.com #clothing ref: 1822/105 #clothing ref: 7418/250
dummy,0,#collection #wednesday #woman #clothing #season now available at zara.com ref: 6045/046
dummy,1,#collection #tuesday #woman #season now available at zara.com #clothing ref: 6771/115 #clothing ref: 3872/240
dummy,1,#collection #monday #collection #clothing #season now available at zara.com ref: 8342/252
dummy,1,season campaign |collection #collection #sayyourname thank you @haylotts
dummy,0,#collection #weekend #woman #clothing #season now available at zara.com ref: 7910/122
dummy,1,season campaign |collection #collection #sayyourname thank you @angelpupledge
dummy,1,#collection #thursday #collection #season now available at zara.com #clothing ref: 0881/230 #clothing ref: 9123/249 #clothing ref: 7214/001
dummy,1,season campaign |collection #collection #sayyourname thank you @jingwenll
dummy,0,#collection #wednesday #woman #knit #sweater #season now available at zara.com ref: 5039/223
dummy,1,season campaign |collection #collection #sayyourname thank you @willow.hand
dummy,0,#collection #tuesday #woman #season now available at zara.com #clothing ref: 1893/240 #clothing ref: 3859/116
dummy,1,season campaign |collection #collection #sayyourname thank you @daniwitt
dummy,1,#collection #monday #collection #season now available at zara.com #clothing ref: 6096/201 #clothing ref: 4391/261
dummy,0,#collection #weekend #woman #season now available at zara.com #tclothing ref: 1639/166 #clothing ref: 6917/240
dummy,1,#collection #thursday #woman #accessories #bag #season now available at zara.com ref: 2966/201
dummy,0,#collection #wednesday #woman #suede #season now available at zara.com #clothing ref: 2398/223 #clothing ref: 2398/229
dummy,0,new |season campaign | kids #collection
dummy,0,new |season campaign | kids #collection
dummy,0,new |season campaign | kids #collection
dummy,0,#collection #tuesday #collection #clothing #clothing #season now available at zara.com ref: 8197/271
dummy,0,"new |season campaign |collection #collection #sayyourname thank you @daniwitt, @jingwenll & @angelpupledge"
dummy,0,new |season campaign |collection #collection #sayyourname thank you @jingwenll & @haylotts
dummy,1,new |season campaign |collection #collection #sayyourname thank you @daniwitt & @willow.hand
dummy,0,#collection #monday #woman #season now available at zara.com #clothing ref: 4437/250 #clothing ref: 4886/246
dummy,1,new |season campaign | woman #collection
dummy,0,new |season campaign | woman #collection thank you @jueligeradrienne
dummy,0,new |season campaign | woman #collection thank you @micarganaraz & @olympiaca
dummy,0,#collection #weekend #woman #season now available at zara.com #waistclothing ref: 2969/247 #clothing ref: 6840/243
dummy,0,coming soon |season campaign. stay tuned! #collection
dummy,1,#collection #thursday #woman #clothing #season now available at zara.com ref: 0387/223
dummy,1,#collection #wednesday #collection #clothing #season now available at zara.com ref: 5520/281
dummy,1,#collection #tuesday #woman #clothing #season now available at zara.com ref: 5160/001
dummy,0,#collection #monday #woman #tclothing now available at zara.com ref: 0839/222
dummy,0,#collection #weekend #woman #season now available at zara.com #clothing ref: 5410/233 #clothing ref: 5479/044
dummy,0,#collection #thursday #woman #season now available at zara.com #clothing ref: 7732/358 #clothing ref: 7862/195
dummy,0,#collection #wednesday #collection #season now available at zara.com #clothing ref: 5575/271 #clothing ref: 6688/223
dummy,1,#collection #tuesday #woman #season now available at zara.com #clothing ref: 2646/701 #clothing ref : 2533/682
dummy,0,#collection #monday #woman #sunglasses #season now available at zara.com ref: 3147/201
dummy,0,#collection #weekend #collection #tclothing #season now available at zara.com ref: 6050/080
dummy,1,"if you do, please send your portfolio to doyou@zara.com indicating #yesido #fashionstylist #zaracareerswe are looking for fashion stylists to join the team"
dummy,1,#collection #thursday #collection #clothing #season now available at zara.com ref: 5643/292
dummy,0,#collection #wednesday #woman #season now available at zara.com #waistclothing ref: 7858/212 #clothing ref: 2777/364
