dummy,binary,text
dummy,1,musical instrument musical instrument accessory product design drum percussion accessory electronic instrument tom tom drum drums
dummy,0,bag handbag leather shoe material jacket
dummy,0,clothing fashion model black and white blazer outerwear sleeve shoulder formal wear jacket model
dummy,0,fashion model dress formal wear polka dot pattern design neck fashion day dress fashion design
dummy,1,clothing fashion model black and white shoulder sleeve outerwear model fashion joint monochrome photography
dummy,1,fur clothing fur fashion model headgear fashion furcap textile coat beanie animal product
dummy,0,product interaction album cover girl pattern smile
dummy,1,eyewear black and white vision care sunglasses glasses monochrome photography cool gentleman monochrome health & beauty
dummy,0,formal wear suit blazer outerwear button tuxedo jacket sleeve collar neck
dummy,1,fashion model coat black and white fashion shoulder overcoat outerwear joint gentleman neck
dummy,1,fur shoulder long hair animal product
dummy,0,standing fashion model black and white shoulder joint outerwear coat pattern costume gentleman
dummy,0,clothing tartan sleeve shoulder pattern outerwear plaid design sweater arm
dummy,0,furniture sitting shoulder product design chair shoe joint couch cushion human leg
dummy,1,beauty shoulder hairstyle portrait neck forehead photo shoot black hair human girl
dummy,1,shoulder snapshot fashion outerwear socialite fur joint road street shoe
dummy,0,black and white t shirt monochrome photography photography fashion sleeve design pattern monochrome product
dummy,1,pink purple magenta fashion jeans shoe trousers
dummy,0,clothing text product standing font product design joint pattern product pattern
dummy,0,clothing outerwear font neck pattern pattern brand sleeve
dummy,1,mammal rabits and hares rabbit child toddler ear product beige fur girl
dummy,1,shoulder sitting child product toddler textile leg joint cat flooring
dummy,1,nose cheek child neck toddler lip product ear
dummy,1,fashion accessory joint shoe leg tights costume thigh tartan punk fashion
dummy,0,purple textile outerwear magenta long hair girl
dummy,1,clothing outerwear shoe fur jeans trousers neck
dummy,1,boats and boating equipment and supplies water boat leisure oar vacation recreation boating plant community
dummy,1,clothing white snapshot outerwear jeans denim trousers product shoe sleeve
dummy,1,fashion model black and white model joint fashion monochrome photography photo shoot gentleman outerwear tights
dummy,1,purple violet fashion model outerwear model velvet costume magenta pattern
dummy,0,plaid tartan pattern sleeve outerwear design jacket dress shirt denim headgear
dummy,0,shoulder outerwear fashion jacket top
dummy,1,toddler child neck
dummy,1,nose toddler child infant neck product smile
dummy,1,shoulder neck joint
dummy,0,fashion accessory shoulder outerwear fashion photo shoot girl model electric blue neck
dummy,1,yellow hood fur fur clothing jacket
dummy,0,fur clothing fur coat fashion model neck collar
dummy,0,formal wear suit fashion model little black dress dress fashion shoulder gentleman outerwear tuxedo
dummy,1,woolen neck sweater fur clothing sleeve outerwear cardigan fur wool beige
dummy,0,suit formal wear tuxedo blazer fashion model shoulder gentleman outerwear fashion coat
dummy,0,outerwear cardigan coat overcoat woolen jacket fashion model neck sleeve sweater
dummy,1,eyebrow forehead chin cheek lip brown hair ear girl
dummy,1,human hair color blond outerwear long hair hair coloring girl brown hair neck portrait portrait photography
dummy,0,facial expression t shirt boy smile chin plaid forehead tartan outerwear cheek
dummy,0,photograph black and white monochrome photography photography photo shoot monochrome girl gentleman stock photography model
dummy,0,photograph black and white monochrome photography photography gentleman interaction monochrome stock photography film noir
dummy,0,black and white photography monochrome photography album cover fashion monochrome font brand model photo shoot
dummy,1,coat black and white fashion model gentleman fashion monochrome photography outerwear overcoat formal wear monochrome
dummy,0,fur clothing black and white fashion model fur shoulder fashion outerwear neck monochrome photography stole
dummy,1,coat jacket fashion model blazer outerwear top supermodel
dummy,1,headgear black and white hat cap monochrome photography knit cap neck monochrome pattern beanie
dummy,0,denim sleeve jacket outerwear fashion model neck pattern button model collar
dummy,0,footwear sitting shoe shoulder
dummy,0,suit outerwear gentleman formal wear blazer
dummy,1,shoulder outerwear joint girl product child mother daughter
dummy,1,photograph product textile bed sleep material infant comfort child
dummy,1,fur toddler wool product teddy bear child
dummy,0,plaid blazer tartan suit outerwear gentleman jacket formal wear design pattern
dummy,0,fashion accessory shoulder outerwear girl photo shoot neck pattern
dummy,0,photograph black and white standing monochrome photography snapshot gentleman outerwear vintage clothing monochrome stock photography
dummy,0,pink shoulder magenta outerwear product fashion girl textile t shirt
dummy,0,coat overcoat trench coat gentleman woolen fashion model beige formal wear
dummy,0,outerwear jacket fashion model suit blazer beige collar coat gentleman sleeve
dummy,0,photograph black and white monochrome photography photography snapshot monochrome pattern stock photography
dummy,1,clothing outerwear pattern coat denim costume
dummy,0,black and white model fashion model monochrome photography photo shoot photography shoulder top monochrome long hair
dummy,1,clothing shoulder outerwear sleeve jeans pattern joint girl trousers pattern
dummy,1,wheelbarrow vehicle cart toddler play child grass product plant table
dummy,1,child sitting toddler outerwear textile girl sleeve product material pattern
dummy,0,mammal soil dog like mammal tree grass
dummy,1,shoulder outerwear neck human behavior girl portrait photography
dummy,1,dog jacket dog like mammal outerwear jeans sweater textile sleeve snout neck
dummy,1,denim outerwear jeans fashion formal wear sleeve jacket shoe suit
dummy,0,photograph person man black and white gentleman model male monochrome photography photography chin
dummy,0,denim sitting jeans shoe trousers photo shoot model furniture
dummy,1,child outerwear girl boy product toddler smile portrait photography
dummy,1,t shirt outerwear neck sleeve product cool cap brand
dummy,1,tree plant grass forest jungle girl
dummy,1,clothing fashion model dress neck velvet day dress sleeve magenta model pattern
dummy,0,outerwear shoulder photo shoot neck model girl pattern
dummy,1,yellow shoulder outerwear textile neck pattern photo shoot sleeve
dummy,0,black and white gentleman fashion model photography fashion jacket model monochrome photography outerwear monochrome
dummy,1,black and white model photography fashion model monochrome photography shoulder fashion outerwear photo shoot gentleman
dummy,0,photograph black and white sitting beauty standing model photography monochrome photography photo shoot shoulder
dummy,0,headgear fashion accessory cap cool beanie hat denim
dummy,0,photograph facial expression black and white plaid photography sleeve smile boy monochrome photography outerwear
dummy,0,photograph facial expression black and white photography monochrome photography smile shoulder photo shoot girl monochrome
dummy,0,clothing fashion model shoulder supermodel jeans outerwear waist model trousers abdomen
dummy,0,sitting fashion model jeans denim shoe trousers
dummy,0,gentleman fashion outerwear costume formal wear
dummy,1,black photograph sitting black and white model beauty fashion model photo shoot shoulder photography
dummy,0,photograph black and white monochrome photography headgear gentleman photography cap male fedora cool
dummy,0,gentleman outerwear eyewear fashion sleeve suit cool vision care album cover blazer
dummy,0,fashion suit outerwear shoe formal wear gentleman coat fashion design jeans model
dummy,0,clothing yellow outerwear coat formal wear robe
dummy,0,outerwear shoulder pattern long hair product pattern
dummy,0,yellow fashion model shoulder sleeve photo shoot neck beige
dummy,1,purple fashion outerwear costume tradition socialite costume design formal wear fashion design pattern
dummy,1,fashion costume design pattern fashion design
dummy,1,photograph yellow human hair color photography standing child girl outerwear blond human behavior
dummy,1,sitting sleeve child photography outerwear boy sweater toddler child model t shirt
dummy,1,beauty human hair color girl smile shoulder fashion accessory headgear neck outerwear cool
dummy,1,girl stock photography
dummy,0,girl portrait photo shoot brown hair model
dummy,1,red clothing outerwear girl shoulder fashion textile product jacket long hair
dummy,1,shoulder outerwear textile girl product pattern smile beige
dummy,0,eyewear red vision care glasses sunglasses cool girl square magenta smile
dummy,0,formal wear suit blazer shoulder outerwear tuxedo neck magenta jacket
dummy,0,gentleman forehead necktie outerwear neck white collar worker portrait formal wear professional beige
dummy,0,font product design collection light fixture
dummy,0,lighting font product design light fixture
dummy,0,light fixture product lighting font product design lamp brand
dummy,0,shoulder outerwear suit formal wear
dummy,0,shoe fashion model gentleman fashion outerwear sleeve shorts trousers neck
dummy,0,khaki waist joint trousers beige active pants shoe human leg abdomen pocket
dummy,1,fashion model shoulder supermodel leg thigh model joint photo shoot lingerie tights
dummy,1,clothing dress outerwear day dress design nightwear pattern pattern sleeve robe
dummy,1,clothing shoulder purple sleeve neck outerwear blouse top pattern
dummy,0,shoulder model fashion model photo shoot brown hair neck
dummy,0,t shirt forehead black hair product brown hair neck long hair hair coloring
dummy,0,headgear neck hair accessory hat
dummy,0,red product outerwear textile pattern clothes hanger pattern
dummy,0,clothing yellow eyewear outerwear fashion model vision care blazer coat top button
dummy,0,plaid tartan outerwear pattern shoulder jacket design product sleeve neck
dummy,0,fashion model fashion formal wear gentleman suit shoe runway blazer model fashion design
dummy,0,black and white beauty monochrome photography photography fashion accessory headgear gentleman fashion monochrome model
dummy,1,dress outerwear fashion costume pattern pattern fashion design
dummy,0,footwear shoe dress fashion outerwear pattern design tartan fashion design pattern
dummy,1,clothing pink shoulder dress textile product child girl nightwear toddler
dummy,0,sitting child child model toddler photo shoot girl portrait photography
dummy,1,clothing shoulder sleeve joint child neck beige abdomen waist trousers
dummy,0,chin eyebrow cheek forehead neck black hair human wig lip hair coloring
dummy,1,eyebrow chin lip cheek forehead neck black hair wig brown hair ear
dummy,0,photograph black and white photo shoot photography monochrome photography fashion model headgear model shoe fashion
dummy,0,clothing denim fashion model jeans fashion outerwear sleeve model fashion design
dummy,0,clothing black and white fashion model sleeve outerwear fashion coat shirt monochrome photography dress shirt
dummy,1,clothing sleeve t shirt shoulder joint outerwear product neck top girl
dummy,1,yellow shoulder shoe neck outerwear joint product pattern
dummy,1,clothing day dress shoulder dress fashion model joint fashion sleeve outerwear neck
dummy,1,clothing t shirt shoulder sleeve dress joint neck product
dummy,1,white bag yellow handbag shoulder fashion outerwear pattern shoe
dummy,1,fashion model black and white shoulder fashion design pattern joint trunk abdomen fashion design
dummy,0,black and white shoulder pattern design monochrome photography polka dot fashion monochrome photo shoot retro style
dummy,0,photograph shoulder standing product shoe joint furniture
dummy,1,clothing t shirt shoulder denim textile jeans sleeve outerwear product fashion
dummy,0,hair photograph facial expression microphone smile emotion fun laughter outerwear sunglasses
dummy,1,fashion model shoulder neck tartan sleeve pattern nightwear retro style plaid handbag
dummy,1,pink shoulder day dress waist joint peach trunk neck abdomen pattern
dummy,1,hat sun hat headgear fashion accessory fedora cowboy hat
dummy,0,footwear shoe shoulder joint outerwear neck sleeve shorts human leg beige
dummy,0,sleeve outerwear shoulder neck t shirt headgear jeans trousers pocket cap
dummy,1,clothing t shirt black and white shoulder sleeve joint neck model monochrome photography muscle
dummy,0,t shirt white black and white shoulder joint sleeve fashion fashion model monochrome photography neck
dummy,1,clothing swimwear aqua turquoise shorts shoulder one piece swimsuit fashion model swimsuit top t shirt
dummy,0,cap headgear beanie outerwear hair accessory hat
dummy,1,child toddler smile girl fun neck pattern
dummy,0,sleeve t shirt shoulder neck outerwear jersey joint collar sportswear
dummy,0,white sleeve t shirt collar product shoulder outerwear neck product formal wear
dummy,0,sleeve t shirt shoulder headgear outerwear cap protective gear in sports arm neck electric blue
dummy,0,outerwear robe coat neck costume
dummy,0,clothing yellow shoulder joint dress trunk abdomen neck vacation pattern
dummy,1,fashion model shoulder handbag fashion accessory joint waist fashion miniskirt trunk thigh
dummy,1,clothing vacation shoulder dress outerwear summer neck sand joint shorts
dummy,1,clothing photograph shoulder shoe outerwear vacation sitting joint summer neck
dummy,0,headgear cap hair accessory sun hat beanie knit cap hat neck headpiece
dummy,1,fashion model shoulder model fashion joint t shirt sleeve photo shoot neck supermodel
dummy,0,eyewear t shirt sleeve neck sunglasses vision care cool collar
dummy,1,clothing textile day dress formal wear pattern pattern
dummy,1,clothing shoulder day dress sleeve costume fashion model neck robe nightwear kimono
dummy,1,clothing blue shoulder costume pattern day dress joint
dummy,1,photograph girl smile outerwear fun child happiness toddler vacation friendship
dummy,0,property architecture building facade angle roof elevation house
dummy,1,clothing denim jeans shoulder outerwear toddler sleeve child shorts girl
dummy,1,sitting leg fashion model lingerie human leg thigh photo shoot shoe undergarment model
dummy,1,sitting leg thigh human leg undergarment shoe
dummy,1,fashion outerwear neck sleeve denim model photo shoot jacket
dummy,0,sleeve outerwear dress shirt neck cool t shirt denim top model jeans
dummy,1,shoulder joint neck
dummy,0,joint shoulder standing physical fitness arm leg tights human leg thigh balance
dummy,1,yellow sitting beauty fashion model shoulder leg black hair model photo shoot girl
dummy,1,photograph black and white monochrome photography photo shoot photography flower monochrome stock photography girl
dummy,0,clothing costume outerwear fashion model formal wear white coat neck robe suit
dummy,1,yellow clothing dress flower spring summer meadow wildflower grass field
dummy,1,clothing fashion model day dress dress shoulder joint neck cocktail dress sleeve photo shoot
dummy,0,surfing equipment and supplies surfboard wood sports equipment
dummy,1,photograph sitting girl toddler child photo shoot child model portrait photography shoe pattern
dummy,1,clothing shoulder fashion model joint design polka dot sleeve pattern waist neck
dummy,1,fashion model model shoulder supermodel photo shoot leg lingerie thigh arm long hair
dummy,1,photograph snapshot dress vacation ceremony
dummy,1,blue photograph sitting shoulder fashion accessory photography vacation leisure product shoe
dummy,1,blue clothing fashion model shoulder electric blue joint fashion girl shoe costume
dummy,1,white clothing shoulder joint costume neck outerwear sleeve formal wear gown
dummy,1,white shoulder joint waist neck fashion model arm abdomen trunk sleeve
dummy,1,photograph shoulder romance interaction gown bride wedding stock photography neck honeymoon
dummy,1,t shirt boy shoulder sleeve outerwear product arm cool neck child
dummy,1,green outerwear tree stock photography angle product
dummy,1,shoulder outerwear fashion model photo shoot sleeve neck product
dummy,0,suit formal wear tuxedo gentleman outerwear blazer white collar worker businessperson
dummy,1,shoulder fashion model neck outerwear fashion joint sleeve supermodel peach model
dummy,0,plaid suit outerwear shoulder fashion sleeve design pattern formal wear dress shirt
dummy,1,clothing denim jeans fashion model shoulder fashion outerwear trousers sleeve fashion design
dummy,1,clothing fashion model fashion outerwear shoe jeans trousers neck leggings pattern
dummy,1,clothing fashion model fashion denim day dress outerwear shoe fashion design pattern pattern
dummy,1,bag shoulder handbag joint product pattern neck pattern
dummy,1,footwear shoe sandal outdoor shoe beige product design high heeled footwear
dummy,1,hat headgear fedora sun hat cap beige
dummy,0,shoulder outerwear neck t shirt sleeve pocket jacket joint
dummy,0,black and white jacket photography monochrome photography outerwear zipper gentleman pattern design sleeve
dummy,0,jeans shoulder denim fashion model trousers joint
dummy,1,black and white fashion model shoulder monochrome photography neck monochrome photo shoot day dress model joint
dummy,1,photograph sitting black and white standing photography monochrome photography photo shoot shoulder girl monochrome
dummy,0,fashion model model shoulder photo shoot beauty supermodel cocktail dress black hair joint neck
dummy,0,fashion model shoulder supermodel neck model photo shoot day dress joint sleeve
dummy,1,white clothing fashion model shoulder joint dress neck fashion sleeve eyewear
dummy,1,clothing fashion model fashion dress outerwear day dress fashion design professional shoe pattern
dummy,0,clothing fashion model dress fashion day dress shoulder waist catwalk fashion design pattern
dummy,0,clothing pink fashion model fashion shoulder dress magenta joint catwalk fashion design
dummy,1,pink clothing shoulder fashion model sleeve pajamas neck joint magenta shoe
dummy,0,clothing white jeans fashion model joint shoulder black and white standing waist sleeve
dummy,1,clothing pink fashion model coat fashion outerwear jacket pajamas
dummy,1,clothing shoulder cobalt blue electric blue sleeve fashion model neck headgear pattern nightwear
dummy,1,clothing white sleeve fashion model t shirt shoulder joint fashion neck muscle
dummy,0,footwear shoulder joint leg shoe sitting flooring girl arm child
dummy,1,girl child photo shoot toddler portrait photography neck
dummy,0,skin shoulder neck joint child arm girl product
dummy,0,clothing shoulder dress t shirt outerwear sleeve day dress joint neck pattern
dummy,0,standing shoulder child human behavior sitting outerwear toddler girl pattern product
dummy,0,clothing fashion model shoulder dress pattern day dress design pattern photo shoot joint
dummy,0,black and white coat monochrome photography photography shoulder fashion photo shoot model outerwear gentleman
dummy,0,coat jacket overcoat outerwear neck long hair leather jacket leather
dummy,0,sleeve shoulder neck outerwear knitting design pattern sweater joint poncho
dummy,0,jacket hood leather jacket hoodie zipper textile leather sleeve
dummy,0,photograph headgear outerwear standing portrait black and white design smile pattern sleeve
dummy,0,shoulder outerwear formal wear angle suit
dummy,0,photograph black and white monochrome photography photography fashion accessory outerwear monochrome angle stock photography
dummy,0,outerwear jacket sleeve product blouse neck pattern
dummy,0,coat overcoat outerwear collar neck sleeve
dummy,1,clothing fashion model shoulder sleeve joint fashion waist supermodel neck day dress
dummy,1,clothing white fashion model black and white sleeve shoulder photo shoot neck joint model
dummy,1,yellow bag shoulder woolen sleeve outerwear neck handbag joint
dummy,0,fashion model beauty shoulder model fashion black hair neck socialite girl black model
dummy,0,yellow shoulder t shirt outerwear fashion arm neck uniform product professional
dummy,0,fashion model fashion shoulder pattern blouse t shirt neck product
dummy,0,jacket leather jacket overcoat coat zipper hood leather sleeve pocket collar
dummy,1,jacket leather jacket leather shoulder fashion model material zipper sleeve neck
dummy,1,sleeve shoulder fashion model t shirt neck brown hair joint top model product
dummy,0,facial expression smile child girl product brown hair child model
dummy,0,clothing sleeve t shirt shoulder outerwear joint neck product font shoe
dummy,1,clothing outerwear coat girl fashion textile top jacket sleeve costume
dummy,1,clothing fashion girl long hair
dummy,0,clothing shoulder sleeve outerwear jeans joint neck trousers shoe t shirt
dummy,0,sleeve dress shirt t shirt male shirt outerwear shoulder neck cool model
dummy,1,photograph pink room shoulder standing girl window wood joint door
dummy,0,white photograph black facial expression black and white girl smile monochrome photography photography emotion
dummy,1,white clothing girl shoulder product fashion blond leg socialite t shirt
dummy,1,child toddler girl
dummy,1,girl child hair accessory smile fun
dummy,1,shoulder joint shoe girl
dummy,0,black and white model beauty gentleman suit fashion model photography monochrome photography formal wear photo shoot
dummy,0,black black and white model fashion model gentleman photography monochrome photography shoulder photo shoot outerwear
dummy,0,clothing white shoulder sleeve joint fashion dress blouse pattern neck
dummy,0,fashion model fashion outerwear socialite product supermodel pattern pattern sleeve fashion design
dummy,0,clothing white fashion model fashion outerwear pattern sleeve trunk blouse top
dummy,0,jacket outerwear gentleman sleeve fashion model neck button coat collar
dummy,0,shoulder outerwear gentleman formal wear jacket beige sleeve product joint neck
dummy,0,clothing pink fashion model shoulder stole jeans joint sleeve girl blouse
dummy,0,sitting footwear jeans beauty fashion model denim girl shoe standing photo shoot
dummy,0,fashion model human hair color beauty model photo shoot supermodel shoulder blond long hair muscle
dummy,0,jewellery necklace chain neck
dummy,0,footwear white shoe boot product design high heeled footwear product ankle walking shoe
dummy,0,bag shoulder handbag fashion joint jeans product pattern
dummy,0,t shirt white photograph sleeve man black and white shoulder neck male photography
dummy,0,photograph black and white chin male t shirt photography forehead monochrome photography portrait model
dummy,0,clothing fashion model shoulder outerwear sleeve joint leggings shoe neck waist
dummy,0,black sleeve t shirt black and white shoulder photography standing male neck monochrome photography
dummy,1,coat outerwear beige peach
dummy,0,clothing robe magenta costume coat outerwear pattern
dummy,1,fashion model clothing pink shoulder dress model fashion supermodel sleeve photo shoot
dummy,0,clothing pink fashion model neck pattern shoe sleeve peach leggings fashion design
dummy,0,human hair color beauty blond model chin long hair supermodel forehead fashion model hair coloring
dummy,1,shoulder neck orange joint sleeve arm active undergarment peach
dummy,0,shoulder neck fashion model sleeve joint supermodel waist active undergarment photo shoot beige
dummy,1,clothing fashion model shoulder denim jeans joint fashion waist electric blue long hair
dummy,0,black and white monochrome photography photography fashion monochrome stock photography fashion design shoe
dummy,0,product design angle triangle
dummy,0,product design furniture triangle angle
dummy,1,shoulder joint fashion accessory arm neck girl shoe vision care
dummy,1,clothing fashion model shoulder fashion jeans sleeve waist trunk joint pattern
dummy,1,clothing sleeve fashion model outerwear shirt dress shirt neck pattern blouse
dummy,0,clothing standing denim jeans fashion model outerwear costume sleeve trousers neck
dummy,0,footwear shoulder fashion model shoe model joint leg photo shoot supermodel neck
dummy,0,shoulder neck photo shoot
dummy,0,clothing shoulder fashion model neck fashion sleeve leggings fashion design trousers
dummy,0,photograph black black and white photography monochrome photography model photo shoot gentleman jacket human
dummy,1,shoulder shoe sitting girl joint pattern beige
dummy,0,photograph woman black black and white monochrome photography beauty photography photo shoot shoulder snapshot
dummy,0,fashion model model black and white gentleman photography standing fashion outerwear photo shoot coat
dummy,0,standing gentleman black and white outerwear fashion model coat joint monochrome photography monochrome uniform
dummy,0,photograph beauty black and white eyebrow monochrome photography model photography photo shoot eye black hair
dummy,0,fashion model black and white monochrome photography joint shoulder model fashion photography gentleman photo shoot
dummy,0,text black font logo line product area black and white brand product design
dummy,1,photograph black and white monochrome photography photography beauty shoulder photo shoot sleeve outerwear portrait
dummy,1,clothing tartan plaid outerwear pattern sleeve design product neck pattern
dummy,0,fashion model gentleman outerwear black and white coat photo shoot formal wear model long hair fashion design
dummy,1,white clothing shoulder sleeve outerwear joint black and white t shirt neck pattern
dummy,1,cap knit cap headgear beanie hat woolen bonnet sun hat
dummy,1,black and white monochrome photography photography gentleman monochrome black hair portrait photo shoot neck
dummy,1,fashion model clothing dress day dress shoulder fashion model cocktail dress neck girl
dummy,1,clothing woolen outerwear sleeve scarf neck sweater stole wool girl
dummy,1,coat jacket fashion model fashion outerwear textile model fur clothing leather jacket fur
dummy,1,outerwear flower sleeve vision care neck top brown hair product girl
dummy,0,face portrait eyebrow beauty girl drawing forehead cheek design long hair
dummy,1,clothing sweater woolen outerwear sleeve neck poncho wool pattern blouse
dummy,0,purple girl fun performance computer wallpaper happiness event pop music
dummy,0,fur clothing fashion model fur beauty eyebrow fashion cheek textile lip supermodel
dummy,0,footwear jacket outerwear jeans gentleman fashion boy sweater shoe cool
dummy,0,black photograph person black and white beauty photography monochrome photography gentleman male outerwear
dummy,0,coat overcoat outerwear fashion woolen fashion model jacket gentleman sweater
dummy,1,fur clothing fur girl coat outerwear textile jeans material long hair fun
dummy,1,coat fashion model fashion fashion show suit outerwear overcoat runway socialite blazer
dummy,1,clothing black black and white coat standing photography outerwear fashion shoulder monochrome photography
dummy,0,face facial expression black and white portrait nose beauty head shoulder emotion drawing
dummy,1,string instrument sitting guitar plucked string instruments product musical instrument musician music girl fun
dummy,1,snow winter mountainous landforms wilderness tree ridge mountain mountain range sky geological phenomenon
dummy,1,clothing hood hoodie outerwear fashion model coat jacket sleeve neck
dummy,1,fashion model shoulder sleeve fashion model neck supermodel socialite formal wear long hair
dummy,1,fashion shoulder girl outerwear sitting shoe socialite fun long hair photo shoot
dummy,0,white black photograph black and white beauty girl photography snapshot monochrome photography fashion
dummy,0,footwear fashion model shoe fashion shoulder supermodel leg photo shoot long hair joint
dummy,1,photograph child girl mother happiness joint photo shoot trunk infant smile
dummy,1,fun girl interaction happiness computer wallpaper romance
dummy,1,human hair color hairstyle shoulder long hair bangs fashion model black hair girl brown hair hair coloring
dummy,1,fashion model denim jeans fashion dress girl socialite photo shoot shoe model
dummy,1,dress girl sky photo shoot vacation sand summer landscape beach model
dummy,1,black black and white shoulder beauty neck standing monochrome photography photography joint model
dummy,0,shoulder neck arm joint active undergarment product thigh
dummy,1,neck joint shoulder active undergarment arm temporary tattoo back waist muscle sleeve
dummy,1,fashion model shoulder outerwear fashion model joint neck sleeve pattern jeans
dummy,1,undergarment lingerie active undergarment shoulder fashion model brassiere waist lingerie top leather swimsuit top
dummy,1,black black and white shoulder neck fashion joint sleeve monochrome photography monochrome product
dummy,1,black shoulder joint waist neck sleeve abdomen fashion design
dummy,1,fashion model sitting shoulder coat fashion outerwear leather girl shoe denim
dummy,1,clothing jeans fashion model waist sleeve denim abdomen trousers joint trunk
dummy,0,shoulder child outerwear girl neck
dummy,0,pumpkin product winter squash food toddler child calabaza
dummy,0,pumpkin calabaza winter squash cucurbita vegetable squash produce gourd food cucumber gourd and melon family
dummy,0,product design box font brand
dummy,1,footwear boot shoe riding boot high heeled footwear cowboy boot product design
dummy,1,child toddler table
dummy,1,fashion model sitting shoe model fashion outerwear formal wear suit sleeve gentleman
dummy,0,black and white sleeve photography t shirt outerwear fashion pattern monochrome photography plaid design
dummy,0,black and white jacket photography snapshot monochrome photography girl outerwear standing black hair top
dummy,0,standing suit outerwear formal wear vacation sky girl
dummy,1,fashion model coat fashion jacket overcoat waist sleeve leather
dummy,1,coat formal wear blazer overcoat suit outerwear jacket fashion model sleeve tuxedo
dummy,1,fashion model model black and white photo shoot beauty supermodel photography monochrome photography standing black hair
dummy,1,white black black and white fashion model standing beauty model photography monochrome photography shoulder
dummy,0,black black and white beauty photography girl monochrome photography shoulder standing model photo shoot
dummy,1,jacket product leather jacket textile outerwear product leather material top t shirt
dummy,0,shoulder black hair joint
dummy,0,footwear product shoe product product design electric blue font outdoor shoe boot ankle
dummy,0,product picture frame product design product font
dummy,0,product product design font product picture frame brand
dummy,0,shoulder joint neck font
dummy,1,footwear shoe human leg boot ankle high heeled footwear joint
dummy,0,clothing fashion model outerwear shoulder neck sleeve day dress peach
dummy,0,box product design product paper
dummy,1,clothing fashion model outerwear cardigan sweater photo shoot neck model sleeve top
dummy,1,white black and white fashion model monochrome photography shoulder standing joint outerwear dress fashion
dummy,0,footwear leg tights joint thigh boot shoe human leg knee ankle
dummy,0,footwear shoe leg snapshot joint poster girl knee thigh
dummy,0,poster hand snapshot finger nail girl font
dummy,1,black shoulder bag product font brand handbag pattern
dummy,0,footwear shoe leg foot font girl
dummy,0,dress outerwear fashion
dummy,1,clothing black dress outerwear little black dress fashion formal wear sleeve cocktail dress
dummy,0,finger hand poster font brand thumb
dummy,1,blue photograph beauty grass girl photography eye fun plant smile
dummy,0,suit formal wear tuxedo gentleman blazer outerwear fashion model shoe model
dummy,0,sleeve dress shirt formal wear shirt t shirt outerwear suit gentleman professional top
dummy,0,technology girl
dummy,1,clothing fashion model outerwear shoulder fashion girl joint sleeve pattern top
dummy,1,sleeve outerwear jersey fashion model neck shoe sweater
dummy,1,t shirt formal wear outerwear sleeve fashion suit jacket model gentleman neck
dummy,1,fur clothing fur outerwear fashion model coat sleeve jacket animal product neck
dummy,1,beauty fashion model shoulder model chin neck supermodel photo shoot brown hair long hair
dummy,1,clothing fashion model outerwear sleeve costume coat shoe joint neck top
dummy,1,clothing fashion model shoulder joint waist sleeve neck photo shoot model supermodel
dummy,1,coat sleeve fashion model overcoat neck trench coat model shirt dress shirt jacket
dummy,1,fashion model pattern
dummy,1,clothing jacket fashion model sleeve outerwear denim neck coat
dummy,1,clothing jacket outerwear sleeve fashion model coat fur product girl
dummy,1,clothing shoulder joint fashion model fashion neck girl sleeve trunk photo shoot
dummy,1,person child sitting eye girl human fun nap human behavior hug
dummy,0,furniture sitting table standing shoe chair human behavior gentleman couch professional
dummy,1,coat fashion model gentleman fashion outerwear socialite suit overcoat shoe fashion design
dummy,1,white black photograph black and white blazer beauty girl monochrome photography photography jacket
dummy,1,shoulder outerwear design joint sleeve font pattern t shirt brand
dummy,1,clothing day dress fashion model dress shoulder outerwear neck sleeve pattern
dummy,1,clothing shoulder outerwear sleeve product design joint pattern neck shoe
dummy,1,child headgear water girl
dummy,1,fashion model dress shoulder day dress neck peach beige model photo shoot supermodel
dummy,0,fashion outerwear plaid coat tartan jacket pattern design product blazer
dummy,0,clothing coat suit outerwear fashion jacket formal wear blazer gentleman product
dummy,1,clothing fashion model sleeve dress shirt blouse neck top waist shirt girl
dummy,0,hair child shoulder human behavior smile cheek neck child model brown hair hair coloring
dummy,0,shoulder smile standing photography girl fun product joint friendship t shirt
dummy,1,fashion model model beauty supermodel photo shoot shoulder arm human leg brown hair long hair
dummy,1,clothing black t shirt sleeve shoulder fashion model neck product joint supermodel
dummy,1,bag shoulder product product backpack product design handbag luggage & bags brand
dummy,1,beauty forehead jewellery ear neck hand lip finger eyelash girl
dummy,1,clothing t shirt sleeve fashion model shoulder fashion neck outerwear socialite girl
dummy,1,fashion model photo shoot shoulder model supermodel brown hair neck jewellery
dummy,1,t shirt clothing sleeve shoulder jeans outerwear shoe product fun font
dummy,1,clothing shoulder sleeve neck fashion model joint trousers waist
dummy,0,clothing fashion model fashion outerwear coat jacket model fashion design stylist
dummy,1,cat small to medium sized cats fur girl cat like mammal child kitten ear toddler
dummy,1,shoulder product girl pattern child model toddler
dummy,1,clothing sleeve fashion model shoulder blouse neck peach top joint
dummy,1,clothing fashion model dress day dress shoulder neck fashion sleeve fashion design little black dress
dummy,1,clothing shoulder fashion model joint dress sleeve pattern neck design polka dot
dummy,1,photograph black black and white jacket monochrome photography photography snapshot outerwear fashion product
dummy,1,photograph black and white gentleman photography monochrome photography forehead monochrome portrait human behavior professional
dummy,1,black and white gentleman outerwear monochrome photography suit product jacket monochrome human behavior formal wear
dummy,1,stock photography
dummy,1,water stock photography sky computer wallpaper
dummy,1,collage organism photomontage friendship fun religion recreation advertising human behavior
dummy,1,clothing fashion model jeans denim waist shoulder fashion trunk sleeve joint
dummy,1,footwear shoe product outdoor shoe sandal product design
dummy,1,fashion model sitting beauty photo shoot shoulder photography fashion model girl jeans
dummy,1,fashion model clothing fashion waist photo shoot supermodel trunk neck shoe trousers
dummy,1,clothing shoulder day dress sleeve fashion model neck muscle joint peach
dummy,1,clothing footwear sitting human hair color leg shoulder girl blond shoe outerwear
dummy,1,clothing shoulder joint sleeve outerwear waist fashion model neck trunk abdomen
dummy,1,clothing shoulder fashion model turquoise neck joint turquoise muscle electric blue sleeve
dummy,1,clothing jeans denim shoulder waist fashion model joint sleeve trousers neck
dummy,1,facial expression chin smile neck lip cheek forehead mouth jaw sleeve
dummy,1,clothing sleeve shoulder fashion model joint dress neck day dress costume waist
dummy,1,footwear shoe high heeled footwear sandal joint ballet flat outdoor shoe
dummy,1,clothing fashion model waist trousers leggings electric blue neck shoe
dummy,1,photograph person man black and white photography male monochrome photography muscle arm monochrome
dummy,1,fashion model denim fashion outerwear coat jeans photo shoot
dummy,1,t shirt shoulder sleeve neck joint product outerwear arm cool smile
dummy,1,clothing fashion model sleeve supermodel fashion shoulder shirt neck blouse t shirt
dummy,1,footwear shoe slipper sandal leg outdoor shoe toe flip flops human leg ankle
dummy,1,fashion model clothing shoulder supermodel photo shoot joint outerwear fashion model long hair
dummy,0,clothing blue white t shirt sleeve shoulder neck joint product outerwear
dummy,0,black and white shoulder photography neck monochrome photography fashion model photo shoot model outerwear monochrome
dummy,0,clothing black and white fashion model photography fashion outerwear monochrome photography sleeve jacket photo shoot
dummy,1,clothing day dress dress fashion model shoulder joint photo shoot model neck formal wear
dummy,0,fashion model dress shoulder waist joint fashion cocktail dress neck supermodel model
dummy,1,footwear white shoe sandal product design outdoor shoe product beige
dummy,1,clothing pink waist joint shoulder pocket sleeve button peach shorts
dummy,0,jacket sleeve outerwear neck t shirt collar
dummy,1,sleeve outerwear collar t shirt neck button shirt
dummy,0,fashion model standing fashion shoe outerwear sleeve trousers jeans neck
dummy,1,sitting grass grassland hay girl prairie field meadow blond grass family
dummy,0,girl leg undergarment black hair lingerie thigh brown hair
dummy,0,joint shoulder neck trunk abdomen photo shoot long hair thigh
dummy,1,footwear aqua electric blue sandal product shoe product design outdoor shoe turquoise suede
dummy,0,clothing dress fashion model outerwear formal wear costume neck trunk electric blue day dress
dummy,0,beauty model girl fashion model lady sitting photo shoot fashion black hair long hair
dummy,0,shoulder joint dress romance interaction vacation summer abdomen fun love
dummy,0,people photograph human hair color child girl shoulder photography smile fun summer
dummy,0,shoulder shorts girl summer arm hand joint finger photo shoot collage
dummy,0,white gown dress wedding dress shoulder bridal clothing bride photo shoot neck trunk
dummy,0,photograph woman dress gown wedding girl bride ceremony event fun
dummy,0,clothing shoulder fashion kimono fashion model
dummy,0,clothing fashion model dress shoulder cocktail dress girl gown day dress joint photo shoot
dummy,0,photograph bride romance wedding dress fun girl gown bridal clothing happiness
dummy,1,footwear shoe sandal human leg finger leg hand nail arm slipper
dummy,0,font outerwear pattern paper picture frame
dummy,0,yellow human hair color beauty blond shoulder girl long hair neck brown hair photo shoot
dummy,1,handbag bag shoulder bag fashion accessory beige product
dummy,1,fashion model outerwear fashion sleeve jacket neck
dummy,0,fun mouth girl neck
dummy,0,suit clothing formal wear blazer gentleman outerwear tuxedo plaid fashion model white collar worker
dummy,0,shoulder font product pattern paper brand
dummy,1,suit formal wear fashion model blazer gentleman fashion standing outerwear tuxedo white collar worker
dummy,0,hair black and white hairstyle beauty eyebrow chin monochrome photography photography forehead gentleman
dummy,1,footwear shoe sandal product design product outdoor shoe beige font flip flops high heeled footwear
dummy,0,eyewear vision care sleeve shoulder outerwear fashion sunglasses cool neck product
dummy,0,denim jeans fashion outerwear textile product sleeve shirt girl top
dummy,1,fashion model clothing day dress shoulder dress fashion joint neck peach waist
dummy,0,clothing footwear shoe fashion shoulder outerwear denim product design jeans
dummy,0,yellow shoulder font picture frame brand pattern
dummy,0,fashion outerwear product gentleman long hair brand fashion design denim
dummy,0,fashion model jeans fashion denim shoulder shoe girl fashion design supermodel product
dummy,0,shoulder dress fashion sitting girl gown photo shoot flower textile socialite
dummy,1,text font product logo line product area brand angle number
dummy,0,white photograph black road black and white girl standing street infrastructure jacket
dummy,0,sleeve long sleeved t shirt t shirt shoulder product outerwear sweater neck jersey brand
dummy,1,sitting shoulder joint outerwear leg shoe chair sleeve girl furniture
dummy,1,sitting fashion model girl fashion accessory leg fashion shoe supermodel model photo shoot
dummy,1,shoulder child joint standing t shirt girl sleeve toddler hand neck
dummy,1,white fashion model fashion fashion show dress runway girl socialite supermodel trunk
dummy,0,formal wear suit blazer outerwear jacket gentleman coat overcoat tuxedo sleeve
dummy,1,hair human hair color blond hairstyle smile forehead child hair coloring toddler happiness
dummy,1,car vehicle automotive design fashion family car girl executive car mid size car street
dummy,1,clothing denim jeans fashion model sleeve one piece garment neck waist
dummy,1,photograph text gentleman brand product design advertising shoe font product stock photography
dummy,0,white photograph clothing shoulder beauty outerwear sitting photo shoot girl textile
dummy,0,shoulder outerwear girl brand neck
dummy,1,clothing white fashion model shoulder sleeve fashion neck waist girl joint
dummy,0,shoulder sleeve outerwear fashion neck denim long hair joint pattern pattern
dummy,0,face eyebrow nose forehead eyelash eye cheek ear smile jaw
dummy,1,footwear sandal shoe product design beige
dummy,1,blue text font product logo line product area brand signage
dummy,0,leaf plant grass product plant stem font
dummy,1,white product font product design brand handbag product logo label rectangle
dummy,1,clothing neck active undergarment shoulder joint waist arm sleeveless shirt muscle abdomen
dummy,1,jacket outerwear sleeve hoodie textile electric blue leather jacket neck top leather
dummy,1,clothing shoulder fashion model costume sleeve neck joint pattern
dummy,1,fashion model human hair color beauty model photo shoot supermodel shoulder neck blond long hair
dummy,0,white clothing fashion model beauty shoulder fashion dress outerwear girl socialite
dummy,0,coat outerwear formal wear gentleman professional white coat
dummy,1,clothing denim jeans fashion model fashion trousers fashion design girl neck
dummy,0,jacket outerwear blazer sleeve product neck formal wear gentleman button suit
dummy,1,clothing dress fashion model shoulder photo shoot cocktail dress girl gown formal wear fashion design
dummy,0,clothing fashion model day dress shoulder model dress fashion supermodel neck photo shoot
dummy,0,flower
dummy,0,lampshade lighting accessory design flooring floor product pattern shoe square pattern
dummy,1,flower plant flora tree floristry city house facade street window
dummy,1,bag yellow orange handbag product product product design brand shoulder bag caramel color
dummy,0,clothing blazer outerwear jacket formal wear fashion model sleeve peach coat neck
dummy,0,clothing fashion model shoulder neck sleeve dress fashion woolen model pattern
dummy,0,denim blue jeans outerwear textile font sleeve material t shirt pattern
dummy,0,clothing coat fashion model overcoat trench coat sleeve
dummy,0,clothing jeans denim suit girl outerwear fashion textile jacket fun
dummy,1,fashion model shoulder joint outerwear fashion girl fur sleeve long hair shoe
dummy,0,clothing outerwear shoulder t shirt fashion product sleeve suit jeans girl
dummy,0,suit formal wear blazer outerwear gentleman fashion model tuxedo fashion model
dummy,1,product shoulder girl fashion fun
dummy,0,model black and white photo shoot fashion model beauty shoulder neck sleeve supermodel photography
dummy,0,fashion model fashion shoulder outerwear model t shirt formal wear gentleman suit fashion design
dummy,0,fashion model fashion supermodel model neck brown hair hair coloring
dummy,1,footwear shoe sandal product product design outdoor shoe furniture product brand font
dummy,1,car motor vehicle white vehicle road street black and white infrastructure lane mode of transport
dummy,1,clothing yellow fashion model waist fashion shoe pattern design trunk abdomen
dummy,1,photograph black and white model beauty fashion model photo shoot photography monochrome photography shoulder long hair
dummy,1,clothing coat outerwear fashion model trench coat overcoat neck pattern day dress
dummy,0,coat overcoat fashion fashion model formal wear trench coat fashion design woolen jacket neck
dummy,0,fashion model shoulder outerwear neck sleeve coat model
dummy,1,handbag bag brown leather fashion accessory shoulder bag caramel color product product tote bag
dummy,0,clothing fashion model day dress dress shoulder neck waist supermodel pattern one piece garment
dummy,0,coat clothing trench coat overcoat fashion model beige
dummy,0,orange smile design toddler child fun
dummy,0,clothing outerwear electric blue fashion stole
dummy,1,clothing outerwear jacket shoulder sleeve school uniform uniform sweater product top
dummy,0,people shoulder product joint girl fashion child material fun family
dummy,0,fashion model shoulder fashion accessory fashion joint sleeve product shoe girl neck
dummy,1,sky fun girl performance art performance computer wallpaper performing arts stock photography evening
dummy,0,album cover cool sky fun happiness leisure computer wallpaper
dummy,0,clothing fashion model shoulder standing neck formal wear waist shoe joint trousers
dummy,1,clothing coat overcoat fashion model woolen formal wear trench coat button neck
dummy,1,footwear shoe boot product design ankle outdoor shoe product brand
dummy,0,clothing fashion model shoulder fashion outerwear blouse long hair top stylist pattern
dummy,0,clothing fashion model outerwear jeans sleeve pattern costume pattern neck trousers
dummy,0,clothing stole poncho outerwear woolen sleeve shawl neck
dummy,1,nature sky vacation leisure summer water fun tourism friendship happiness
dummy,0,tartan plaid fashion model pattern design fashion sleeve coat stylist pattern
dummy,0,girl long hair hair coloring brown hair
dummy,1,bag handbag shoulder joint clothes hanger product neck beige brand pattern
dummy,1,clothing fashion model shoulder dress waist joint trunk abdomen cocktail dress photo shoot
dummy,0,hair human hair color fashion model outerwear long hair hair coloring brown hair model girl neck
dummy,1,jacket outerwear sleeve hood military uniform coat
dummy,1,bag product product handbag product design leather brand baggage shoulder bag luggage & bags
dummy,0,clothing coat formal wear outerwear fashion model blazer suit shoe
dummy,1,clothing blue shoulder sleeve blouse joint electric blue collar neck top
dummy,0,clothing fashion model coat waist overcoat bag jeans abdomen neck sleeve
dummy,1,coat clothing overcoat trench coat fashion model woolen neck beige sleeve
dummy,1,clothing shoulder sleeve woolen poncho sweater outerwear neck pattern plaid
dummy,0,shoulder pocket coat collar sleeve
dummy,0,clothing dress day dress fashion model formal wear neck sleeve pattern
dummy,0,clothing sleeve fashion model blouse shirt neck collar button pattern pattern
dummy,1,shoulder dress neck fashion model satin sleeve leather coat overcoat
dummy,1,clothing fashion model coat shoulder fashion waist sleeve formal wear overcoat neck
dummy,1,footwear shoe high heeled footwear product design outdoor shoe product boot
dummy,0,coat overcoat formal wear woolen gentleman sleeve neck
dummy,1,human hair color long hair headgear hair coloring wig brown hair black hair bangs hat layered hair
dummy,1,clothing woolen outerwear cardigan neck coat sweater fashion model beige
dummy,0,clothing shoulder fashion model sleeve neck woolen joint blouse
dummy,1,fur clothing hood fur overcoat coat jacket
dummy,1,bag handbag black product fashion accessory shoulder bag leather product brand product design
dummy,1,neck fashion model woolen sleeve poncho
dummy,1,fashion model coat fashion outerwear
dummy,1,sleeve shoulder neck t shirt
dummy,0,coat clothing outerwear overcoat fashion model tartan pattern plaid
dummy,1,footwear boot product design shoe outdoor shoe ankle product human leg
dummy,0,clothing jeans denim pocket fashion model electric blue trousers waist
dummy,1,clothing stole blouse shoulder sleeve fashion model neck shawl pattern woolen
dummy,1,outerwear neck scarf wool beige woolen stole poncho
dummy,1,overcoat fur clothing coat fur collar fashion model woolen hood
dummy,1,footwear shoe high heeled footwear boot product design font
dummy,1,neck sleeve shoulder woolen sweater long sleeved t shirt
dummy,1,clothing shoulder sleeve neck blouse t shirt pattern long sleeved t shirt pattern
dummy,1,coat woolen outerwear overcoat neck jacket
dummy,1,fashion model fashion joint abdomen costume shoe fashion design pattern
dummy,1,plaid tartan sleeve pattern outerwear design woolen neck pocket pattern
dummy,1,clothing outerwear cardigan fashion model woolen sleeve neck
dummy,1,clothing fashion model shoulder sleeve outerwear neck blouse
dummy,0,fur clothing fur coat fashion model textile overcoat neck
dummy,1,footwear high heeled footwear sandal shoe beige product design basic pump outdoor shoe font
dummy,0,clothing woolen sweater neck outerwear sleeve poncho wool fur
dummy,1,coat overcoat woolen neck collar
dummy,1,tartan plaid pattern sleeve shoulder neck design fashion model woolen
dummy,1,clothing coat formal wear outerwear fashion model overcoat sleeve neck
dummy,0,suit formal wear coat overcoat blazer outerwear gentleman tuxedo jacket
dummy,1,fur clothing coat fur woolen overcoat beige animal product
dummy,0,beauty eyebrow fashion model chin neck supermodel shoulder cheek model forehead
dummy,0,clothing day dress dress fashion model sleeve outerwear neck
dummy,0,nose forehead girl human behavior friendship ear product hair coloring mother smile
dummy,0,fur clothing fur textile fashion model neck animal product
dummy,1,clothing fashion model sleeve day dress dress neck outerwear coat pattern overcoat
dummy,1,bag handbag product electric blue fashion accessory product product design
dummy,0,clothing fashion model outerwear coat costume neck overcoat cape sleeve
dummy,1,fashion model handbag fashion shoe bag supermodel fashion design stylist
dummy,1,coat formal wear shoulder outerwear neck overcoat
dummy,0,coat overcoat woolen formal wear fashion model trench coat
dummy,0,clothing day dress dress sleeve fashion model neck pattern pattern collar waist
dummy,0,clothing fashion model day dress fashion dress outerwear neck sleeve pattern pattern
dummy,0,necktie chin fashion accessory neck dress shirt white collar worker formal wear professional collar sleeve
dummy,0,coat overcoat woolen fur
dummy,1,clothing girl joint shoulder dress leg outerwear shoe sleeve pattern
dummy,1,clothing fashion model neck sleeve day dress pattern collar blouse pattern fashion design
dummy,0,day dress dress shoulder outerwear neck fashion model pattern pattern
dummy,0,suit formal wear tuxedo blazer gentleman white collar worker necktie outerwear businessperson brand
dummy,0,coat overcoat woolen outerwear neck pattern
dummy,0,fashion model little black dress dress fashion formal wear shoulder outerwear socialite fashion design coat
dummy,0,shoulder neck pattern waist joint
dummy,0,black formal wear suit little black dress fashion model dress fashion shoulder outerwear tuxedo
dummy,0,clothing fashion model shoulder fashion neck sleeve waist joint denim fashion design
dummy,0,clothing shoulder joint neck dress sleeve poncho
dummy,0,woolen coat outerwear neck collar overcoat jacket sweater wool button
dummy,0,coat outerwear fashion model neck overcoat shoe
dummy,1,clothing fashion model day dress fashion shoulder dress design neck pattern pattern
dummy,1,clothing fashion model formal wear waist trunk trousers abdomen neck suit pattern
dummy,1,clothing day dress dress fashion model sleeve shoulder neck pattern blouse waist
dummy,1,footwear boot shoe high heeled footwear product design product human leg riding boot
dummy,0,photograph people photography tree standing child outerwear fun toddler recreation
dummy,0,clothing sleeve fashion model outerwear neck
dummy,0,blue nature photograph tree photography poster water fun grass plant
dummy,1,outerwear girl pattern neck sleeve sweater child model
dummy,0,fashion model shoulder fashion outerwear tights coat shoe
dummy,0,jeans waist fashion model denim fashion abdomen sleeve trousers pattern trunk
dummy,1,denim pocket waist jeans button miniskirt joint trousers
dummy,1,denim jeans outerwear fashion model sleeve jacket button blouse shirt pattern
dummy,0,blue clothing day dress electric blue shoulder dress turquoise joint cobalt blue fashion model
dummy,0,clothing blouse sleeve neck fashion model pattern collar pattern top button
dummy,0,clothing fashion model shoulder outerwear neck joint sleeve leggings
dummy,1,coat trench coat overcoat fashion model sleeve jacket
dummy,1,footwear shoe human leg leg high heeled footwear outdoor shoe ankle product design calf
dummy,0,footwear fashion model shoulder shoe outerwear fashion coat pattern joint
dummy,0,fashion model formal wear shoulder blazer fashion outerwear suit gentleman necktie supermodel
dummy,1,bag black handbag shoulder bag fashion accessory product product leather pattern brand
dummy,0,clothing yellow shoulder fashion model sleeve fashion waist blouse neck joint
dummy,0,hair blond human hair color hairstyle boy hair coloring neck surfer hair portrait bangs
dummy,1,shoulder fashion model neck sleeve joint waist trunk abdomen
dummy,0,clothing fashion model dress outerwear fashion sleeve neck pattern day dress
dummy,0,clothing coat formal wear outerwear overcoat suit shoe neck
dummy,1,scarf neck outerwear textile hair coloring long hair brown hair wool girl fur
dummy,1,bag handbag fashion accessory shoulder fashion model fashion joint shoe pattern brand
dummy,0,coat overcoat woolen sleeve formal wear gentleman neck collar button
dummy,1,fur clothing fur coat fashion model animal product sleeve
dummy,0,fashion model shoulder fashion sleeve neck tights trousers leggings formal wear
dummy,0,shoulder outerwear hand neck finger girl pattern sleeve
dummy,0,clothing fashion model sleeve fashion blouse socialite shirt denim pattern top
dummy,1,jacket formal wear blazer suit sleeve gentleman outerwear collar button neck
dummy,0,clothing fashion model shoulder waist neck sleeve miniskirt
dummy,1,jacket woolen sleeve product
dummy,0,clothing white outerwear neck fashion model formal wear costume sleeve fashion design pattern
dummy,0,clothing neck outerwear coat sleeve shoe
dummy,1,human hair color fashion model shoulder photo shoot outerwear neck supermodel long hair blond girl
dummy,1,clothing shoulder fashion model waist neck sleeve fashion dress abdomen joint
dummy,0,tights fashion model fashion shoe design pattern leggings trousers neck
dummy,0,bag shoulder jeans pocket electric blue fashion model fur waist coat denim
dummy,1,fashion model shoulder fashion dress waist joint socialite pattern neck fashion design
dummy,1,hair beauty hairstyle fashion model smile fashion outerwear girl socialite long hair
dummy,1,clothing sleeve outerwear fashion model jacket shoulder neck pattern woolen blouse
dummy,0,coat overcoat fashion model woolen neck beige peach collar
dummy,1,outerwear child shoulder toddler design sweater pattern wool girl neck
dummy,1,yellow cap headgear hat beanie sun hat font electric blue
dummy,0,eyewear vision care sunglasses glasses brown hair hair coloring health & beauty neck bangs
dummy,1,footwear yellow shoe sandal pattern design outdoor shoe flooring ankle human leg
dummy,0,coat fashion model overcoat trench coat fur
dummy,0,clothing shoulder joint leg outerwear shoe trunk leggings tights abdomen
dummy,1,clothing sweater sleeve woolen shoulder neck outerwear pattern cardigan wool
dummy,0,clothing shoulder fashion pattern socialite shoe trunk waist abdomen joint
dummy,1,bag leather product handbag
dummy,0,outerwear jacket fashion long hair jeans girl denim
dummy,1,clothing shoulder sleeve outerwear fashion joint neck product pattern blouse
dummy,1,plaid sleeve tartan pattern collar button design dress shirt neck shirt
dummy,1,clothing shoulder waist fashion model neck sleeve day dress miniskirt one piece garment joint
dummy,1,hair photograph human hair color beauty girl photography sky blond long hair smile
dummy,0,clothing fashion model shoulder jeans waist fashion trousers joint shoe neck
dummy,0,clothing coat fashion model outerwear overcoat shoe formal wear blazer neck
dummy,0,clothing fashion model coat fur clothing outerwear neck woolen pattern fur sleeve
dummy,0,shoulder outerwear design square pattern
dummy,1,bag brown fashion accessory handbag shoulder bag leather product product product design beige
dummy,0,shoulder fashion accessory joint handbag neck photo shoot waist
dummy,1,clothing fashion model shoulder waist joint neck trunk abdomen formal wear trousers
dummy,0,clothing coat blazer outerwear fashion fashion model jacket formal wear overcoat pattern
dummy,0,fashion model sitting beauty supermodel photo shoot shoulder photography leg thigh model
dummy,0,shoulder outerwear standing fun girl jeans
dummy,1,clothing outerwear shoulder sleeve blouse neck
dummy,0,fashion model jeans standing waist trousers abdomen trunk pattern joint
dummy,0,fashion model neck pattern trousers leggings waist pattern sleeve
dummy,1,text font logo product line area brand product graphics angle
dummy,1,coat fashion model outerwear fur clothing overcoat fur pattern
dummy,0,pink shoulder joint thigh balloon ball
dummy,1,fur clothing shoulder leather fur jacket neck leather jacket long hair brown hair sleeve
dummy,1,shoulder tights waist shoe neck bag joint jeans couch
dummy,0,fashion model beauty shoulder model fashion neck long hair photo shoot girl stylist
dummy,0,fashion model tights shoe leggings neck waist joint knee
dummy,0,clothing fashion model outerwear day dress formal wear neck coat shoe
dummy,0,fashion model shoulder fashion model supermodel outerwear long hair photo shoot neck fashion design
dummy,0,clothing coat fashion model fashion outerwear trench coat overcoat
dummy,0,clothing fashion model dress fashion formal wear photo shoot neck model fashion design stylist
dummy,1,bag brown leather handbag fashion accessory shoulder bag product product caramel color suede
dummy,0,clothing dress fashion shoulder outerwear formal wear fashion model neck socialite pattern
dummy,0,clothing outerwear neck fashion model product woolen
dummy,0,clothing tartan outerwear fashion model pattern plaid design electric blue neck shoe
dummy,0,coat formal wear overcoat suit trench coat gentleman tuxedo outerwear sleeve brand
dummy,0,suit formal wear gentleman blazer outerwear tuxedo white collar worker professional brand
dummy,0,clothing fashion model shoulder costume joint day dress sleeve neck pattern
dummy,1,text shoulder outerwear sleeve design pattern human behavior t shirt product pattern
dummy,1,waist pocket button miniskirt abdomen trunk joint
dummy,0,red shoulder jeans fashion outerwear denim product design pattern electric blue
dummy,0,clothing jeans fashion model waist joint shoulder trunk abdomen trousers shoe
dummy,0,clothing fashion accessory shoulder fashion product outerwear design joint girl pattern
dummy,1,clothing shoulder sleeve neck outerwear fashion model design pattern joint blouse
dummy,0,clothing yellow shoulder outerwear product pattern sleeve pattern neck
dummy,1,clothing fashion model shoulder day dress joint sleeve neck waist pattern costume
dummy,0,clothing fashion model shoulder fashion collar sleeve waist formal wear joint neck
dummy,1,clothing shoulder fashion model dress neck day dress shoe joint denim electric blue
dummy,0,shoulder sleeve joint fashion model neck t shirt sportswear costume
dummy,0,denim clothing jeans fashion model waist fashion joint shoe trousers trunk
dummy,1,jeans fashion model shoulder outerwear neck denim fur trousers waist sleeve
dummy,1,footwear boot shoe suede product design product
dummy,0,shoulder tartan waist neck miniskirt joint fashion model design sleeve plaid
dummy,0,clothing jeans denim shoulder waist fashion model trousers joint trunk one piece garment
dummy,1,clothing day dress dress fashion model neck formal wear cocktail dress pattern waist sleeve
dummy,1,clothing yellow fashion model day dress dress shoulder joint sleeve neck pattern
dummy,1,product font brand ear
dummy,0,clothing sleeve fashion model neck outerwear blouse top photo shoot t shirt pattern
dummy,1,white collar worker gentleman brand suit album cover formal wear font product professional girl
dummy,1,clothing costume outerwear fashion model robe
dummy,1,black hair long hair hair coloring font brand
dummy,0,clothing jeans waist fashion model trousers neck trunk formal wear sleeve abdomen
dummy,1,shoulder design fur pattern vision care brand neck product
dummy,0,clothing fashion model sleeve outerwear coat formal wear neck waist fashion design
dummy,1,fashion brand long hair pattern font
dummy,1,clothing fashion model joint shoulder fashion electric blue outerwear pocket neck sleeve
dummy,0,fashion model shoulder neck waist jeans sleeve joint abdomen trousers trunk
dummy,1,bag handbag fashion accessory product shoulder bag messenger bag leather product strap product design
dummy,0,coat overcoat jacket fashion model woolen sleeve button collar neck waist
dummy,0,fur fashion model fur clothing girl shoe
dummy,0,outerwear pattern product design plaid tartan girl shoe square
dummy,0,clothing product fashion textile outerwear material girl design pattern child
dummy,0,clothing denim shoulder sleeve outerwear button jeans neck model blouse
dummy,0,beauty model outerwear fashion gentleman formal wear photo shoot suit long hair girl
dummy,0,outerwear jacket coat suit neck pattern sleeve blazer denim formal wear
dummy,1,human hair color fashion model long hair brown hair hair coloring model socialite supermodel girl shoe
dummy,0,clothing dress day dress fashion model cocktail dress formal wear neck sleeve gown waist
dummy,1,clothing dress girl gown outerwear photo shoot vintage clothing formal wear stock photography
dummy,0,plaid tartan pattern outerwear design pattern
dummy,0,grass girl grass family tree sunlight stock photography
dummy,0,jeans clothing denim shoulder fashion model outerwear trousers waist pocket neck
dummy,0,black black and white text sky atmosphere darkness monochrome photography monochrome font phenomenon
dummy,1,dress fashion model shoulder day dress little black dress formal wear neck cocktail dress joint sleeve
dummy,1,clothing footwear fashion model shoulder denim shoe joint neck electric blue jeans
dummy,1,footwear shoe product oxford shoe product design outdoor shoe product walking shoe font brand
dummy,0,clothing sleeve neck shoulder t shirt fashion model blouse joint top
dummy,0,clothing fashion model shoulder waist joint shoe neck pocket abdomen
dummy,0,clothing white standing shoulder joint fashion model neck abdomen shoe waist
dummy,0,blue clothing jeans denim shoulder fashion model cobalt blue waist standing joint
dummy,1,clothing joint shoulder waist fashion model neck sleeve blouse leggings top
dummy,0,eyewear fashion model shoulder neck active undergarment vision care sunglasses lingerie model brassiere
dummy,0,clothing jacket outerwear sleeve blazer leather jacket beige leather
dummy,1,text font product logo line product area brand angle number
dummy,1,clothing shoulder fashion model joint waist neck sleeve trunk shorts pattern
dummy,0,clothing yellow fashion model coat outerwear neck joint shoe electric blue sleeve
