binary,text
1,musical instrument musical instrument accessory product design drum percussion accessory electronic instrument tom tom drum drums
0,bag handbag leather shoe material  winterwear 
0,clothing fashion model black and white  formal   winterwear  sleeve  body  formal wear  winterwear  model
0,fashion model dress formal wear polka dot pattern design  ?body  fashion day dress fashion design
1,clothing fashion model black and white  body  sleeve  winterwear  model fashion joint monochrome photography
1, winterwear  clothing  winterwear  fashion model headgear fashion  winterwear cap textile  winterwear  beanie animal product
0,product interaction album cover girl pattern smile
1,eyewear black and white vision care sunglasses glasses monochrome photography cool gentleman monochrome health & beauty
0,formal wear  formal   formal   winterwear  button tuxedo  winterwear  sleeve  body   ?body 
1,fashion model  winterwear  black and white fashion  body  over winterwear   winterwear  joint gentleman  ?body 
1, winterwear   body  long hair animal product
0,standing fashion model black and white  body  joint  winterwear   winterwear  pattern costume gentleman
0,clothing tartan sleeve  body  pattern  winterwear  plaid design sweater arm
0, winterwear niture sitting  body  product design chair shoe joint couch cushion human leg
1,beauty  body  hairstyle portrait  ?body  forehead photo shoot black hair human girl
1, body  snapshot fashion  winterwear  socialite  winterwear  joint road street shoe
0,black and white t shirt monochrome photography photography fashion sleeve design pattern monochrome product
1,pink purple magenta fashion  bottoms  shoe trousers
0,clothing text product standing font product design joint pattern product pattern
0,clothing  winterwear  font  ?body  pattern pattern brand sleeve
1,mammal rabits and hares rabbit child toddler ear product beige  winterwear  girl
1, body  sitting child product toddler textile leg joint cat flooring
1,nose cheek child  ?body  toddler lip product ear
1,fashion accessory joint shoe leg tights costume thigh tartan punk fashion
0,purple textile  winterwear  magenta long hair girl
1,clothing  winterwear  shoe  winterwear   bottoms  trousers  ?body 
1,boats and boating equipment and supplies water boat leisure oar vacation recreation boating plant community
1,clothing white snapshot  winterwear   bottoms  denim trousers product shoe sleeve
1,fashion model black and white model joint fashion monochrome photography photo shoot gentleman  winterwear  tights
1,purple violet fashion model  winterwear  model velvet costume magenta pattern
0,plaid tartan pattern sleeve  winterwear  design  winterwear  dress shirt denim headgear
0, body   winterwear  fashion  winterwear  top
1,toddler child  ?body 
1,nose toddler child infant  ?body  product smile
1, body   ?body  joint
0,fashion accessory  body   winterwear  fashion photo shoot girl model electric blue  ?body 
1,yellow hood  winterwear   winterwear  clothing  winterwear 
0, winterwear  clothing  winterwear   winterwear  fashion model  ?body   body 
0,formal wear  formal  fashion model little black dress dress fashion  body  gentleman  winterwear  tuxedo
1,woolen  ?body  sweater  winterwear  clothing sleeve  winterwear  cardigan  winterwear  wool beige
0, formal  formal wear tuxedo  formal  fashion model  body  gentleman  winterwear  fashion  winterwear 
0, winterwear  cardigan  winterwear  over winterwear  woolen  winterwear  fashion model  ?body  sleeve sweater
1,eyebrow forehead chin cheek lip brown hair ear girl
1,human hair color blond  winterwear  long hair hair coloring girl brown hair  ?body  portrait portrait photography
0,facial expression t shirt boy smile chin plaid forehead tartan  winterwear  cheek
0,photograph black and white monochrome photography photography photo shoot monochrome girl gentleman stock photography model
0,photograph black and white monochrome photography photography gentleman interaction monochrome stock photography film noir
0,black and white photography monochrome photography album cover fashion monochrome font brand model photo shoot
1, winterwear  black and white fashion model gentleman fashion monochrome photography  winterwear  over winterwear  formal wear monochrome
0, winterwear  clothing black and white fashion model  winterwear   body  fashion  winterwear   ?body  monochrome photography stole
1, winterwear   winterwear  fashion model  formal   winterwear  top supermodel
1,headgear black and white hat cap monochrome photography knit cap  ?body  monochrome pattern beanie
0,denim sleeve  winterwear   winterwear  fashion model  ?body  pattern button model  body 
0,footwear sitting shoe  body 
0, formal   winterwear  gentleman formal wear  formal 
1, body   winterwear  joint girl product child mother daughter
1,photograph product textile bed sleep material infant comfort child
1, winterwear  toddler wool product teddy bear child
0,plaid  formal  tartan  formal   winterwear  gentleman  winterwear  formal wear design pattern
0,fashion accessory  body   winterwear  girl photo shoot  ?body  pattern
0,photograph black and white standing monochrome photography snapshot gentleman  winterwear  vintage clothing monochrome stock photography
0,pink  body  magenta  winterwear  product fashion girl textile t shirt
0, winterwear  over winterwear  trench  winterwear  gentleman woolen fashion model beige formal wear
0, winterwear   winterwear  fashion model  formal   formal  beige  body   winterwear  gentleman sleeve
0,photograph black and white monochrome photography photography snapshot monochrome pattern stock photography
1,clothing  winterwear  pattern  winterwear  denim costume
0,black and white model fashion model monochrome photography photo shoot photography  body  top monochrome long hair
1,clothing  body   winterwear  sleeve  bottoms  pattern joint girl trousers pattern
1,wheelbarrow vehicle cart toddler play child grass product plant table
1,child sitting toddler  winterwear  textile girl sleeve product material pattern
0,mammal soil dog like mammal tree grass
1, body   winterwear   ?body  human behavior girl portrait photography
1,dog  winterwear  dog like mammal  winterwear   bottoms  sweater textile sleeve snout  ?body 
1,denim  winterwear   bottoms  fashion formal wear sleeve  winterwear  shoe  formal 
0,photograph person man black and white gentleman model male monochrome photography photography chin
0,denim sitting  bottoms  shoe trousers photo shoot model  winterwear niture
1,child  winterwear  girl boy product toddler smile portrait photography
1,t shirt  winterwear   ?body  sleeve product cool cap brand
1,tree plant grass forest jungle girl
1,clothing fashion model dress  ?body  velvet day dress sleeve magenta model pattern
0, winterwear   body  photo shoot  ?body  model girl pattern
1,yellow  body   winterwear  textile  ?body  pattern photo shoot sleeve
0,black and white gentleman fashion model photography fashion  winterwear  model monochrome photography  winterwear  monochrome
1,black and white model photography fashion model monochrome photography  body  fashion  winterwear  photo shoot gentleman
0,photograph black and white sitting beauty standing model photography monochrome photography photo shoot  body 
0,headgear fashion accessory cap cool beanie hat denim
0,photograph facial expression black and white plaid photography sleeve smile boy monochrome photography  winterwear 
0,photograph facial expression black and white photography monochrome photography smile  body  photo shoot girl monochrome
0,clothing fashion model  body  supermodel  bottoms   winterwear  waist model trousers abdomen
0,sitting fashion model  bottoms  denim shoe trousers
0,gentleman fashion  winterwear  costume formal wear
1,black photograph sitting black and white model beauty fashion model photo shoot  body  photography
0,photograph black and white monochrome photography headgear gentleman photography cap male fedora cool
0,gentleman  winterwear  eyewear fashion sleeve  formal  cool vision care album cover  formal 
0,fashion  formal   winterwear  shoe formal wear gentleman  winterwear  fashion design  bottoms  model
0,clothing yellow  winterwear   winterwear  formal wear robe
0, winterwear   body  pattern long hair product pattern
0,yellow fashion model  body  sleeve photo shoot  ?body  beige
1,purple fashion  winterwear  costume tradition socialite costume design formal wear fashion design pattern
1,fashion costume design pattern fashion design
1,photograph yellow human hair color photography standing child girl  winterwear  blond human behavior
1,sitting sleeve child photography  winterwear  boy sweater toddler child model t shirt
1,beauty human hair color girl smile  body  fashion accessory headgear  ?body   winterwear  cool
1,girl stock photography
0,girl portrait photo shoot brown hair model
1,red clothing  winterwear  girl  body  fashion textile product  winterwear  long hair
1, body   winterwear  textile girl product pattern smile beige
0,eyewear red vision care glasses sunglasses cool girl square magenta smile
0,formal wear  formal   formal   body   winterwear  tuxedo  ?body  magenta  winterwear 
0,gentleman forehead  ?body tie  winterwear   ?body  white  body  worker portrait formal wear professional beige
0,font product design collection light fixture
0,lighting font product design light fixture
0,light fixture product lighting font product design lamp brand
0, body   winterwear   formal  formal wear
0,shoe fashion model gentleman fashion  winterwear  sleeve shorts trousers  ?body 
0,khaki waist joint trousers beige active pants shoe human leg abdomen pocket
1,fashion model  body  supermodel leg thigh model joint photo shoot lingerie tights
1,clothing dress  winterwear  day dress design nightwear pattern pattern sleeve robe
1,clothing  body  purple sleeve  ?body   winterwear  blouse top pattern
0, body  model fashion model photo shoot brown hair  ?body 
0,t shirt forehead black hair product brown hair  ?body  long hair hair coloring
0,headgear  ?body  hair accessory hat
0,red product  winterwear  textile pattern clothes hanger pattern
0,clothing yellow eyewear  winterwear  fashion model vision care  formal   winterwear  top button
0,plaid tartan  winterwear  pattern  body   winterwear  design product sleeve  ?body 
0,fashion model fashion formal wear gentleman  formal  shoe runway  formal  model fashion design
0,black and white beauty monochrome photography photography fashion accessory headgear gentleman fashion monochrome model
1,dress  winterwear  fashion costume pattern pattern fashion design
0,footwear shoe dress fashion  winterwear  pattern design tartan fashion design pattern
1,clothing pink  body  dress textile product child girl nightwear toddler
0,sitting child child model toddler photo shoot girl portrait photography
1,clothing  body  sleeve joint child  ?body  beige abdomen waist trousers
0,chin eyebrow cheek forehead  ?body  black hair human wig lip hair coloring
1,eyebrow chin lip cheek forehead  ?body  black hair wig brown hair ear
0,photograph black and white photo shoot photography monochrome photography fashion model headgear model shoe fashion
0,clothing denim fashion model  bottoms  fashion  winterwear  sleeve model fashion design
0,clothing black and white fashion model sleeve  winterwear  fashion  winterwear  shirt monochrome photography dress shirt
1,clothing sleeve t shirt  body  joint  winterwear  product  ?body  top girl
1,yellow  body  shoe  ?body   winterwear  joint product pattern
1,clothing day dress  body  dress fashion model joint fashion sleeve  winterwear   ?body 
1,clothing t shirt  body  sleeve dress joint  ?body  product
1,white bag yellow handbag  body  fashion  winterwear  pattern shoe
1,fashion model black and white  body  fashion design pattern joint trunk abdomen fashion design
0,black and white  body  pattern design monochrome photography polka dot fashion monochrome photo shoot retro style
0,photograph  body  standing product shoe joint  winterwear niture
1,clothing t shirt  body  denim textile  bottoms  sleeve  winterwear  product fashion
0,hair photograph facial expression microphone smile emotion fun laughter  winterwear  sunglasses
1,fashion model  body   ?body  tartan sleeve pattern nightwear retro style plaid handbag
1,pink  body  day dress waist joint peach trunk  ?body  abdomen pattern
1,hat sun hat headgear fashion accessory fedora cowboy hat
0,footwear shoe  body  joint  winterwear   ?body  sleeve shorts human leg beige
0,sleeve  winterwear   body   ?body  t shirt headgear  bottoms  trousers pocket cap
1,clothing t shirt black and white  body  sleeve joint  ?body  model monochrome photography muscle
0,t shirt white black and white  body  joint sleeve fashion fashion model monochrome photography  ?body 
1,clothing swimwear aqua turquoise shorts  body  one piece swim formal  fashion model swim formal  top t shirt
0,cap headgear beanie  winterwear  hair accessory hat
1,child toddler smile girl fun  ?body  pattern
0,sleeve t shirt  body   ?body   winterwear  jersey joint  body  sportswear
0,white sleeve t shirt  body  product  body   winterwear   ?body  product formal wear
0,sleeve t shirt  body  headgear  winterwear  cap protective gear in sports arm  ?body  electric blue
0, winterwear  robe  winterwear   ?body  costume
0,clothing yellow  body  joint dress trunk abdomen  ?body  vacation pattern
1,fashion model  body  handbag fashion accessory joint waist fashion miniskirt trunk thigh
1,clothing vacation  body  dress  winterwear  summer  ?body  sand joint shorts
1,clothing photograph  body  shoe  winterwear  vacation sitting joint summer  ?body 
0,headgear cap hair accessory sun hat beanie knit cap hat  ?body  headpiece
1,fashion model  body  model fashion joint t shirt sleeve photo shoot  ?body  supermodel
0,eyewear t shirt sleeve  ?body  sunglasses vision care cool  body 
1,clothing textile day dress formal wear pattern pattern
1,clothing  body  day dress sleeve costume fashion model  ?body  robe nightwear kimono
1,clothing blue  body  costume pattern day dress joint
1,photograph girl smile  winterwear  fun child happiness toddler vacation friendship
0,property architecture building facade angle roof elevation house
1,clothing denim  bottoms   body   winterwear  toddler sleeve child shorts girl
1,sitting leg fashion model lingerie human leg thigh photo shoot shoe undergarment model
1,sitting leg thigh human leg undergarment shoe
1,fashion  winterwear   ?body  sleeve denim model photo shoot  winterwear 
0,sleeve  winterwear  dress shirt  ?body  cool t shirt denim top model  bottoms 
1, body  joint  ?body 
0,joint  body  standing physical fitness arm leg tights human leg thigh balance
1,yellow sitting beauty fashion model  body  leg black hair model photo shoot girl
1,photograph black and white monochrome photography photo shoot photography flower monochrome stock photography girl
0,clothing costume  winterwear  fashion model formal wear white  winterwear   ?body  robe  formal 
1,yellow clothing dress flower spring summer meadow wildflower grass field
1,clothing fashion model day dress dress  body  joint  ?body  cocktail dress sleeve photo shoot
0,surfing equipment and supplies surfboard wood sports equipment
1,photograph sitting girl toddler child photo shoot child model portrait photography shoe pattern
1,clothing  body  fashion model joint design polka dot sleeve pattern waist  ?body 
1,fashion model model  body  supermodel photo shoot leg lingerie thigh arm long hair
1,photograph snapshot dress vacation ceremony
1,blue photograph sitting  body  fashion accessory photography vacation leisure product shoe
1,blue clothing fashion model  body  electric blue joint fashion girl shoe costume
1,white clothing  body  joint costume  ?body   winterwear  sleeve formal wear gown
1,white  body  joint waist  ?body  fashion model arm abdomen trunk sleeve
1,photograph  body  romance interaction gown bride wedding stock photography  ?body  honeymoon
1,t shirt boy  body  sleeve  winterwear  product arm cool  ?body  child
1,green  winterwear  tree stock photography angle product
1, body   winterwear  fashion model photo shoot sleeve  ?body  product
0, formal  formal wear tuxedo gentleman  winterwear   formal  white  body  worker businessperson
1, body  fashion model  ?body   winterwear  fashion joint sleeve supermodel peach model
0,plaid  formal   winterwear   body  fashion sleeve design pattern formal wear dress shirt
1,clothing denim  bottoms  fashion model  body  fashion  winterwear  trousers sleeve fashion design
1,clothing fashion model fashion  winterwear  shoe  bottoms  trousers  ?body  leggings pattern
1,clothing fashion model fashion denim day dress  winterwear  shoe fashion design pattern pattern
1,bag  body  handbag joint product pattern  ?body  pattern
1,footwear shoe sandal outdoor shoe beige product design high heeled footwear
1,hat headgear fedora sun hat cap beige
0, body   winterwear   ?body  t shirt sleeve pocket  winterwear  joint
0,black and white  winterwear  photography monochrome photography  winterwear  zipper gentleman pattern design sleeve
0, bottoms   body  denim fashion model trousers joint
1,black and white fashion model  body  monochrome photography  ?body  monochrome photo shoot day dress model joint
1,photograph sitting black and white standing photography monochrome photography photo shoot  body  girl monochrome
0,fashion model model  body  photo shoot beauty supermodel cocktail dress black hair joint  ?body 
0,fashion model  body  supermodel  ?body  model photo shoot day dress joint sleeve
1,white clothing fashion model  body  joint dress  ?body  fashion sleeve eyewear
1,clothing fashion model fashion dress  winterwear  day dress fashion design professional shoe pattern
0,clothing fashion model dress fashion day dress  body  waist catwalk fashion design pattern
0,clothing pink fashion model fashion  body  dress magenta joint catwalk fashion design
1,pink clothing  body  fashion model sleeve pajamas  ?body  joint magenta shoe
0,clothing white  bottoms  fashion model joint  body  black and white standing waist sleeve
1,clothing pink fashion model  winterwear  fashion  winterwear   winterwear  pajamas
1,clothing  body  cobalt blue electric blue sleeve fashion model  ?body  headgear pattern nightwear
1,clothing white sleeve fashion model t shirt  body  joint fashion  ?body  muscle
0,footwear  body  joint leg shoe sitting flooring girl arm child
1,girl child photo shoot toddler portrait photography  ?body 
0,skin  body   ?body  joint child arm girl product
0,clothing  body  dress t shirt  winterwear  sleeve day dress joint  ?body  pattern
0,standing  body  child human behavior sitting  winterwear  toddler girl pattern product
0,clothing fashion model  body  dress pattern day dress design pattern photo shoot joint
0,black and white  winterwear  monochrome photography photography  body  fashion photo shoot model  winterwear  gentleman
0, winterwear   winterwear  over winterwear   winterwear   ?body  long hair leather  winterwear  leather
0,sleeve  body   ?body   winterwear  knitting design pattern sweater joint poncho
0, winterwear  hood leather  winterwear  hoodie zipper textile leather sleeve
0,photograph headgear  winterwear  standing portrait black and white design smile pattern sleeve
0, body   winterwear  formal wear angle  formal 
0,photograph black and white monochrome photography photography fashion accessory  winterwear  monochrome angle stock photography
0, winterwear   winterwear  sleeve product blouse  ?body  pattern
0, winterwear  over winterwear   winterwear   body   ?body  sleeve
1,clothing fashion model  body  sleeve joint fashion waist supermodel  ?body  day dress
1,clothing white fashion model black and white sleeve  body  photo shoot  ?body  joint model
1,yellow bag  body  woolen sleeve  winterwear   ?body  handbag joint
0,fashion model beauty  body  model fashion black hair  ?body  socialite girl black model
0,yellow  body  t shirt  winterwear  fashion arm  ?body  uniform product professional
0,fashion model fashion  body  pattern blouse t shirt  ?body  product
0, winterwear  leather  winterwear  over winterwear   winterwear  zipper hood leather sleeve pocket  body 
1, winterwear  leather  winterwear  leather  body  fashion model material zipper sleeve  ?body 
1,sleeve  body  fashion model t shirt  ?body  brown hair joint top model product
0,facial expression smile child girl product brown hair child model
0,clothing sleeve t shirt  body   winterwear  joint  ?body  product font shoe
1,clothing  winterwear   winterwear  girl fashion textile top  winterwear  sleeve costume
1,clothing fashion girl long hair
0,clothing  body  sleeve  winterwear   bottoms  joint  ?body  trousers shoe t shirt
0,sleeve dress shirt t shirt male shirt  winterwear   body   ?body  cool model
1,photograph pink room  body  standing girl window wood joint door
0,white photograph black facial expression black and white girl smile monochrome photography photography emotion
1,white clothing girl  body  product fashion blond leg socialite t shirt
1,child toddler girl
1,girl child hair accessory smile fun
1, body  joint shoe girl
0,black and white model beauty gentleman  formal  fashion model photography monochrome photography formal wear photo shoot
0,black black and white model fashion model gentleman photography monochrome photography  body  photo shoot  winterwear 
0,clothing white  body  sleeve joint fashion dress blouse pattern  ?body 
0,fashion model fashion  winterwear  socialite product supermodel pattern pattern sleeve fashion design
0,clothing white fashion model fashion  winterwear  pattern sleeve trunk blouse top
0, winterwear   winterwear  gentleman sleeve fashion model  ?body  button  winterwear   body 
0, body   winterwear  gentleman formal wear  winterwear  beige sleeve product joint  ?body 
0,clothing pink fashion model  body  stole  bottoms  joint sleeve girl blouse
0,sitting footwear  bottoms  beauty fashion model denim girl shoe standing photo shoot
0,fashion model human hair color beauty model photo shoot supermodel  body  blond long hair muscle
0,jewellery  ?body lace chain  ?body 
0,footwear white shoe boot product design high heeled footwear product ankle walking shoe
0,bag  body  handbag fashion joint  bottoms  product pattern
0,t shirt white photograph sleeve man black and white  body   ?body  male photography
0,photograph black and white chin male t shirt photography forehead monochrome photography portrait model
0,clothing fashion model  body   winterwear  sleeve joint leggings shoe  ?body  waist
0,black sleeve t shirt black and white  body  photography standing male  ?body  monochrome photography
1, winterwear   winterwear  beige peach
0,clothing robe magenta costume  winterwear   winterwear  pattern
1,fashion model clothing pink  body  dress model fashion supermodel sleeve photo shoot
0,clothing pink fashion model  ?body  pattern shoe sleeve peach leggings fashion design
0,human hair color beauty blond model chin long hair supermodel forehead fashion model hair coloring
1, body   ?body  orange joint sleeve arm active undergarment peach
0, body   ?body  fashion model sleeve joint supermodel waist active undergarment photo shoot beige
1,clothing fashion model  body  denim  bottoms  joint fashion waist electric blue long hair
0,black and white monochrome photography photography fashion monochrome stock photography fashion design shoe
0,product design angle triangle
0,product design  winterwear niture triangle angle
1, body  joint fashion accessory arm  ?body  girl shoe vision care
1,clothing fashion model  body  fashion  bottoms  sleeve waist trunk joint pattern
1,clothing sleeve fashion model  winterwear  shirt dress shirt  ?body  pattern blouse
0,clothing standing denim  bottoms  fashion model  winterwear  costume sleeve trousers  ?body 
0,footwear  body  fashion model shoe model joint leg photo shoot supermodel  ?body 
0, body   ?body  photo shoot
0,clothing  body  fashion model  ?body  fashion sleeve leggings fashion design trousers
0,photograph black black and white photography monochrome photography model photo shoot gentleman  winterwear  human
1, body  shoe sitting girl joint pattern beige
0,photograph woman black black and white monochrome photography beauty photography photo shoot  body  snapshot
0,fashion model model black and white gentleman photography standing fashion  winterwear  photo shoot  winterwear 
0,standing gentleman black and white  winterwear  fashion model  winterwear  joint monochrome photography monochrome uniform
0,photograph beauty black and white eyebrow monochrome photography model photography photo shoot eye black hair
0,fashion model black and white monochrome photography joint  body  model fashion photography gentleman photo shoot
0,text black font logo line product area black and white brand product design
1,photograph black and white monochrome photography photography beauty  body  photo shoot sleeve  winterwear  portrait
1,clothing tartan plaid  winterwear  pattern sleeve design product  ?body  pattern
0,fashion model gentleman  winterwear  black and white  winterwear  photo shoot formal wear model long hair fashion design
1,white clothing  body  sleeve  winterwear  joint black and white t shirt  ?body  pattern
1,cap knit cap headgear beanie hat woolen bonnet sun hat
1,black and white monochrome photography photography gentleman monochrome black hair portrait photo shoot  ?body 
1,fashion model clothing dress day dress  body  fashion model cocktail dress  ?body  girl
1,clothing woolen  winterwear  sleeve scarf  ?body  sweater stole wool girl
1, winterwear   winterwear  fashion model fashion  winterwear  textile model  winterwear  clothing leather  winterwear   winterwear 
1, winterwear  flower sleeve vision care  ?body  top brown hair product girl
0,face portrait eyebrow beauty girl drawing forehead cheek design long hair
1,clothing sweater woolen  winterwear  sleeve  ?body  poncho wool pattern blouse
0,purple girl fun performance computer wallpaper happiness event pop music
0, winterwear  clothing fashion model  winterwear  beauty eyebrow fashion cheek textile lip supermodel
0,footwear  winterwear   winterwear   bottoms  gentleman fashion boy sweater shoe cool
0,black photograph person black and white beauty photography monochrome photography gentleman male  winterwear 
0, winterwear  over winterwear   winterwear  fashion woolen fashion model  winterwear  gentleman sweater
1, winterwear  clothing  winterwear  girl  winterwear   winterwear  textile  bottoms  material long hair fun
1, winterwear  fashion model fashion fashion show  formal   winterwear  over winterwear  runway socialite  formal 
1,clothing black black and white  winterwear  standing photography  winterwear  fashion  body  monochrome photography
0,face facial expression black and white portrait nose beauty head  body  emotion drawing
1,string instrument sitting guitar plucked string instruments product musical instrument musician music girl fun
1,snow winter mountainous landforms wilderness tree ridge mountain mountain range sky geological phenomenon
1,clothing hood hoodie  winterwear  fashion model  winterwear   winterwear  sleeve  ?body 
1,fashion model  body  sleeve fashion model  ?body  supermodel socialite formal wear long hair
1,fashion  body  girl  winterwear  sitting shoe socialite fun long hair photo shoot
0,white black photograph black and white beauty girl photography snapshot monochrome photography fashion
0,footwear fashion model shoe fashion  body  supermodel leg photo shoot long hair joint
1,photograph child girl mother happiness joint photo shoot trunk infant smile
1,fun girl interaction happiness computer wallpaper romance
1,human hair color hairstyle  body  long hair bangs fashion model black hair girl brown hair hair coloring
1,fashion model denim  bottoms  fashion dress girl socialite photo shoot shoe model
1,dress girl sky photo shoot vacation sand summer landscape beach model
1,black black and white  body  beauty  ?body  standing monochrome photography photography joint model
0, body   ?body  arm joint active undergarment product thigh
1, ?body  joint  body  active undergarment arm temporary tattoo back waist muscle sleeve
1,fashion model  body   winterwear  fashion model joint  ?body  sleeve pattern  bottoms 
1,undergarment lingerie active undergarment  body  fashion model brassiere waist lingerie top leather swim formal  top
1,black black and white  body   ?body  fashion joint sleeve monochrome photography monochrome product
1,black  body  joint waist  ?body  sleeve abdomen fashion design
1,fashion model sitting  body   winterwear  fashion  winterwear  leather girl shoe denim
1,clothing  bottoms  fashion model waist sleeve denim abdomen trousers joint trunk
0, body  child  winterwear  girl  ?body 
0,pumpkin product winter squash food toddler child calabaza
0,pumpkin calabaza winter squash cucurbita vegetable squash produce gourd food cucumber gourd and melon family
0,product design box font brand
1,footwear boot shoe riding boot high heeled footwear cowboy boot product design
1,child toddler table
1,fashion model sitting shoe model fashion  winterwear  formal wear  formal  sleeve gentleman
0,black and white sleeve photography t shirt  winterwear  fashion pattern monochrome photography plaid design
0,black and white  winterwear  photography snapshot monochrome photography girl  winterwear  standing black hair top
0,standing  formal   winterwear  formal wear vacation sky girl
1,fashion model  winterwear  fashion  winterwear  over winterwear  waist sleeve leather
1, winterwear  formal wear  formal  over winterwear   formal   winterwear   winterwear  fashion model sleeve tuxedo
1,fashion model model black and white photo shoot beauty supermodel photography monochrome photography standing black hair
1,white black black and white fashion model standing beauty model photography monochrome photography  body 
0,black black and white beauty photography girl monochrome photography  body  standing model photo shoot
1, winterwear  product leather  winterwear  textile  winterwear  product leather material top t shirt
0, body  black hair joint
0,footwear product shoe product product design electric blue font outdoor shoe boot ankle
0,product picture frame product design product font
0,product product design font product picture frame brand
0, body  joint  ?body  font
1,footwear shoe human leg boot ankle high heeled footwear joint
0,clothing fashion model  winterwear   body   ?body  sleeve day dress peach
0,box product design product paper
1,clothing fashion model  winterwear  cardigan sweater photo shoot  ?body  model sleeve top
1,white black and white fashion model monochrome photography  body  standing joint  winterwear  dress fashion
0,footwear leg tights joint thigh boot shoe human leg knee ankle
0,footwear shoe leg snapshot joint poster girl knee thigh
0,poster hand snapshot finger nail girl font
1,black  body  bag product font brand handbag pattern
0,footwear shoe leg foot font girl
0,dress  winterwear  fashion
1,clothing black dress  winterwear  little black dress fashion formal wear sleeve cocktail dress
0,finger hand poster font brand thumb
1,blue photograph beauty grass girl photography eye fun plant smile
0, formal  formal wear tuxedo gentleman  formal   winterwear  fashion model shoe model
0,sleeve dress shirt formal wear shirt t shirt  winterwear   formal  gentleman professional top
0,technology girl
1,clothing fashion model  winterwear   body  fashion girl joint sleeve pattern top
1,sleeve  winterwear  jersey fashion model  ?body  shoe sweater
1,t shirt formal wear  winterwear  sleeve fashion  formal   winterwear  model gentleman  ?body 
1, winterwear  clothing  winterwear   winterwear  fashion model  winterwear  sleeve  winterwear  animal product  ?body 
1,beauty fashion model  body  model chin  ?body  supermodel photo shoot brown hair long hair
1,clothing fashion model  winterwear  sleeve costume  winterwear  shoe joint  ?body  top
1,clothing fashion model  body  joint waist sleeve  ?body  photo shoot model supermodel
1, winterwear  sleeve fashion model over winterwear   ?body  trench  winterwear  model shirt dress shirt  winterwear 
1,fashion model pattern
1,clothing  winterwear  fashion model sleeve  winterwear  denim  ?body   winterwear 
1,clothing  winterwear   winterwear  sleeve fashion model  winterwear   winterwear  product girl
1,clothing  body  joint fashion model fashion  ?body  girl sleeve trunk photo shoot
1,person child sitting eye girl human fun nap human behavior hug
0, winterwear niture sitting table standing shoe chair human behavior gentleman couch professional
1, winterwear  fashion model gentleman fashion  winterwear  socialite  formal  over winterwear  shoe fashion design
1,white black photograph black and white  formal  beauty girl monochrome photography photography  winterwear 
1, body   winterwear  design joint sleeve font pattern t shirt brand
1,clothing day dress fashion model dress  body   winterwear   ?body  sleeve pattern
1,clothing  body   winterwear  sleeve product design joint pattern  ?body  shoe
1,child headgear water girl
1,fashion model dress  body  day dress  ?body  peach beige model photo shoot supermodel
0,fashion  winterwear  plaid  winterwear  tartan  winterwear  pattern design product  formal 
0,clothing  winterwear   formal   winterwear  fashion  winterwear  formal wear  formal  gentleman product
1,clothing fashion model sleeve dress shirt blouse  ?body  top waist shirt girl
0,hair child  body  human behavior smile cheek  ?body  child model brown hair hair coloring
0, body  smile standing photography girl fun product joint friendship t shirt
1,fashion model model beauty supermodel photo shoot  body  arm human leg brown hair long hair
1,clothing black t shirt sleeve  body  fashion model  ?body  product joint supermodel
1,bag  body  product product backpack product design handbag luggage & bags brand
1,beauty forehead jewellery ear  ?body  hand lip finger eyelash girl
1,clothing t shirt sleeve fashion model  body  fashion  ?body   winterwear  socialite girl
1,fashion model photo shoot  body  model supermodel brown hair  ?body  jewellery
1,t shirt clothing sleeve  body   bottoms   winterwear  shoe product fun font
1,clothing  body  sleeve  ?body  fashion model joint trousers waist
0,clothing fashion model fashion  winterwear   winterwear   winterwear  model fashion design stylist
1,cat small to medium sized cats  winterwear  girl cat like mammal child kitten ear toddler
1, body  product girl pattern child model toddler
1,clothing sleeve fashion model  body  blouse  ?body  peach top joint
1,clothing fashion model dress day dress  body   ?body  fashion sleeve fashion design little black dress
1,clothing  body  fashion model joint dress sleeve pattern  ?body  design polka dot
1,photograph black black and white  winterwear  monochrome photography photography snapshot  winterwear  fashion product
1,photograph black and white gentleman photography monochrome photography forehead monochrome portrait human behavior professional
1,black and white gentleman  winterwear  monochrome photography  formal  product  winterwear  monochrome human behavior formal wear
1,stock photography
1,water stock photography sky computer wallpaper
1,collage organism photomontage friendship fun religion recreation advertising human behavior
1,clothing fashion model  bottoms  denim waist  body  fashion trunk sleeve joint
1,footwear shoe product outdoor shoe sandal product design
1,fashion model sitting beauty photo shoot  body  photography fashion model girl  bottoms 
1,fashion model clothing fashion waist photo shoot supermodel trunk  ?body  shoe trousers
1,clothing  body  day dress sleeve fashion model  ?body  muscle joint peach
1,clothing footwear sitting human hair color leg  body  girl blond shoe  winterwear 
1,clothing  body  joint sleeve  winterwear  waist fashion model  ?body  trunk abdomen
1,clothing  body  fashion model turquoise  ?body  joint turquoise muscle electric blue sleeve
1,clothing  bottoms  denim  body  waist fashion model joint sleeve trousers  ?body 
1,facial expression chin smile  ?body  lip cheek forehead mouth jaw sleeve
1,clothing sleeve  body  fashion model joint dress  ?body  day dress costume waist
1,footwear shoe high heeled footwear sandal joint ballet flat outdoor shoe
1,clothing fashion model waist trousers leggings electric blue  ?body  shoe
1,photograph person man black and white photography male monochrome photography muscle arm monochrome
1,fashion model denim fashion  winterwear   winterwear   bottoms  photo shoot
1,t shirt  body  sleeve  ?body  joint product  winterwear  arm cool smile
1,clothing fashion model sleeve supermodel fashion  body  shirt  ?body  blouse t shirt
1,footwear shoe slipper sandal leg outdoor shoe toe flip flops human leg ankle
1,fashion model clothing  body  supermodel photo shoot joint  winterwear  fashion model long hair
0,clothing blue white t shirt sleeve  body   ?body  joint product  winterwear 
0,black and white  body  photography  ?body  monochrome photography fashion model photo shoot model  winterwear  monochrome
0,clothing black and white fashion model photography fashion  winterwear  monochrome photography sleeve  winterwear  photo shoot
1,clothing day dress dress fashion model  body  joint photo shoot model  ?body  formal wear
0,fashion model dress  body  waist joint fashion cocktail dress  ?body  supermodel model
1,footwear white shoe sandal product design outdoor shoe product beige
1,clothing pink waist joint  body  pocket sleeve button peach shorts
0, winterwear  sleeve  winterwear   ?body  t shirt  body 
1,sleeve  winterwear   body  t shirt  ?body  button shirt
0,fashion model standing fashion shoe  winterwear  sleeve trousers  bottoms   ?body 
1,sitting grass grassland hay girl prairie field meadow blond grass family
0,girl leg undergarment black hair lingerie thigh brown hair
0,joint  body   ?body  trunk abdomen photo shoot long hair thigh
1,footwear aqua electric blue sandal product shoe product design outdoor shoe turquoise suede
0,clothing dress fashion model  winterwear  formal wear costume  ?body  trunk electric blue day dress
0,beauty model girl fashion model lady sitting photo shoot fashion black hair long hair
0, body  joint dress romance interaction vacation summer abdomen fun love
0,people photograph human hair color child girl  body  photography smile fun summer
0, body  shorts girl summer arm hand joint finger photo shoot collage
0,white gown dress wedding dress  body  bridal clothing bride photo shoot  ?body  trunk
0,photograph woman dress gown wedding girl bride ceremony event fun
0,clothing  body  fashion kimono fashion model
0,clothing fashion model dress  body  cocktail dress girl gown day dress joint photo shoot
0,photograph bride romance wedding dress fun girl gown bridal clothing happiness
1,footwear shoe sandal human leg finger leg hand nail arm slipper
0,font  winterwear  pattern paper picture frame
0,yellow human hair color beauty blond  body  girl long hair  ?body  brown hair photo shoot
1,handbag bag  body  bag fashion accessory beige product
1,fashion model  winterwear  fashion sleeve  winterwear   ?body 
0,fun mouth girl  ?body 
0, formal  clothing formal wear  formal  gentleman  winterwear  tuxedo plaid fashion model white  body  worker
0, body  font product pattern paper brand
1, formal  formal wear fashion model  formal  gentleman fashion standing  winterwear  tuxedo white  body  worker
0,hair black and white hairstyle beauty eyebrow chin monochrome photography photography forehead gentleman
1,footwear shoe sandal product design product outdoor shoe beige font flip flops high heeled footwear
0,eyewear vision care sleeve  body   winterwear  fashion sunglasses cool  ?body  product
0,denim  bottoms  fashion  winterwear  textile product sleeve shirt girl top
1,fashion model clothing day dress  body  dress fashion joint  ?body  peach waist
0,clothing footwear shoe fashion  body   winterwear  denim product design  bottoms 
0,yellow  body  font picture frame brand pattern
0,fashion  winterwear  product gentleman long hair brand fashion design denim
0,fashion model  bottoms  fashion denim  body  shoe girl fashion design supermodel product
0, body  dress fashion sitting girl gown photo shoot flower textile socialite
1,text font product logo line product area brand angle number
0,white photograph black road black and white girl standing street infrastructure  winterwear 
0,sleeve long sleeved t shirt t shirt  body  product  winterwear  sweater  ?body  jersey brand
1,sitting  body  joint  winterwear  leg shoe chair sleeve girl  winterwear niture
1,sitting fashion model girl fashion accessory leg fashion shoe supermodel model photo shoot
1, body  child joint standing t shirt girl sleeve toddler hand  ?body 
1,white fashion model fashion fashion show dress runway girl socialite supermodel trunk
0,formal wear  formal   formal   winterwear   winterwear  gentleman  winterwear  over winterwear  tuxedo sleeve
1,hair human hair color blond hairstyle smile forehead child hair coloring toddler happiness
1,car vehicle automotive design fashion family car girl executive car mid size car street
1,clothing denim  bottoms  fashion model sleeve one piece garment  ?body  waist
1,photograph text gentleman brand product design advertising shoe font product stock photography
0,white photograph clothing  body  beauty  winterwear  sitting photo shoot girl textile
0, body   winterwear  girl brand  ?body 
1,clothing white fashion model  body  sleeve fashion  ?body  waist girl joint
0, body  sleeve  winterwear  fashion  ?body  denim long hair joint pattern pattern
0,face eyebrow nose forehead eyelash eye cheek ear smile jaw
1,footwear sandal shoe product design beige
1,blue text font product logo line product area brand signage
0,leaf plant grass product plant stem font
1,white product font product design brand handbag product logo label rectangle
1,clothing  ?body  active undergarment  body  joint waist arm sleeveless shirt muscle abdomen
1, winterwear   winterwear  sleeve hoodie textile electric blue leather  winterwear   ?body  top leather
1,clothing  body  fashion model costume sleeve  ?body  joint pattern
1,fashion model human hair color beauty model photo shoot supermodel  body   ?body  blond long hair
0,white clothing fashion model beauty  body  fashion dress  winterwear  girl socialite
0, winterwear   winterwear  formal wear gentleman professional white  winterwear 
1,clothing denim  bottoms  fashion model fashion trousers fashion design girl  ?body 
0, winterwear   winterwear   formal  sleeve product  ?body  formal wear gentleman button  formal 
1,clothing dress fashion model  body  photo shoot cocktail dress girl gown formal wear fashion design
0,clothing fashion model day dress  body  model dress fashion supermodel  ?body  photo shoot
0,flower
0,lampshade lighting accessory design flooring floor product pattern shoe square pattern
1,flower plant flora tree floristry city house facade street window
1,bag yellow orange handbag product product product design brand  body  bag caramel color
0,clothing  formal   winterwear   winterwear  formal wear fashion model sleeve peach  winterwear   ?body 
0,clothing fashion model  body   ?body  sleeve dress fashion woolen model pattern
0,denim blue  bottoms   winterwear  textile font sleeve material t shirt pattern
0,clothing  winterwear  fashion model over winterwear  trench  winterwear  sleeve
0,clothing  bottoms  denim  formal  girl  winterwear  fashion textile  winterwear  fun
1,fashion model  body  joint  winterwear  fashion girl  winterwear  sleeve long hair shoe
0,clothing  winterwear   body  t shirt fashion product sleeve  formal   bottoms  girl
0, formal  formal wear  formal   winterwear  gentleman fashion model tuxedo fashion model
1,product  body  girl fashion fun
0,model black and white photo shoot fashion model beauty  body   ?body  sleeve supermodel photography
0,fashion model fashion  body   winterwear  model t shirt formal wear gentleman  formal  fashion design
0,fashion model fashion supermodel model  ?body  brown hair hair coloring
1,footwear shoe sandal product product design outdoor shoe  winterwear niture product brand font
1,car motor vehicle white vehicle road street black and white infrastructure lane mode of transport
1,clothing yellow fashion model waist fashion shoe pattern design trunk abdomen
1,photograph black and white model beauty fashion model photo shoot photography monochrome photography  body  long hair
1,clothing  winterwear   winterwear  fashion model trench  winterwear  over winterwear   ?body  pattern day dress
0, winterwear  over winterwear  fashion fashion model formal wear trench  winterwear  fashion design woolen  winterwear   ?body 
0,fashion model  body   winterwear   ?body  sleeve  winterwear  model
1,handbag bag brown leather fashion accessory  body  bag caramel color product product tote bag
0,clothing fashion model day dress dress  body   ?body  waist supermodel pattern one piece garment
0, winterwear  clothing trench  winterwear  over winterwear  fashion model beige
0,orange smile design toddler child fun
0,clothing  winterwear  electric blue fashion stole
1,clothing  winterwear   winterwear   body  sleeve school uniform uniform sweater product top
0,people  body  product joint girl fashion child material fun family
0,fashion model  body  fashion accessory fashion joint sleeve product shoe girl  ?body 
1,sky fun girl performance art performance computer wallpaper performing arts stock photography evening
0,album cover cool sky fun happiness leisure computer wallpaper
0,clothing fashion model  body  standing  ?body  formal wear waist shoe joint trousers
1,clothing  winterwear  over winterwear  fashion model woolen formal wear trench  winterwear  button  ?body 
1,footwear shoe boot product design ankle outdoor shoe product brand
0,clothing fashion model  body  fashion  winterwear  blouse long hair top stylist pattern
0,clothing fashion model  winterwear   bottoms  sleeve pattern costume pattern  ?body  trousers
0,clothing stole poncho  winterwear  woolen sleeve shawl  ?body 
1,nature sky vacation leisure summer water fun tourism friendship happiness
0,tartan plaid fashion model pattern design fashion sleeve  winterwear  stylist pattern
0,girl long hair hair coloring brown hair
1,bag handbag  body  joint clothes hanger product  ?body  beige brand pattern
1,clothing fashion model  body  dress waist joint trunk abdomen cocktail dress photo shoot
0,hair human hair color fashion model  winterwear  long hair hair coloring brown hair model girl  ?body 
1, winterwear   winterwear  sleeve hood military uniform  winterwear 
1,bag product product handbag product design leather brand baggage  body  bag luggage & bags
0,clothing  winterwear  formal wear  winterwear  fashion model  formal   formal  shoe
1,clothing blue  body  sleeve blouse joint electric blue  body   ?body  top
0,clothing fashion model  winterwear  waist over winterwear  bag  bottoms  abdomen  ?body  sleeve
1, winterwear  clothing over winterwear  trench  winterwear  fashion model woolen  ?body  beige sleeve
1,clothing  body  sleeve woolen poncho sweater  winterwear   ?body  pattern plaid
0, body  pocket  winterwear   body  sleeve
0,clothing dress day dress fashion model formal wear  ?body  sleeve pattern
0,clothing sleeve fashion model blouse shirt  ?body   body  button pattern pattern
1, body  dress  ?body  fashion model satin sleeve leather  winterwear  over winterwear 
1,clothing fashion model  winterwear   body  fashion waist sleeve formal wear over winterwear   ?body 
1,footwear shoe high heeled footwear product design outdoor shoe product boot
0, winterwear  over winterwear  formal wear woolen gentleman sleeve  ?body 
1,human hair color long hair headgear hair coloring wig brown hair black hair bangs hat layered hair
1,clothing woolen  winterwear  cardigan  ?body   winterwear  sweater fashion model beige
0,clothing  body  fashion model sleeve  ?body  woolen joint blouse
1, winterwear  clothing hood  winterwear  over winterwear   winterwear   winterwear 
1,bag handbag black product fashion accessory  body  bag leather product brand product design
1, ?body  fashion model woolen sleeve poncho
1,fashion model  winterwear  fashion  winterwear 
1,sleeve  body   ?body  t shirt
0, winterwear  clothing  winterwear  over winterwear  fashion model tartan pattern plaid
1,footwear boot product design shoe outdoor shoe ankle product human leg
0,clothing  bottoms  denim pocket fashion model electric blue trousers waist
1,clothing stole blouse  body  sleeve fashion model  ?body  shawl pattern woolen
1, winterwear   ?body  scarf wool beige woolen stole poncho
1,over winterwear   winterwear  clothing  winterwear   winterwear   body  fashion model woolen hood
1,footwear shoe high heeled footwear boot product design font
1, ?body  sleeve  body  woolen sweater long sleeved t shirt
1,clothing  body  sleeve  ?body  blouse t shirt pattern long sleeved t shirt pattern
1, winterwear  woolen  winterwear  over winterwear   ?body   winterwear 
1,fashion model fashion joint abdomen costume shoe fashion design pattern
1,plaid tartan sleeve pattern  winterwear  design woolen  ?body  pocket pattern
1,clothing  winterwear  cardigan fashion model woolen sleeve  ?body 
1,clothing fashion model  body  sleeve  winterwear   ?body  blouse
0, winterwear  clothing  winterwear   winterwear  fashion model textile over winterwear   ?body 
1,footwear high heeled footwear sandal shoe beige product design basic pump outdoor shoe font
0,clothing woolen sweater  ?body   winterwear  sleeve poncho wool  winterwear 
1, winterwear  over winterwear  woolen  ?body   body 
1,tartan plaid pattern sleeve  body   ?body  design fashion model woolen
1,clothing  winterwear  formal wear  winterwear  fashion model over winterwear  sleeve  ?body 
0, formal  formal wear  winterwear  over winterwear   formal   winterwear  gentleman tuxedo  winterwear 
1, winterwear  clothing  winterwear   winterwear  woolen over winterwear  beige animal product
0,beauty eyebrow fashion model chin  ?body  supermodel  body  cheek model forehead
0,clothing day dress dress fashion model sleeve  winterwear   ?body 
0,nose forehead girl human behavior friendship ear product hair coloring mother smile
0, winterwear  clothing  winterwear  textile fashion model  ?body  animal product
1,clothing fashion model sleeve day dress dress  ?body   winterwear   winterwear  pattern over winterwear 
1,bag handbag product electric blue fashion accessory product product design
0,clothing fashion model  winterwear   winterwear  costume  ?body  over winterwear  cape sleeve
1,fashion model handbag fashion shoe bag supermodel fashion design stylist
1, winterwear  formal wear  body   winterwear   ?body  over winterwear 
0, winterwear  over winterwear  woolen formal wear fashion model trench  winterwear 
0,clothing day dress dress sleeve fashion model  ?body  pattern pattern  body  waist
0,clothing fashion model day dress fashion dress  winterwear   ?body  sleeve pattern pattern
0, ?body tie chin fashion accessory  ?body  dress shirt white  body  worker formal wear professional  body  sleeve
0, winterwear  over winterwear  woolen  winterwear 
1,clothing girl joint  body  dress leg  winterwear  shoe sleeve pattern
1,clothing fashion model  ?body  sleeve day dress pattern  body  blouse pattern fashion design
0,day dress dress  body   winterwear   ?body  fashion model pattern pattern
0, formal  formal wear tuxedo  formal  gentleman white  body  worker  ?body tie  winterwear  businessperson brand
0, winterwear  over winterwear  woolen  winterwear   ?body  pattern
0,fashion model little black dress dress fashion formal wear  body   winterwear  socialite fashion design  winterwear 
0, body   ?body  pattern waist joint
0,black formal wear  formal  little black dress fashion model dress fashion  body   winterwear  tuxedo
0,clothing fashion model  body  fashion  ?body  sleeve waist joint denim fashion design
0,clothing  body  joint  ?body  dress sleeve poncho
0,woolen  winterwear   winterwear   ?body   body  over winterwear   winterwear  sweater wool button
0, winterwear   winterwear  fashion model  ?body  over winterwear  shoe
1,clothing fashion model day dress fashion  body  dress design  ?body  pattern pattern
1,clothing fashion model formal wear waist trunk trousers abdomen  ?body   formal  pattern
1,clothing day dress dress fashion model sleeve  body   ?body  pattern blouse waist
1,footwear boot shoe high heeled footwear product design product human leg riding boot
0,photograph people photography tree standing child  winterwear  fun toddler recreation
0,clothing sleeve fashion model  winterwear   ?body 
0,blue nature photograph tree photography poster water fun grass plant
1, winterwear  girl pattern  ?body  sleeve sweater child model
0,fashion model  body  fashion  winterwear  tights  winterwear  shoe
0, bottoms  waist fashion model denim fashion abdomen sleeve trousers pattern trunk
1,denim pocket waist  bottoms  button miniskirt joint trousers
1,denim  bottoms   winterwear  fashion model sleeve  winterwear  button blouse shirt pattern
0,blue clothing day dress electric blue  body  dress turquoise joint cobalt blue fashion model
0,clothing blouse sleeve  ?body  fashion model pattern  body  pattern top button
0,clothing fashion model  body   winterwear   ?body  joint sleeve leggings
1, winterwear  trench  winterwear  over winterwear  fashion model sleeve  winterwear 
1,footwear shoe human leg leg high heeled footwear outdoor shoe ankle product design calf
0,footwear fashion model  body  shoe  winterwear  fashion  winterwear  pattern joint
0,fashion model formal wear  body   formal  fashion  winterwear   formal  gentleman  ?body tie supermodel
1,bag black handbag  body  bag fashion accessory product product leather pattern brand
0,clothing yellow  body  fashion model sleeve fashion waist blouse  ?body  joint
0,hair blond human hair color hairstyle boy hair coloring  ?body  surfer hair portrait bangs
1, body  fashion model  ?body  sleeve joint waist trunk abdomen
0,clothing fashion model dress  winterwear  fashion sleeve  ?body  pattern day dress
0,clothing  winterwear  formal wear  winterwear  over winterwear   formal  shoe  ?body 
1,scarf  ?body   winterwear  textile hair coloring long hair brown hair wool girl  winterwear 
1,bag handbag fashion accessory  body  fashion model fashion joint shoe pattern brand
0, winterwear  over winterwear  woolen sleeve formal wear gentleman  ?body   body  button
1, winterwear  clothing  winterwear   winterwear  fashion model animal product sleeve
0,fashion model  body  fashion sleeve  ?body  tights trousers leggings formal wear
0, body   winterwear  hand  ?body  finger girl pattern sleeve
0,clothing fashion model sleeve fashion blouse socialite shirt denim pattern top
1, winterwear  formal wear  formal   formal  sleeve gentleman  winterwear   body  button  ?body 
0,clothing fashion model  body  waist  ?body  sleeve miniskirt
1, winterwear  woolen sleeve product
0,clothing white  winterwear   ?body  fashion model formal wear costume sleeve fashion design pattern
0,clothing  ?body   winterwear   winterwear  sleeve shoe
1,human hair color fashion model  body  photo shoot  winterwear   ?body  supermodel long hair blond girl
1,clothing  body  fashion model waist  ?body  sleeve fashion dress abdomen joint
0,tights fashion model fashion shoe design pattern leggings trousers  ?body 
0,bag  body   bottoms  pocket electric blue fashion model  winterwear  waist  winterwear  denim
1,fashion model  body  fashion dress waist joint socialite pattern  ?body  fashion design
1,hair beauty hairstyle fashion model smile fashion  winterwear  girl socialite long hair
1,clothing sleeve  winterwear  fashion model  winterwear   body   ?body  pattern woolen blouse
0, winterwear  over winterwear  fashion model woolen  ?body  beige peach  body 
1, winterwear  child  body  toddler design sweater pattern wool girl  ?body 
1,yellow cap headgear hat beanie sun hat font electric blue
0,eyewear vision care sunglasses glasses brown hair hair coloring health & beauty  ?body  bangs
1,footwear yellow shoe sandal pattern design outdoor shoe flooring ankle human leg
0, winterwear  fashion model over winterwear  trench  winterwear   winterwear 
0,clothing  body  joint leg  winterwear  shoe trunk leggings tights abdomen
1,clothing sweater sleeve woolen  body   ?body   winterwear  pattern cardigan wool
0,clothing  body  fashion pattern socialite shoe trunk waist abdomen joint
1,bag leather product handbag
0, winterwear   winterwear  fashion long hair  bottoms  girl denim
1,clothing  body  sleeve  winterwear  fashion joint  ?body  product pattern blouse
1,plaid sleeve tartan pattern  body  button design dress shirt  ?body  shirt
1,clothing  body  waist fashion model  ?body  sleeve day dress miniskirt one piece garment joint
1,hair photograph human hair color beauty girl photography sky blond long hair smile
0,clothing fashion model  body   bottoms  waist fashion trousers joint shoe  ?body 
0,clothing  winterwear  fashion model  winterwear  over winterwear  shoe formal wear  formal   ?body 
0,clothing fashion model  winterwear   winterwear  clothing  winterwear   ?body  woolen pattern  winterwear  sleeve
0, body   winterwear  design square pattern
1,bag brown fashion accessory handbag  body  bag leather product product product design beige
0, body  fashion accessory joint handbag  ?body  photo shoot waist
1,clothing fashion model  body  waist joint  ?body  trunk abdomen formal wear trousers
0,clothing  winterwear   formal   winterwear  fashion fashion model  winterwear  formal wear over winterwear  pattern
0,fashion model sitting beauty supermodel photo shoot  body  photography leg thigh model
0, body   winterwear  standing fun girl  bottoms 
1,clothing  winterwear   body  sleeve blouse  ?body 
0,fashion model  bottoms  standing waist trousers abdomen trunk pattern joint
0,fashion model  ?body  pattern trousers leggings waist pattern sleeve
1,text font logo product line area brand product graphics angle
1, winterwear  fashion model  winterwear   winterwear  clothing over winterwear   winterwear  pattern
0,pink  body  joint thigh balloon ball
1, winterwear  clothing  body  leather  winterwear   winterwear   ?body  leather  winterwear  long hair brown hair sleeve
1, body  tights waist shoe  ?body  bag joint  bottoms  couch
0,fashion model beauty  body  model fashion  ?body  long hair photo shoot girl stylist
0,fashion model tights shoe leggings  ?body  waist joint knee
0,clothing fashion model  winterwear  day dress formal wear  ?body   winterwear  shoe
0,fashion model  body  fashion model supermodel  winterwear  long hair photo shoot  ?body  fashion design
0,clothing  winterwear  fashion model fashion  winterwear  trench  winterwear  over winterwear 
0,clothing fashion model dress fashion formal wear photo shoot  ?body  model fashion design stylist
1,bag brown leather handbag fashion accessory  body  bag product product caramel color suede
0,clothing dress fashion  body   winterwear  formal wear fashion model  ?body  socialite pattern
0,clothing  winterwear   ?body  fashion model product woolen
0,clothing tartan  winterwear  fashion model pattern plaid design electric blue  ?body  shoe
0, winterwear  formal wear over winterwear   formal  trench  winterwear  gentleman tuxedo  winterwear  sleeve brand
0, formal  formal wear gentleman  formal   winterwear  tuxedo white  body  worker professional brand
0,clothing fashion model  body  costume joint day dress sleeve  ?body  pattern
1,text  body   winterwear  sleeve design pattern human behavior t shirt product pattern
1,waist pocket button miniskirt abdomen trunk joint
0,red  body   bottoms  fashion  winterwear  denim product design pattern electric blue
0,clothing  bottoms  fashion model waist joint  body  trunk abdomen trousers shoe
0,clothing fashion accessory  body  fashion product  winterwear  design joint girl pattern
1,clothing  body  sleeve  ?body   winterwear  fashion model design pattern joint blouse
0,clothing yellow  body   winterwear  product pattern sleeve pattern  ?body 
1,clothing fashion model  body  day dress joint sleeve  ?body  waist pattern costume
0,clothing fashion model  body  fashion  body  sleeve waist formal wear joint  ?body 
1,clothing  body  fashion model dress  ?body  day dress shoe joint denim electric blue
0, body  sleeve joint fashion model  ?body  t shirt sportswear costume
0,denim clothing  bottoms  fashion model waist fashion joint shoe trousers trunk
1, bottoms  fashion model  body   winterwear   ?body  denim  winterwear  trousers waist sleeve
1,footwear boot shoe suede product design product
0, body  tartan waist  ?body  miniskirt joint fashion model design sleeve plaid
0,clothing  bottoms  denim  body  waist fashion model trousers joint trunk one piece garment
1,clothing day dress dress fashion model  ?body  formal wear cocktail dress pattern waist sleeve
1,clothing yellow fashion model day dress dress  body  joint sleeve  ?body  pattern
1,product font brand ear
0,clothing sleeve fashion model  ?body   winterwear  blouse top photo shoot t shirt pattern
1,white  body  worker gentleman brand  formal  album cover formal wear font product professional girl
1,clothing costume  winterwear  fashion model robe
1,black hair long hair hair coloring font brand
0,clothing  bottoms  waist fashion model trousers  ?body  trunk formal wear sleeve abdomen
1, body  design  winterwear  pattern vision care brand  ?body  product
0,clothing fashion model sleeve  winterwear   winterwear  formal wear  ?body  waist fashion design
1,fashion brand long hair pattern font
1,clothing fashion model joint  body  fashion electric blue  winterwear  pocket  ?body  sleeve
0,fashion model  body   ?body  waist  bottoms  sleeve joint abdomen trousers trunk
1,bag handbag fashion accessory product  body  bag messenger bag leather product strap product design
0, winterwear  over winterwear   winterwear  fashion model woolen sleeve button  body   ?body  waist
0, winterwear  fashion model  winterwear  clothing girl shoe
0, winterwear  pattern product design plaid tartan girl shoe square
0,clothing product fashion textile  winterwear  material girl design pattern child
0,clothing denim  body  sleeve  winterwear  button  bottoms   ?body  model blouse
0,beauty model  winterwear  fashion gentleman formal wear photo shoot  formal  long hair girl
0, winterwear   winterwear   winterwear   formal   ?body  pattern sleeve  formal  denim formal wear
1,human hair color fashion model long hair brown hair hair coloring model socialite supermodel girl shoe
0,clothing dress day dress fashion model cocktail dress formal wear  ?body  sleeve gown waist
1,clothing dress girl gown  winterwear  photo shoot vintage clothing formal wear stock photography
0,plaid tartan pattern  winterwear  design pattern
0,grass girl grass family tree sunlight stock photography
0, bottoms  clothing denim  body  fashion model  winterwear  trousers waist pocket  ?body 
0,black black and white text sky atmosphere darkness monochrome photography monochrome font phenomenon
1,dress fashion model  body  day dress little black dress formal wear  ?body  cocktail dress joint sleeve
1,clothing footwear fashion model  body  denim shoe joint  ?body  electric blue  bottoms 
1,footwear shoe product oxford shoe product design outdoor shoe product walking shoe font brand
0,clothing sleeve  ?body   body  t shirt fashion model blouse joint top
0,clothing fashion model  body  waist joint shoe  ?body  pocket abdomen
0,clothing white standing  body  joint fashion model  ?body  abdomen shoe waist
0,blue clothing  bottoms  denim  body  fashion model cobalt blue waist standing joint
1,clothing joint  body  waist fashion model  ?body  sleeve blouse leggings top
0,eyewear fashion model  body   ?body  active undergarment vision care sunglasses lingerie model brassiere
0,clothing  winterwear   winterwear  sleeve  formal  leather  winterwear  beige leather
1,text font product logo line product area brand angle number
1,clothing  body  fashion model joint waist  ?body  sleeve trunk shorts pattern
0,clothing yellow fashion model  winterwear   winterwear   ?body  joint shoe electric blue sleeve
