binary,text
1,"join life is about sustainability, about taking care of the planet.join us to learn more about join life at zara.com"
0,this is #collection. garments produced using the best sustainable processes and raw materials. do you want to join us? check editorial online and in-stores
0,"add a bit of sparkle to your night out | check total look at our party wear editorial, night out"
0,night out | party season is coming. velvet and sequins are the perfect choice. check our new woman editorial for some inspiration
1,shine bright with this metallic blazer clothing from our latest woman editorial | all you need for your nights out. thank you @graciehartzel
1,from funk and disco to clothinged-up casual wear | this is a step to your new routine # collections  new editorial
0,"this is my new routine, clothinged up casual wear | checkcollection new editorial # collections "
1,"roll with it | volume, energy, attitude. a special collection for special nights."
0,"roll with it collection | an attitude that's real & undiluted, instantly recognizable and always individual. stepped up tempos and loud guitars mixed with the spirit of 70s cool #collection"
1,the hoodie sweater | new knit trends forseasonseason
1,meet the fringedclothing | new editorial presenting knit trends #collection
0,time for knit trends | the ribbed look: sweater + clothing. new editorial. thank you @andreeadiddy #collection
0,comfy |  ï»¿woman  editorial. simple and cozy. check knotclothing and ribbed leggings
0,comfy |  ï»¿woman  editorial. simple and cozy. check bow clothing & grey cardigan
1,comfy | girl editorial. simple and cozy garments. special collection.
1,midtown warm-up | new woman editorial now available. thank you @myrthebolt_
0,midtown warm-up | seasonal teddy-texture mixed with nostalgic floral print midi clothinges.
1,"mid-town warm up | a story inspired by a modern take on retro classics based on textures of shearlingclothings, teddy texture patterned tights & kitten heels. thank yoy @cara_taylorrr #collection"
0,this is #collection | palazzoclothing 8473/802
0,this is #collection | cashmere roll neck sweater 6873/176
1,"join life | natural farmingecologically grown cotton is farmed using natural fertilizers or pesticides. this process is water-friendly and reduces the co2 emissions, helping us to prevent the climate change."
1,"join life | organic cottonorganically or ecologically grown cotton is farmed in a way that respects the environment, biodiversity and the people who farm it."
1,"join life |  kids  girl sustainable collection.under the label #collection, we categorise all garments that have been produced using the best sustainable processes and raw materials"
1,lights galore |collection editorial. thank you @marjanjonkman
0,lights galore icollection editorial. thank you @marjanjonkman
1,a forest ride | kids editorial
1,a forest ride | editorial for kids
1,a forest ride | new editorial for kids
1,smooth textures | woman editorial. thank you @ediebcampbell
1,smooth textures | woman editorial. thank you @ediebcampbell
0,"a mix of wools, shape and proportion | man editorialseason tones. thank you @iohma"
0,contemporary classics inseasonal tones | man editorial. thank you @iohma
1,mini capsule collection
1,mini capsule collection
1,mini capsule collection
0,collection pufferclothing collection
1,the new puffers are here!
0,join the puffy trend! newcollection editorial
0,woman studio collection | coming soon #collection @kirindejonckheere @amandagooge
1,woman studio collection | coming soon #collection @kirindejonckheere
0,woman studio collection | coming soon #collection @lex.herl @amandagooge
0,this is #collection | red checkedclothing
1,trick or treat? the masks | new editorial for kids
1,in the mood of halloween? the masks | new editorial for kids
0,booo! the masks | new kids editorial
0,"dear india, discover & shop the weekly new-in now at zara.com. #dearindiathank you @urvashi_umrao photographed by @thebadlydrawnboy"
0,"dear india, shop the latestseason collection now online.#dearindiathank you @nsfwsaket & @nitigyasingh photographed by @thebadlydrawnboy"
0,"dear india, shop online is now available. thank you @urvashi_umrao photographed by @thebadlydrawnboy"
1,iconic blazers | the checkedclothing 8303/610
0,iconic blazers | contrasting faux fur blazer 4391/221
1,iconic blazers | pink wool blazer ref 8027/813 thank you @kdhwillems
1,pearly beret 3920/244
0,textured neckerchief with ribbon and faux pearls 0247/249
0,"good times | featuring prints, velvet and satin. special suits for special events. and party! thank you @brodiescottt"
0,"clothing up and let_s groove. good times, new editorial for man. thank you @oliverkumbi"
1,this is a collaboration with eight families from different countries worldwide. each family has shared with us some pictures of their kid while they were wearing pajamas | life is better in pyjamas
1,is there anything better than a sleeping child? this is a collaboration with eight families from different countries worldwide. each family has shared with us some pictures of their kids while they were wearing pyjamas.
1,life is better in pyjamas | this is a collaboration with eight families from different countries worldwide. each family has shared with us some pictures of their kids while they were wearing pyjamas.
0,retro fiction | polished and sophisticated looks with standard patterns
0,next destination: the west | an approach to the classic mood of rodeo.collection
0,"go rodeo | thiscollection editorial is a mix of blouses and clothinges in plaids and florals, heavyclothing,clothing, wideclothing and midi clothings."
0,let_s rock the western trend | go rodeo! newcollection editorial. thank you @kirindejonckheere & @ansolet_rossouw
0,neutrals. style notes. updated outerwear | wear your classicclothing over yourclothingclothing. thank you @davidtrulik
0,"neutrals, style notes | combine your twill suitclothing with your suedeclothing for a cool and contemporary aesthetic. thank you @davidtrulik"
0,checkedclothings never get old | urban beats. new editorial
1,"the quiltedclothing | high neck, long sleeves, front piped pockets, metal eyelet detail with contrasting ribbons and contrasting lining. urban beats | new editorial"
0,short faux leatherclothing + shiny checkedclothing + faux leather mini clothing | it's urban beats! thank you @jean_campbell
1,season vibes | new  kids  editorial
1,dungaree and cosy baggyclothing |season vibes.  kids  editorial
1,brothers and sisters inseason vibes. new  kids  editorial
0,urban and cosy |season vibes in new boy capsule collection
1,cosy boy capsule collection | marble print sweatclothing collection
1,walking the dog | boy capsule collection now available
1,"this isclothing. a vary of washes, tones, shapes and styles allow it to be completely accesible whilst continually being renewed . thank you @samuel_worthen"
0,this isclothing | you_ll never have enough ofclothing | new man editorial
0,a classic wardrobe mainstay for over 50 years and still more relevant than ever.clothing is still a staple for both the stylish & relaxed clothinger. thank you @andreassandby
1,playing outdoors |  kids  boy capsule collection
1, kids  boy capsule collection. in the great nature
1,let's go into the forest!  kids  boy capsule collection
1,floral prints meet plain colors in new woman editorial | 70's mood
0,contemporary approach to 70's floral patterns | new woman editorial now available
1,throwback  days  | it's 70's inspired! woman editorial. thank you @giedre.dukauskaite
0,"l.a.,1958. croppedclothing, leatherclothings and white t-clothings: a uniform. man editorial | the pieces."
1,"rome, 1962. sharp tailoring, modern silhouettes with a keen focus on detail and prints. new man editorial | the pieces"
0,the best match onclothing is moreclothing |collection editorial
0,meet #clothing with @londonemyers in newcollection editorial. now available
0,"hey kids, let's go back to school | new editorial now available"
0,it's time to go back to school! the new editorial for kids is now available
0,the trench edit | several different ways to wear a trench. the punky look
0,the trench edit | several different ways to wear a trench. the casual look. thank you @juliehoomans
0,the trench edit | from the casual to the feminine chic look. several different ways to wear a trench. thank you @marjanjonkman
1,september is coming | back to work.  days -to-friday keys forseasonseason 2017 #editorial #collection thank you @riannevanrompaey
0,join life man sustainable editorial #season | renewable energies or reusing resources like water can help us produce garments in an eco-efficient way #collection #collection #editorial
0,join life man sustainable editorial #season | the combination of recycled materials and raw materials such us organic cotton or tencelî helps us to reduce our impact and take care of the environment #collection #collection #editorial
0,join life man sustainable editorial #season | processes and materials that help us to take care of the environment #collection #collection #editorial thank you @frederikruegger
0,uclothingia | key trends forseasonseason 2017. woman editorial #editorial #collection thank you @selenaforrest
0,uclothingia | key trends forseasonseason 2017. woman editorial #editorial #collection thank you @selenaforrest
0,uclothingia | key trends forseasonseason 2017. woman editorial #editorial #collection thank you @selenaforrest
1,"the new flamboyant | nomad, new woman editorial #collection #editorial"
1,opulent textures in the new woman editorial | nomad is now available online and in-stores #collection #editorial
1,good vibes only |  kids  girl capsule collection #collection
1,cozy jumpsuit for funny afternoons |  kids  girl capsule collection #collection
1,it_s fun outside | new  kids  girl capsule collection #collection #editorial
1,discover the newcollection editorial | mixed textures. thank you @michelle_gtk # collections  #editorial
0,let_s play with mixed texture | newcollection editorial # collections  thank you @manuela_sanchez__
1,find your seat and get ready for the movie to start. all eyes on the big screen! #collection
1,"buy your tickets for a movie, and don_t forget your popcorn |  ï»¿woman  editorial #collection"
0,call your friends and meet them at the cinema | new editorial for  ï»¿woman  #collection
0,outerwear | 3. the blazer 8033/693 thank you @ezrapetronio
0,outerwear | 1. the trench 0518/055 thank you @ezrapetronio
0,"shape the invisible is a collaboration between zara and new talents emerging from some of the most important design schools. with recycling as the initial idea, zara gave the schools clothing from previous seasons, with which the students then created new garments adding their own design and vision. learn more at zara.com #shapetheinvisible"
0,"shape the invisible is a collaboration between zara and new talents emerging from some of the most important design schools. with recycling as the initial idea, zara gave the schools clothing from previous seasons, with which the students then created new garments adding their own design and vision. learn more at zara.com #shapetheinvisible"
0,"shape the invisible is a collaboration between zara and new talents emerging from some of the most important design schools. with recycling as the initial idea, zara gave the schools clothing from previous seasons, with which the students then created new garments adding their own design and vision. learn more at zara.com #shapetheinvisible"
0,the minimalist edit | mandarin collarclothing 0071/296 + chinoclothing 2318/320 available online and  collections  stores #collection
0,the minimalist edit | solid coloredclothing 1564/320 + solid coloredclothing 0070/296 + basic bermuda shorts 0706/398 + white sneakers with straps 5416/202 available online and  collections  stores #collection
0,the minimalist edit | checked sweater 4566/300 + cropped chinoclothing 2318/322 + matte black leatherclothing 5027/202 available online and in  collections  stores #collection
1,soft and jumpsuits |  ï»¿woman  capsule collection #collection #season
1,soft and flowers |  ï»¿woman  capsule collection now available #collection #aw7
1,stripedclothing with bows #collection #collection #season ref 7724/990 picture by @ezrapetronio
0,the stripes | #collection long assymetric tunic ref 7778/617 #season #collection picture by @ezrapetronio
0,this is #collection | printed t-clothing ref 5580/210 #collection #season picture by @ezrapetronio
0,the tweed | #collection #clothing ref 7772/603 #collection picture by @ezrapetronio
0,this is #collection | long assymetric tunic ref 7778/617 #season #collection picture by @ezrapetronio
0,suit but casual | this is #collection #softclothing ref 2753/222 #clothing 7901/222 #season picture by @ezrapetronio
0,seasonseason 2017 kids campaign by @matteomontanariphotography art direction @ezrapetronio #collection #collection #season
0,seasonseason 2017 campaign by willy vanderperre #collection #collection #season
0,fallseason 2017 campaign by @stevenmeisel_ art direction by @fabienbaron stylist karl templer #collection #collection #season
1,city lights | pre-fall #season. embrace the lights of the city
0,city lights | discover our bright pre-fall collection now online and in stores #season
1,join life |  kids  girl sustainable collection. tencelî is derived from wood grown in sustainable forests that guarantee their reforestation #collection
0,"join life |  kids  girl sustainable collection. organic cotton is grown using practices that help us to protect biodiversity, such as the use of natural fertilizers #collection"
1,join life |  kids  girl sustainable collection. a selection of the best sustainable raw materials and processes that helps us to take care of the environment #collection
0,pink | fringe earrings #collection #season ref 4548/204
1,the look | fringe earrings for a touch of color #collection ref 4319/203 #season
0,this is #collection | doclothing #clothing ref 6855/019 and #clothing ref 6855/016 # collections  #season
0,this is #collection | timelessclothing #clothingclothing ref 5252/015 #shorts ref 9123/252 # collections  #season
0,this is #collection |clothing +clothing # collections  check new items online and in-stores #season
1,it's time to play |  ï»¿woman  editorial #collection #editorial
1,it's time to play |  ï»¿woman  editorial #collection #editorial
1,this is #collection | poplinclothing ref 7876/117 palazzoclothing ref 0594/040
1,this is #collection | clothing ref 5580/160
1,this is #collection #clothing ref 2660/797 #bag ref 6304/205
1,the polka dot | # collections  t-clothing ref 5039/101
0,this is #collection | the timeless polka dot #tclothing ref 0264/288
0,it_s time to play | new editorial for kids #collection #editorial
1,it_s time to play | new editorial for kids #editorial #collection
0,it_s time to play | new editorial for kids #collection #editorial
1,tricolor plaited tote bag 4041/204
1,vinyl high heel sandals for this season ref 6552/201 and striped palazzoclothing ref 9878/024
1,ready for the weekend? more accessories online and in-stores #itsfriday ref 4373/039
0,upcycled fabrics | recycled polyester is made from recovered plastic bottles #collection #collection #careforfiber
0,sustainable raw materials | recycled cotton is made from residue collected from the cutting processes #collection #collection #careforfiber
1,young and resolute | newcollection editorial. mariana wears graphic t-clothing # collections  #editorial
0,young and resolute | newcollection editorial. cara wears oversized text t-clothing # collections  #editorial
1,season holidays | one day at the swimming pool #collection #editorial
0,season holidays | kids editorial #collection
1,season holidays | kids editorial. enjoy at the swimming pool #collection
0,color block collection now available online and in-stores #collection
0,color block collection now available online and in-stores #collection
0,color block collection now available online and in-stores #collection
0,that beach feeling | woman editorial #collection #editorial
0,next destination: the beach | woman editorial #collection #editorial
1,let_s drive to the beach | woman editorial #collection #editorial thank you @imaanhammam
1,stripes fromclothing to bottom | blue shades woman editorial #collection #editorial
1,"stripes are everywhere | blue shades. woman editorialnow available online and in-stores #collection #editorialthank you @shelbyhayes00"
0,blue shades for stripes | new woman editorial #collection #editorial thank you @graciehartzel
1,tropical printclothing | man #collection
0,tropical leaf | prints + prints for man #collection
1,exotic allure | kiki wears the floral printed kimono clothing #collection #editorial
1,light and enveloping kimono for an exotic allure #collection #editorial
1,"long lengths, fluid and voluminous, it's an exotic allure. thank you @kdhwillems #editorial #collection"
1,"pack your tent, it's time for season camp | kids editorial #collection #editorial"
0,time for season camp | new kids editorial #collection #editorial
1,ready for a season camp | check kids editorial #collection #editorial
1,let's go for a season getaway | the vacation edit #collection #editorial
1,this is the vacation edit | woman editorial. thank you @jean_campbell #collection #editorial
1,free inclothing | new man editorial.clothing with embroidered floral motifs #collection #editorial thank you @kitbutlerr
0,free inclothing | new man editorial now available #collection #editorial thank you @oscarkindelan
1,free inclothing | new man editorial.clothing with embroidered floral motifs #collection #editorial
0,neon |collection editorial now available online and in-store # collections  #editorial
1,stay bright! neon. newcollection editorial # collections  #editorial
1,blooming | check out new woman editorial #editorial #collection thank you @katerynazub
0,blooming | check out new woman editorial #editorial #collection thank you @micarganaraz
1,blooming | new woman editorial just released #editorial #collection
1, ï»¿woman  season collection now available | all over print clothing #collection #editorial
0,ready to catch the wave |  kids  boy season collection now available #collection #editorial
1,printed flowing jumpsuit |  kids  girl season collection now available #collection #editorial
1,southern air | bows + polka dots. new woman editorial #collection #editorial
1,clothing with fringes for a southern air | woman editorial #collection #editorial thank you @mckennahellam
1,"kids  ï»¿woman  editorial | play, laugh, it's a season ride #editorial #collection"
1,let's go for a season ride | kids  ï»¿woman  editorial #collection #editorial
1,"time for fun, it's sunny | kids  ï»¿woman  new editorial #collection #editorial"
1,"peplum, it's a nautical vibe | new woman editorial #collection #editorial"
1,nautical vibes with a femenine touch | woman editorial now available online and in-stores #editorial #collection thank you @damarisgoddrie
1,smile and have fun | a long season day #collection #editorial
1,new boys editorial | a long season day #collection #editorial
1,a long season day | boys new editorial #collection #editorial
1,"time for sun, pieces made for sun |collection editorial. floral prints and shorts # collections  #editorial #madeforsun"
0,man editorial | tailoring. formal suits to wear this season. navy / grey / pale blue #collection #editorial
1,man editorial | tailoring. relaxed looks to enjoy thisseason. white / pannacotta / pale pink #collection #editorial
0,man editorial | tailoring. relaxed looks to enjoy thisseason. white / pannacotta / pale pink #collection #editorial thank you mathias lauridsen
1,collection #oilonclothing | limited collection in collaboration with @mercedesbellido available online # collections 
1,collection #oilonclothing | limited collection in collaboration with @ricardocavolo available online # collections 
1,collection #oilonclothing | limited collection in collaboration with @yimeisgreat available online # collections 
1,the perfect accessory. natural fiber handbag with contrasting stripe detail down the front #collection ref 4751/001
1,the flatform espadrilles. for urban streets or sandy beaches #collection ref 1357/201
1,panama-style hat for sunny days 3920/010 #collection
0,"this isclothing | new man editorial.season seasonproposals for your day to day easy fitclothing looks #editorial #collection #clothing"
0,this isclothing | new man editorial. ripped overclothing #editorial #collection #clothing
0,this isclothing | new man editorial. key pieces from theclothing collection full of destroyed and damaged surfaces #editorial #collection #clothing thank you @robertosipos
1, ï»¿woman  new editorial | soft collection. striped jumpsuit with bows #editorial #collection
1, ï»¿woman  new editorial | soft collection. peplum striped blouse with bows at the back #editorial #collection
0,"season breeze | woman editorial. noemie wears ruffledembroidered floralclothing #editorials #collection"
0,season breeze | harleth wears floral printedclothing and striped asymmetric ruffle clothing #editorial #collection #seasonbreeze
1,reworked white | newcollection editorial now available # collections  #editorial #white thank you @matteomontanariphotography
1,new this week | frills + blue. frilled-sleeve clothing 1639/087 boots 2117/201 frayedclothing 2898/886clothing with belt 2423/712
0,new this week | gingham & floral print. gingham clothing 3564/096 draped floral printclothing 2856/266clothing with belt 2423/712 ankle boots 1113/201 floral print clothing 2884/149
0,new this week | orange + pink.clothing with front knot 0858/041 frilled midi clothing 7149/081 frilly blouse 2874/201 assymetric ruffles clothing ref 2908/201 #collection # collections 
1,realclothing | new woman editorial. freja wears the distressedclothing and the slim boyfriend in candiani pink #collection #editorials #clothing
0,clothing | freja wears the boyfit in rose blue. womanclothing real collection #collection #editorials #clothing
1,realclothing | new woman editorial. freja wears the distressedclothing and the slim boyfriend in candiani pink #collection #editorials #clothing
1,"collection | sustainable collection #collection #collection #careforfiber. the production processes of recycled fabrics use less water and energy, fewer natural resources and produce less waste, meaning they have a lower environmental impact"
1,collection | sustainable collection #collection #collection #careforfiber. organic cotton is farmed in a way that respects the biodiversity like crop rotation and the use of natural fertilizers
0, kids  boy new editorial | pieces with cotton feeling #collection #editorials
1,mini new capsule collection | now available online and in-stores #zaramini #editorials
0, kids  boy new editorial | cozy fabrics forseason #collection #editorials
0,new kids editorial : prints + prints #editorials #collection
0,new kids editorial : prints + prints #editorials #collection
0,mixed patterns | new kids editorial : prints + prints #editorials #collection
0,"woman campaign collection now available online and  collections  stores#zaraseasoncollection #zaraballerinaoffduty"
0,"new woman capsule now available online and  collections  stores | limited quantity#zaraseasoncollection #zaraballerinaoffduty"
0,it's mid season sale online and in-stores #zaramidseason
0,it's mid season sale online and in-stores #zaramidseason
0,it's mid season sale online and in-stores #zaramidseason
0,back to office |  days  to friday. new woman editorial now available online and in-stores #collection #editorial
0,back to office |  days  to friday. new woman editorial now available online and in-stores #collection #editorial
0,man studio | new editorial available #collection #editorial
0,man studio | new editorial available #collection #editorial
1,knitseason | new woman editorial #collection #editorial
1,knitseason | the new editorial for woman is now available online and in-stores #collection #editorial
1,check new woman editorial |season knit. thank you @arizona_muse #editorial #collection
0,this is #collection | blazer ref 2177/105 necklace ref 4319/029
0,this is #collection | t-clothing ref 0264/026 waistclothing ref 7484/020 bag ref 4423/204
0,this is #collection | floral printed clothing ref 2183/042 and bag ref 4423/204
0,it's time forclothings! available in stores and online #collection #timefor
1,it's time forclothings! available in stores and online #collection #timefor
1,kids | special prices available in stores and online #collection #season
0,kids | special prices available in stores and online #collection #season
0,kids | special prices available in stores and online #collection #season
1,woman | new romantic collection available in stores and online #collection #editorial #season
1,woman | new romantic collection available in stores and online #collection #editorial #season thank you @graciehartzel and @eliseagee
0,man | stripes #collection #season #stripes available in stores and online. thank you @callumward4
0,man | stripes #collection #season #stripes available in stores and online
1,girl | capsule collection #collection #season available in stores and online
0,girl | capsule collection #collection #season available in stores and online
1,girl | capsule collection #collection #season available in stores and online
1, kids  girl | artisan capsule collection #collection #season
1, kids  girl | artisan capsule collection #collection #season
1, kids  girl | artisan capsule collection #collection #season
0,"blazers i new volumes, new silhouettes #collection #editorial"
0,"blazers | new volumes, new silhouettes #collection #editorial thank you @cara_taylorrr"
0,this is #collection | floral embroidered clothing ref: 3440/047
0,this is #collection | embroidered blazer ref: 2903/060
0,this is #collection | floral printed blouse ref: 2352/639
0,time for camo tonedclothings #collection #timefor camouflage parka ref: 3918/470
0,time for camo tonedclothings #collection #timefor oversized trenchclothing ref: 1792/407
0,collection |clothing made withclothing # collections  #editorial
0,collection | refixedclothing to look handcrafted # collections  #editorial
0,newcollection editorial |clothing +clothingclothing # collections  #editorial thank you @sofiehemmet and @matteomontanariphotography
0,accessories matter | chain necklace ref 1856/030
0,shine bright with metallic boots #collection ref 3155/201
0,the perfect combination | khaki and sequins #parka ref 6895/057 #collection
0,time for message sweatclothings #collection #timefor ref 0722/406
0,time for message sweatclothings #collection #timefor ref 0722/433
0, ï»¿woman season collection available online and in stores #collection
0,boysseason collection available online and in-stores #collection
1, ï»¿woman season collection available online and in-stores #collection
0,pink | new woman editorial. now available online and in-stores #collection
1,pink | new woman editorial. now available online and in-stores #collection
0,pink | new woman editorial. now available online and in-stores #collection thank you @waleskagorczevski
0,join life sustainable collection. the refibra_lyocell is a new fiber created from recycled cotton and wood from sustainably managed forests #collection
1,"join life sustainable collection | in the classic recycling, waste is shredded and blended with pure fibers to create new fabrics #collection"
0,join life collectionseason sumer 17 | new editorial. the combination of upcycled materials with more sustainable raw materials such as tencelîlyocell and ecologically grown cotton help us to reduce our impact and to take care of the environment. thank you @jean_campbell #collection
1,new editorialcollection | poplin #editorials # collections  now online and in-stores. thank you @matteomontanariphotography
0,new editorialcollection | poplin #editorials # collections  thank you @lucan_gillespie @matteomontanariphotography
0, kids  girl |season collection #collection #season
0, kids  boy |season collection #collection #season
1, kids  girl |season collection #collection #season
1,stripedclothings | the off-shoulder ref 0594/056 #collection
1,stripedclothings | the oversize ref 4786/050 #collection
0,stripedclothings | the crossover ref 0594/051 #collection
0,"this is #collection | round neck t-clothing with long, sheer sleeves ref 1165/032"
0,this is #collection | cashmere sweater ref: 3887/003 and oversize t-clothing ref 7568/036
0,this is #collection | high rise leggins with zip ref 7149/063
0,season season 2017 campaign by @matteomontanariphotography #seasonseason #collection
1,season season 2017 campaign by @matteomontanariphotography #seasonseason #collection
0,season season 2017 campaign by @matteomontanariphotography #seasonseason #collection
0,season season 2017 man campaign by @willyvanderperre | exciting territories #seasonseason #collection
0,season season 2017 man campaign by @willyvanderperre | exciting territories #seasonseason #collection
0,season season 2017 campaign by steven meisel | thank you @fabienbaron #seasonseason
0,season season 2017 campaign by steven meisel | full campaign at zara.com thank you @fabienbaron #collection #seasonseason
0,coming soon |season campaign | january 26 # collections  #season
1,neutral territory | limited edition now available online and in  collections  stores #collection #collection
1,soft collection | now available online and in  collections  stores #softcollection #collection
0,white leather effectclothing with side zipped pockets | this is #collection ref 3046/032
1,this #collection | sweatclothing with lace up detail now available ref 5643/020
1,it's friday with @polyapolina_o #itsfridaywith
1,hello from @pashaharu
1,this is #collection | short studio floral clothing with frills now available in-stores and zara.com ref 8529/858
1,wrap up warm! soft knit scarf ref 6771/201 #collection
1,this is #collection | faux fur collar bikerclothing 2969/269
1,hello  days ! oversized floralclothing ref 7521/042 #collection
0,hello from @pavlovalia
1,this is #collection | floral embroidered oversized sweater ref 9598/130
0,disco forest collection now available online and in-stores #collection #discoforest
0,it_s cold outside | short contrastclothing ref 2969/042 #collection
0,clothing up | newseasonseason editorial #collection #editorials
0,clothing up | newseasonseason editorial. thank you @theoneilson and @tdibble13 #collection #editorials
0,clothing up | newseasonseason editorial. thank you @tdibble13 #collection #editorials
1,theclothing edit | now available online and in-stores #editorials #collection
1,theclothing edit | _feel warmth in the simple things_ #editorials #collection
1,theclothing edit | _wrap up in yourseason clothes_ thank you @sashapivovarovareal #collection #editorials
0,hello from @estellabrons and @elizabethdavison
1,kids december editorial | chapter 2 with @maria_lang #collection #editorials
1,kids december editorial | chapter #2 thank you @maria_lang #collection #editorials
1,this is #collection | short oversized #sweatclothing ref 7568/820 #clothing ref 3564/162 boyfriend #clothing ref 6840/275 #clothing ref 1740/201
1,happy  days ! sweater with snap button sleeves ref 2655/120 and leather clothing ref 5479/082 #collection
1,pretty in punk | newcollection editorial. _it_s about being rebellious and thinking out of the box_ #editorials # collections 
0,pretty in punk | newcollection editorial. now available online and in-stores. thank you @laurijnbijnen and @marjanjonkman and #editorials # collections 
0,"pretty in punk | newcollection editorial. _punk for me means going against the grain, doing the unusual and getting out of my comfort zone_ thank you @laurijnbijnen #editorials # collections "
1,kids december editorial | chapter #1 with @monikalenarczyk #collection #editorials
1,kids december editorial | chapter #1 thank you @monikalenarczyk #collection #editorials
1,hello from @helenaseverin #itsfriday
1,woman studio capsule collection | edit 2. now available online and  collections  stores #collection
1,woman studio capsule collection | edit 2. now available online and  collections  stores #collection thank you @roosabels
1,# collections  woman studio capsule collection | edit 2. available november 10th online and  collections  stores. #collection
0,# collections  woman studio capsule collection | edit 2. available november 10th online and  collections  stores. #collection
1,# collections  woman studio capsule collection | edit 2. available november 10th online and  collections  stores. #collection
1,man evening editorial | explore full collection online and in-stores #collection #editorials
1,# collections  woman studio capsule collection | edit 2. available november 10th online and  collections  stores. #collection
1,# collections  woman studio capsule collection | edit 2. available november 10th online and  collections  stores. #collection
1,# collections  woman studio capsule collection | edit 2. available november 10th online and  collections  stores. #collection
1,almost friday! leather effectclothing ref 3046/239 now available online and in-stores
1,this is #collection | patent finish bikerclothing ref 2969/283 _ striped poplin blouse ref 7903/271 _ boots ref 5120/101
0,kidsseason collection | boys &  ï»¿woman . explore the editorial online and in-stores #collection #editorials
0,kidsseason collection | boys &  ï»¿woman . explore the editorial online and in-stores #collection #editorials
0,kidsseason collection | boys &  ï»¿woman . explore the editorial online and in-stores #collection #editorials
0,boxes with a past. all cardboard boxes that arrive in our stores are reused up to 5 times before being recycled into new boxes for online orders. boxes made from our own boxes. our online boxes are 100% recycled cardboard. help us to recycle! #recycle #boxeswithapast #collection
1,this is #collection | stretch leather ankle boots ref 5164/101
1, kids season collection | new editorial. full collection online and in-stores #collection #editorials
1,"knits forseason | ""season always reminds me of the mountains. i go there every year with my family"" thank you thibaud charon #editorials #collection"
0,"knits forseason | ""season reminds me of going on long walks when the leaves are on the turn"" thank you @anders_hayward #editorials #collection"
0,woman studio | now available online and  collections  stores #zarastudio #collection #collection thank you @jamie.hawkesworth
0,woman studio | now available online and  collections  stores #zarastudio #collection #collection thank you @jamie.hawkesworth
1,zara woman studio available 20th october online and  collections  stores #collection. photo by @collierschorrstudio. thank you @micarganaraz
1,zara woman studio available 20th october online and  collections  stores #collection. photo by @collierschorrstudio. thank you @frejaerichsen_
1,zara woman studio available 20th october online and  collections  stores #collection. photo by @collierschorrstudio. thank you @micarganaraz
1,zara woman studio available 20th october online and  collections  stores #collection. photo by @collierschorrstudio. thank you @frejaerichsen_
0,zara woman studio available 20th october online and  collections  stores #collection. photo by @collierschorrstudio. thank you @micarganaraz
1,comic meetsclothing | new woman editorial #editorials #collection
0,woman studio # collections  #collection with @micarganaraz
0,woman studio # collections  #collection
0,woman studio # collections  #collection with @frejaerichsen_
0,woman studio # collections  #collection
0,woman studio # collections  #collection with @roosabels
1,woman studio # collections  #collection
0,"velvet feel |collection editorial. soft metals,season hues, blue nights #editorials # collections "
0,woman studio # collections #collection
1,knit edit | new woman editorial. check full collection online and in-stores #editorials #collection
1,knit edit | new woman editorial. check full collection online and in-stores #editorials #collection thank you @graciehartzel
0,woman studio | # collections  | #collection | #countdown stay tuned!
0,woman studio | # collections  | #collection | #countdown stay tuned!
0,woman studio | # collections  | #collection | #countdown stay tuned!
1,woman studio | # collections  | #collection | #countdown stay tuned!
0,woman studio | # collections  | #collection | #countdown stay tuned!
0,woman studio | # collections  | #collection | #countdown stay tuned!
1,woman studio | capsule collection | coming soon #countdown #newcollection stay tuned!
0,woman studio | capsule collection | coming soon #countdown #newcollection stay tuned!
1,collection iclothing camp. new editorial. discover the latest collection. thank you @willow.hand @zuzutadeushuk #editorials # collections 
0,"seasonals | essential pieces. double breasted suit. timeless in style, this dark grey two pieces brings a vintage inspired addition to your wardrobe #collection #editorials"
0,"seasonals | essential pieces. lapeledclothing. modern classic on a western, button up with this khaki tailoredclothing #collection #editorials thank you @benjamineidem"
0,season editorial | explore the full collection in stores and zara.com #collection #editorials
1,"newseason editorial | ballet, pink & black #collection #editorials now available online and in-stores"
1,this is #collection | varsity patchclothing ref 6318/224
1,"new editorial | essential pieces, inspired by the mixture of eras and styles. the bomberclothing #collection #editorials thank you @kitbutlerr"
1,welcomeseason! | fringedclothing ref 1628/226 hat ref 3306/209
1,go all-in with chokers | shiny suede choker pack ref 1856/281
1,this is #collection | faux fur bomberclothing ref 4744/271
1,"join life collection aw.16 | new editorial.a fusion of masculine and feminine style which defines clean silhouettes and a colour palette inspired by mineral tones collections  pieces mainly made of tencelî, a wood fiber extracted from forests that are sustainably managed, guaranteeing its reforestationthe farming process of organic cotton consumes 90% less water than conventional cotton#collection"
1,"join life collection aw.16 | new editorial.the collection embraces a woman who looks into a more sustainable futuremade with materials such as organic cotton, recycled wool and tencelî which reduce our environmental impact#collection thank you @sashapivovarovareal"
1,shine with metallic __ | lightning detail minaudiere ref 8140/104 #collection
1,keep it cropped! | bomberclothing ref 5071/243clothing ref 7933/629
1,it's time for suede |clothing ref 2969/251 #collection
1,new capsule |  kids  boy. check full collection online and in-stores #collection
1,new capsule |  kids  boy. check full collection online and in-stores #collection
0,man | studio collection. now available online and in-stores #collection #editorials
1,man | studio collection. now available online and in-stores. thank you @mathias_laur #collection #editorials
1,new editorial |  days -to-friday. now available online and in-stores #collection #season17 thank you mali koopman
1,hello september! striped sweatclothing ref 0085/288 #collection #collection
1,keep it floral | midi clothing ref 2731/255 #collection
1,new capsule collection | chapter 3 # kids  ï»¿woman  #collection #zaracapsule
1,new capsule collection | chapter 3 # kids  ï»¿woman  #collection #zaracapsule
1,"it's still season, stay gold #clothing ref 5644/223"
0,man | the fall report. check season's main trends online and in-stores #editorials #collection
0,man | the fall report. check season's main trends online and in-stores #editorials #collection thank you @sogorakos @callumward4 @timurmedt
1,this is #collection |clothing ref 7933/629 clothing ref 7907/636
0,the school report | check full report online and in-stores #collection #editorials
0,the school report | little prices. check full report online and in-stores #collection #editorials
1,hello  days ! tricolour clothing ref 5580/251
1,have a wonderful weekend! printed t-clothing ref 5643/298
1,go big or go home | satin backpack ref 8812/04
1,not-so-classic hoop earrings ref 1856/274 #collection
1,this is #collection | zipped midi clothing ref 4886/259
1,head-to-toe floral __ | it's friday! #clothing ref 4043/276 #clothing ref 4886/264
1,double or nothing! #collection #tclothing ref 4644/274 #clothing ref 5575/430 #clothing ref 2454/102
1,this is #collection |clothing with side band ref 7712/633 silky feel t-clothing ref 1198/232
0,sport | a new attitude. new woman editorial. check gymwear online and in-stores. thank you @ediebcampbell #editorials #collection
1,soft collection | kids -  ï»¿woman . now in-stores and zara.com #collection
1,soft collection | kids -  ï»¿woman . now in-stores and zara.com #collection
1,pink oversized t-clothing and printed leather flare clothing #collection ref 4873/201 & 4369/241
1,this is #collection asymmetric clothing ref: 1131/271 shiny sock ankle boots ref: 7120/101
1,have a nice weekend! #offtheshoulder #polkadot #clothing ref: 7785/104 #collection
1,"kids campaignseason by matteo montanari. thank youella, elia, sylvie, alex, lorenzo, andrea, maxime, aleix #collection #season"
1,man campaignseason #simplepresent #collection #season
1,man campaignseason by willy vanderperre. thank you @joelstephenframpton @victorenylander @jancarlos_diaz @lucalemaire @juliusgerhardt #simplepresent #collection #season
1,woman campaignseason #discoforest #collection
1,new campaign | womanseason #discoforest #collection
1,woman campaignseason by mario sorrenti. thank you @frederikkesofie @damarisgoddrie @banasjulia @donnie_darko0 #collection #discoforest #season
1,have a wonderful weekend! | embroidered poplinclothing ref: 6895/247 mumclothing ref: 8246/241
1,ballet style | lace-up leather ballet flats ref: 5316/101
1,smile and have fun! militaryclothing ref: 8566/241 #season
1,it's time for tulle! this is #collection #season #collection ref: 0881/282
1,shades of pink #fauxleather #clothing #collection #season ref: 5644/228
1,hello from @_linekjaergaard_ #shooting #season
1,it's almost friday | get ready for the weekend #clothing 7507/600 ref #clothing ref 7736/587
1,this is #collection #season shining for your evening season #clothing ref 2878/271
1,new arrivals for #season collection. bring on theclothing #clothing ref: 4172/151 #clothing ref 6164/209 #collection
1,friday mood | enjoy your weekend!
1,on what occasion would you wear this clothing? #white #poplin #clothing ref: 4043/255
1,this is new in. flat leatherclothing with bow ref: 6424/101
1,"casual  days , vacation mood #clothing ref 7638/617 #vacation"
1,"dear bill, thank you for the magic #billcunningham #thankyou"
1, days  morningclothing ref: 5252/012
1,have a nice weekend! #oversized #parka ref: 5191/024
1,season 1 -season 0 #clothing ref: 2641/103 #shorts ref: 6045/201
1,get ready for the beach #patches #sandals ref 5601/101
1,here comes the season #trikini ref: 0594/016
0,it's friday. have a nice weekend #collection #itsfriday
0,almost friday #collection #oversize #clothing ref 7676/624
0,"almost season. maybe-laterclothing ref: 5039/134 striped clothing ref: 9322/138#almostseason"
1,this is #collection #floral #print #clothing ref 2465/203 #cropped #print #clothing ref:3027/203
0,black & white  days s #collection #clothing ref 2782/719 #clothing ref 2789/719
1,"waiting for the weekendref 6250/101 #itsfriday #clothing"
1,pink days #almostseason #clothing ref 7521/371 #shorts ref 8197/226
0,almost season | man editorial #editorial #collection #everydaylinen
1,almost season | man editorial #editorial #collection #prints
0,almost season | key pieces fromseason season collection. thank you @ottolotz #editorial #collection
1,almost season #clothing ref. 2814/805
0,holidays | new woman editorial. #clothing ref: 3198/052 #collection #editorials
0,holidays | new woman editorial. #crochet #clothing ref. 4043/391 #tiedye #clothing ref. 2903/831 #maxiclothing ref. 2183/241. thank you @heather_kemesky @ianagodnia #collection #editorials
1,clothing to slip into #collection ref. 5451/101
0,"almost season #collection#clothing ref 6895/245 #clothing ref 6895/246 #clothing ref 1220/101"
0,woman editorial | knit clothing. now online and in-stores #editorials #collection
0,woman editorial | knit clothing. now online and in-stores #editorials #collection. thank you @ianagodnia & @heather_kemesky
0,kids editorial | it's seasontime! #editorials #collection
0,it's seasontime! kids editorial #editorials #collection
0,new woman editorial | white. now in-stores and online. #collection #editorials #white
0,women's editorial now online and in-stores | white. thank you @_dilone @ianagodnia @oodlesofpain #white #editorials
0,fresh florals #florals #trends from head to toe #bomber ref 2493/225 #clothing ref 2919/225 #clothing ref 2572/224
0,"#itsfriday and it is about maxi clothinges, have a nice weekend!ref: 2698/797 & ref: 2812/789"
0,women's editorial # collections  thank you @_dilone @ianagodnia #itsalmostseason #white
1,"feet up, it's  days  #almostseason ref: 3679/101"
0,lace all over #collection #lace
0,hello  days ! have a nice week # days  #lace ref: 1836/002
1,weekend picnic #itsfriday ref: 4321/104
1,this is new in #almostseason #trends
0,hello from @othiliasimon & @heather_kemesky! it's almost season #editorial # collections  thank you @cassblackbird
0,new editorial |season season tailoring collection. fit for the moment #editorials #collection
0,off the shoulder season #collection #offtheshoulder
1,new editorial |season season tailoring collection. fit for the moment #editorials #collection
0,new editorial |season season tailoring collection. fit for the moment. thank you @elias_sokoto_poot @charlietimms @bastianthiery @timurmedt #editorials #collection
1,do-it-all  days s __ do-it-all slingbacks #slingbacks #trend now available at zara.com ref: 1347/101
0,#itsfriday have a nice weekend!
0,"/ i amclothing. chapter 3 ""you must not be afraid of showing your true potential"" #iamclothing by @nona238 #editorials"
1,shine bright! #metallics #trends
0,"/ i amclothing. chapter 3 ""people closest are the ones who will always inspire you"" #iamclothing by kei @k17my #editorials"
0,it's crochet time! this is #collection #crochet
0,"/ i amclothing. chapter 3 ""individuality means not caring about how you are perceived."" #iamclothing by emma @the_real_felina #editorials"
0,"/ i amclothing _ chapter 3a uniqueclothing collection created in collaboration with a  collections  group of people from our stores. thank you all for making it possible.@kamiipanda @lvlvluchini @teeshrosa @rachael__ballard @lisa_crush @sucop01 @miri_amk @the_real_felina @k17my @nona238#iamclothing #editorials"
0,season. bloom. friday #itsfriday
1,"if you do, please send your cv or portfolio to doyou@zara.com indicating #yesido and your profile.looking for #stylist and #photographer #zaracareers"
0, days  to friday | editorial. now in-stores and zara.com #editorials #collection. thank you @juliahafstrom11
0,everyday | man. check more at zara.com. thank you @malthelm #collection #everyday
1,new  kids  capsule | rock and sand. now at zara.com and in-stores #zaracapsule #collection
1,new editorial |  days  to friday #editorials #collection now in-stores and zara.com. thank you @mathildebrandi
1,new  kids  capsule | rock and sand. now at zara.com and in-stores #zaracapsule #collection
1, days  to friday | editorial. now in-stores and zara.com #editorials #collection . thank you @juliahafstrom11
0,everyday | man. check more at zara.com. thank you @malthelm #collection #everyday
1,new  kids  capsule | rock and sand. now at zara.com and in-stores #zaracapsule #collection
1,new editorial |  days  to friday #editorials #collection now in-stores and zara.com. thank you @mathildebrandi
1,collection / i amclothing. chapter 2 #editorials #iamclothing #collection
1,"collection / i amclothing. chapter 2""don't be afraid of stepping out of your comfort zone"" @miri_amk #iamclothing #collection"
0,collection / i amclothing. chapter 2 #editorials #iamclothing #collection
0,"collection / i amclothing. chapter 2""culture defines my own vision and how i interpret life"" @sucop01 #editorials #iamclothing #collection"
1,collection / i amclothing. chapter 2 #editorials #iamclothing #collection
0,"collection / i amclothing. chapter 2 ""simplicity is about staying true to who you are"" @lisa_crush #editorials #iamclothing #collection"
0,/i amclothing. chapter 2. a uniqueclothing collection driven by culture and creativity of the individual #editorials #collection #iamclothing
1,# collections  #woman #sandals now available at zara.com ref: 2630/101
1,"we are looking for kids fashion designers to join our team. if you do, please send your cv or portfolio to doyou@zara.com indicating #yesido and your profile #fashiondesigner#zara #collection"
0,in support of #earthhour the lights in our store windows will remain off on march 19 from 8.30 to 9.30pm #changeforclimate
1,# days  #woman #accessories now available at zara.com ref: 4644/002
1,#friday #woman # collections  #woman #swimsuit now available at zara.com ref: 0594/003
1,# days  # collections  #woman #bomber now available at zara.com ref: 2473/609
1,# days  # collections  #collection now available at zara.com #clothing ref: 2432/556 #clothing ref: 2392/556
1,# days  # collections  #woman #bomber now available at zara.com ref: 7521/075
0,"new editorial | theseason report. boudoir. check more in-stores and zara.comthank you@celine_bouly @heather_kemesky @angelpupledge"
0,#collection # days  # collections  #woman #trench now available at zara.com ref: 0518/042
1,"new editorial | theseason report. rock & grunge. check more in-stores and zara.comthank you @heather_kemesky @celine_bouly"
0,"new editorial | theseason report. old & new. check more in-stores and zara.comthank you @heather_kemesky #editorials"
1,"new editorial | theseason report. check more in-stores and zara.comthank you @angelpupledge @celine_bouly @heather_kemesky #editorials"
0,#collection #weekend # collections  #woman #clothing now available at zara.com ref: 9598/005
0,"dear soho,season tokens all around our new flagship at 503 broadway#dearsoho #zara #ny"
0,"dear soho, thank you all for coming! see you at 503 broadway #dearsoho #zara"
1,"dear soho, our flagship has bloomed. come say hi at 503 broadway. thank you mark @markcolle #dearsoho"
1,#collection # days  # collections  #woman #bag now available at zara.com ref: 4134/104
0,#collection # days  # collections  #woman now available at zara.com #blazer ref: 2336/782 #clothing ref: 2453/782
0,#collection # days  # collections  #woman #clothing now available at zara.com ref: 3666/062
0,"a collaborative design project with real people, for real people. #iamclothing is a creative collaboration of ten different  ï»¿woman  who work at zara stores in some of the world's most vibrant and dynamic cities; bringing with them a variety of inspiration and unique experiences #editorials #collection"
0,#collection # days  # collections  #woman #parka now available at zara.com ref: 6840/054
0,theseason report | boys. check more in-stores and zara.com #editorials
1,theseason report |  ï»¿woman . check more in-stores and zara.com #editorials
0,theseason report | boys. check more in-stores and zara.com #editorials
0,"man | theseason report. new editorial now available in-stores and zara.com thank you tim dibble@tdibble13 #editorials"
1,theseason report |  ï»¿woman . check more in-stores and zara.com #editorials
0,#collection #weekend # collections  #collection #ungenderedcollection now available at zara.com ref: 5644/089
0,"man | theseason report. new editorial now available in-stores and zara.com thank you tim schuhmacher and elias de poot@elias_sokoto_poot #editorials"
0,"man | theseason report. new editorial now available in-stores and zara.com. thank you, tim schuhmacher #editorials"
1,#collection # days  # collections  #woman #clothing now available at zara.com ref: 1480/101
1,"dear soho, we are preparing our flagship for you. come join us on march 3 at 503 broadway for our grand opening. see you there starting at 12 noon#dearsoho"
1,#collection # days  # collections  #woman now available at zara.com #tunic ref: 4043/055 #culottes ref: 4885/071
1,#collection # days  # collections  #woman #bomber now available at zara.com ref: 4043/083
1,#collection # days  # collections  #collection #trench now available at zara.com ref: 1255/014
0,#collection #weekend # collections  #woman #parka now available at zara.com ref: 2761/043
0,#collection # days  # collections  #woman #blazer now available at zara.com ref: 2731/050
1,#collection # days  # collections  #woman #bag now available at zara.com ref: 4094/104
0,#collection # days  # collections  #collection now available at zara.com #tclothing ref: 5584/073 #clothing ref: 5584/072
0,# days  # collections  #woman now available at zara.com #clothing ref: 0518/043
0,new campaign | kidsseason season 2016 #collection
0,new campaign | kidsseason season 2016 #collection
1,new campaign | kidsseason season 2016 by matteo montanari @matteomontanariphotography #collection
0,new campaign |collectionseason season 2016 thank you @peyton.knight @ruthnotmay @lucan_gillespie #collection
0,"new campaign |collectionseason season 2016 by paul wetherell. thank you ruth bell, lucan gillespie, peyton knight, karly loyce and greta varlese.#paulwetherell @ruthnotmay @lucan_gillespie @peyton.knight @karlyloyce @greta_varlese#collection"
1,new campaign | woman ss16 thank you @vanessa_moody @frederikkesofie @lineisymontero #collection
0,new campaign | woman ss16 thank you @lineisymontero #collection
0,#collection #weekend # collections  #woman now available at zara.com #clothing ref: 4437/048
1,#collection # days  # collections  #woman now available at zara.com #clothing ref: 7522/042
1,#collection # days  # collections  #woman now available at zara.com #clothing ref: 2596/101
0,#collection # days  # collections  #collection now available at zara.com #clothing ref: 1938/050
0,#collection # days  # collections  #woman now available at zara.com #clothing ref: 2903/042
0,#collection #weekend # collections  #woman #clothing now available at zara.com ref: 6771/002
1,"new campaign coming soon. womanseason season 2016 by mario sorrenti. thank you vanessa moody, frederikke sofie, lineisy montero and julia bergshoef@mario_sorrenti @vanessa_moody @frederikkesofie @lineisymontero @juliabergshoeff#collection # collections "
0,#collection # days  # collections  #collection #clothing now available at zara.com ref: 2177/507
0,#collection # days  #woman #blouse now available at zara.com ref: 2296/641
1,#collection # days  # collections  #woman #bags now available at zara.com ref: 4222/104
1,#collection # days  # collections  #woman #ss16 now available at zara.com #clothing ref: 2221/778 #clothing ref: 2129/778
0,#collection #weekend #woman #now available at zara.com #clothing ref: 2262/607 #clothing ref: 2310/607
1,#collection # days  #collection #clothing #bomber now available at zara.com ref: 5070/008
1,#collection # days  #collection #bag now available at zara.com ref: 4584/104
0,#collection # days  #woman now available at zara.com #waistclothing ref: 2225/669 #clothing ref: 3666/052 #clothing ref: 1478/029
1,#collection # days  #collection #clothing now available at zara.com ref: 2098/432
0,#collection #weekend #woman #clothing now available at zara.com ref: 2969/240
1,#collection # days  #woman #outerwear now available at zara.com ref: 7522/047
1,#collection # days  #collection #sweatclothing now available at zara.com ref: 1165/073
0,#collection # days  #woman #clothing now available at zara.com ref: 6318/021
0,#collection # days  #woman #clothing now available at zara.com ref: 3198/043
0,#collection #weekend #woman #clothing #ss16 now available at zara.com ref: 2151/124
1,#collection # days  #collection #clothing now available at zara.com ref: 7901/100
1,#collection # days  #woman #ss16 now available at zara.com #clothing ref: 8073/026 #clothing ref: 2037/110
1,#collection # days  #woman #clothing now available at zara.com ref: 1152/101
0,#collection # days  #collection #clothing now available at zara.com ref: 1255/001
1,#collection #weekend #woman #hat ref: 3306/203
1,#collection # days  #woman #clothing now available at zara.com ref: 6873/117
0,#collection # days  #woman #clothing now available at zara.com ref: 4688/042
1,#collection # days  #collection #clothing #ss16 now available at zara.com ref: 5070/251
1,#collection # days  #woman #bags now available at zara.com ref: 4278/104
1,#collection #weekend #woman #clothing now available at zara.com ref: 2398/302
1,#collection # days  #woman #clothing now available at zara.com ref: 6873/115
1,#collection # days  #woman now available at zara.com #clothing ref: 0787/050 #hat ref: 3306/203
0,#collection # days  #woman #clothing now available at zara.com ref: 7921/368
1,#collection # days  #woman #clothing now available at zara.com ref: 1105/101
0,#collection #weekend #collection now available at zara.com #clothing ref: 3427/207 #clothing ref: 6594/202
1,#collection # days  #collection #clothing now available at zara.com ref: 2057/567
1,#collection # days  #woman #accessories #scarf now available at zara.com ref: 4219/213
1,#collection # days  #collection #clothing now available at zara.com ref: 1255/256
1,#collection # days  #woman #clothing now available at zara.com ref: 1200/101
1,#collection #weekend #woman #clothing ref: 6771/144 #clothing ref: 6771/137
1,#collection # days  #woman #clothing now available at zara.com ref: 6895/041
1,#collection # days  #collection #clothing now available at zara.com ref: 1255/001
1,#collection # days  #woman now available at zara.com #outerwear ref: 4373/002 #clothing ref: 7816/715
1,#collection # days  #woman now available at zara.com #clothing ref: 5646/110 #clothing ref: 1628/220
1,#collection #weekend #woman #clothing now available at zara.com ref: 6873/137
1,#collection # days  #collection #clothing now available at zara.com ref: 7521/254
0,#collection # days  #woman now available at zara.com #clothing ref: 2044/722
1,#collection # days  #collection #clothing now available at zara.com ref: 7224/001
0,#collection # days  #woman #clothing now available at zara.com ref: 4566/100
1,#collection #weekend #woman now available at zara.com #clothing ref: 2025/163
1,#collection # days  #collection #sweatclothing now available at zara.com ref: 5369/270
1,#collection # days  #woman now available at zara.com #clothing ref: 6254/119
0,it's cold outside | theclothing edit #editorials thank you @rutgerschoone
1,#collection # days  #collection #waistclothing now available at zara.com ref: 3811/203
0,it's cold outside | theclothing edit #editorials thank you @sophiaahrens
0,#collection # days  #woman now available at zara.com #clothing ref: 6771/139 #clothing ref: 6771/137
0,kids | it'sseason! #collection #editorials now online and in-stores
0,kids | it'sseason! #collection #editorials now online and in-stores
1,#collection #weekend #woman #clothing now available at zara.com ref: 8317/431
1,new | key pieces. hand me the right one. now online and in-stores #zarakeypieces #editorials
0,#collection # days  #woman now available at zara.com #clothing ref: 3057/266 #clothing ref: 8102/652 #clothing ref: 7823/651
1,new | key pieces. hand me the right one. now online and in-stores #zarakeypieces #editorials
1,#collection # days  #woman #clothing now available at zara.com ref: 7522/257
0,#collection # days  #collection now available at zara.com #clothing ref: 1255/215 #tclothing 5039/321 #clothing ref: 7223/201
0,#collection # days  #woman #clothing now available at zara.com ref: 8238/412
0,#collection #weekend #collection #clothing now available at zara.com ref: 0881/238
0,kids | ready to party. now in-stores and zara.com #collection
0,#collection # days  #collection now available at zara.com #clothing ref: 1255/204 #clothing ref: 2655/102 #clothing ref: 6594/202 #hat ref: 1323/203
1, kids  | ready to party. now in-stores and zara.com
1,#collection # days  #woman now available at zara.com #clothing ref: 4043/274 #clothing ref: 2398/050
0,#collection # days  #collection #clothing now available at zara.com ref: 1165/311
0,evening editorial | woman & man. now in-stores and zara.com #editorials thank you @matveylykov & @jackchambers
0,#collection # days  #woman now available at zara.com #clothing ref: 6873/135 #sweater ref: 6163/100
0,evening editorial | woman & man. now in-stores and zara.com #editorials thank you @harlethkuusik @lucindaschaefers @alexandraelizabethljadov & @lixiaoxing_li
0,#collection #weekend #collection now available at zara.com #clothing ref: 5070/207 #clothing ref: 5039/340
0,evening editorial | woman & man. now in-stores and zara.com #editorials
0,#collection # days  #woman now available at zara.com #clothing ref: 3440/241 #clothing ref: 0387/164
0,#collection # days  #woman now available at zara.com #clothing ref: 3859/137 #clothing ref: 5644/237
0,#collection # days  #collection #clothing now available at zara.com ref: 1255/216
0,#collection # days  #woman now available at zara.com #clothing ref: 6873/116 #clothing ref: 4222/242 #clothing ref: 5119/001
1,#collection #weekend #woman #clothing now available at zara.com ref: 8250/416
1,#collection # days  #woman now available at zara.com #clothing ref: 8177/373 #clothing ref: 8128/716
1,#collection # days  #collection #clothing now available at zara.com ref: 8203/566
1,#collection # days  #woman #clothing now available at zara.com ref: 6146/001
0,new editorial | boys & trees. available online and in-stores #editorials
0,#collection # days  #woman now available at zara.com #clothing ref: 1112/154 #clothing ref: 7632/673
0,new editorial | boys & trees. available online and in-stores #editorials
1,happy halloween!
0,collection | a new grunge. now online and in-stores #editorials
0,collection | a new grunge. now online and in-stores #editorials thank you @karlyloyce
1,#collection #weekend #collection now available at zara.com #clothing ref: 5252/219 #clothing ref: 5252/218
1,collection | a new grunge. now online and in-stores #editorials thank you @marjanjonkman
0,#collection # days  #woman #clothing now available at zara.com ref: 8105/777
0,#collection # days  #woman #clothing now available at zara.com ref: 4886/274
0,#collection # days  #woman now available at zara.com #poncho ref: 6873/126 #clothing ref: 7961/775
1,#collection # days  #woman now available at zara.com #overclothing ref: 5070/213 #polo ref: 1198/229 #clothing ref: 6164/196
1,new | key pieces. mix and match. now available at zara.com and in-stores #keypieces
0,new | key pieces. mix and match. revamp your wardrobe with pattern and colour. now available at zara.com and in-stores. #keypieces
0,new | key pieces. mix and match. revamp your wardrobe with pattern and colour. now available at zara.com and in-stores. thank you @rosgeorgiou #keypieces
1,#collection #weekend #woman #bag now available at zara.com ref: 8099/004
0,#collection # days  #collection now available at zara.com #tclothing ref: 2589/272 #shorts ref: 7901/321
0,greetings from @harmonyboucher #clothing
1,#collection # days  #woman now available at zara.com #clothing ref: 2655/100 #clothing ref: 8209/112
0,#collection # days  #woman #clothing now available at zara.com ref: 8049/411
0,#collection # days  #collection now available at zara.com #clothing ref: 1255/241 #clothing ref: 7162/001
1,happy weekend #accessories #scarf
1,#collection #weekend #woman now available at zara.com #clothing ref: 8212/402 #bag ref: 4520/204 #clothing ref: 7188/001
0,seasonals man | now in-stores and zara.com #zaraseasonals
1,#collection # days  #collection #clothing #fauxfur now available at zara.com ref: 3811/208
0,seasonals man | now in-stores and zara.com #zaraseasonals
0,greetings from @maja_nw #collection
0,#collection # days  #woman #bricklane now available at zara.com #clothing ref: 7786/215 #clothing ref: 8212/402
1,seasonals man | now in-stores and zara.com thank you @yannickabrath #zaraseasonals
0,#collection # days  #collection now available at zara.com #tclothing ref: 4873/273 #clothing ref: 6855/911
1,#collection # days  #woman now available at zara.com #clothing ref: 7521/401
0,new |clothing all over #editorial #clothing now available in-stores and zara.com
0,new |clothing all over #editorial #clothing
1,happy weekend
1,#collection #weekend #woman now available at zara.com #clothing ref: 2281/100 #shortclothing ref: 2398/307
0,new |clothing all over #editorial #clothing thank you @margauxlenot
0,#collection # days  #woman now available at zara.com #parka ref: 8073/250 #clothing ref: 5755/008 #clothing ref: 6594/202
1,#collection # days  #woman now available at zara.com #clothing ref: 3859/140 #clothing ref: 7149/254 #hat ref: 3306/203
1,greetings from @oliwiawedzicha #collection
1,#collection # days  #collection now available at zara.com #clothing ref: 7521/239 #clothing ref: 5039/276 #belt ref: 1736/206
0,#collection # days  #woman #season now available at zara.com #clothing ref: 5854/224
1,new  kids  boy collection | now available at zara.com and in-stores # kids boy #season
1,new  kids  boy collection | now available at zara.com and in-stores # kids boy #season
0,#collection #weekend #woman #season now available at zara.com #sunglasses ref: 2727/206 #clothing ref: 8090/696
1,new | key pieces. evening wear becomes day wear. now available in-stores and zara.com #keypieces
0,#collection # days  #woman #season now available at zara.com #clothing ref:3833/221 #clothing ref: 4070/223 #clothing ref: 5308/001
0,new | key pieces. evening wear becomes day wear. now available in-stores and zara.com #keypieces
1,#collection # days  #collection #clothing #season now available at zara.com ref: 2589/275
0,new | key pieces. evening wear becomes day wear. now available in-stores and zara.com #keypieces
1,#collection # days  #woman now available at zara.com #bag ref: 8008/004 #clothing ref: 5113/001
0,evening wear becomes day wear | tea break #keypieces thank you @laurakampman
1,#collection # days  #collection #sweatclothing #patchwork now available at zara.com ref: 1165/285
1,new | playing basics. boys #season now available in-stores and zara.com
1,new | playing basics.  ï»¿woman  #season now available in-stores and zara.com
1,greetings from @rozanneverduin #collection #clothing
0,#collection #weekend #collection now available at zara.com #clothing ref: 8342/208 #clothing ref: 7937/515 #clothing ref: 7295/001
0,#collection # days  #woman #season now available at zara.com #blazer ref: 8003/819 #clothing ref: 2655/100 #clothing ref:8000/819 #clothing ref: 5119/001
0,#collection # days  #woman now available at zara.com #clothing ref: 6771/122 #clothing ref: 7823/651 #clothing ref: 7297/001
0,hello fall #collection #season
1,#collection # days  #woman #bags #season now available at zara.com ref: 8437/004
0,seasonals | fall is back. thank you @alisaahmann #zaraseasonals #season now available in-stores and zara.com
1,#collection # days  #woman #season now available at zara.com #jumpsuit ref: 3564/156 #clothing ref: 5119/001
0,seasonals | fall is back. thank you @alisaahmann #zaraseasonals #season now available in-stores and zara.com
0,seasonals | fall is back. thank you @alisaahmann #zaraseasonals #season now available in-stores and zara.com
0,greetings from @a_sviridova #collection #season
1,#collection #weekend #collection now available at zara.com #clothing ref: 0881/211 #clothing ref: 7568/643 #clothing ref: 6688/207
0,#collection # days  #collection now available at zara.com #clothing ref: 5547/101 #clothing ref: 7901/315
0,#collection # days  #woman #season now available at zara.com #clothing ref: 6873/104 #clothing ref: 8053/136 #clothing ref: 5119/001
1,"if you do, please send your cv or portfolio to doyou@zara.com indicating #yesido and your profile #fashiondesigner #buyer #productmanager #stylist #photographer #zaracareers"
1,#collection # days  #woman #season now available at zara.com #clothing ref: 7936/700 #clothing ref: 2655/100 #clothing ref: 7961/775 #clothing ref: 5119/001
0,new editorial | sporty kids #editorial #season
1,#collection # days  #woman #clothings #season now available at zara.com ref: 6098/250
1,the fall report | tailoring #editorial #trends
0,the fall report | gothic #editorial #trends thank you @hedvigpa
0,the fall report | mod #editorial #trends thank you @gracesimmons
0,#collection #weekend #collection now available at zara.com #clothing ref: 6977/270 #clothing ref: 7521/204 #clothing ref: 7158/001
0,the fall report | rock #editorial #trends thank you @gracesimmons
0,#collection # days  #woman now available at zara.com #clothing ref: 7828/216 #clothing ref: 8005/125 #clothing ref: 7821/125
0,the fall report | retro #editorial #trends thank you @hedvigpa and @gracesimmons
1,#collection # days  #woman #bags #season now available at zara.com ref: 8103/004
0,the fall report | new editorial | woman #editorial thank you @gracesimmons @hedvigpa @alexandrahochguertel
0,#collection # days  #collection now available at zara.com #waistclothing ref: 7521/229 #clothing ref: 5584/281
0,#collection # days  #collection #season now available at zara.com #clothing ref: 7629/487 #tclothing ref: 5039/292 #clothing ref: 5039/304
0,this is tailoring | man. new editorial now available at zara.com thank you @sebastien_andrieu #editorial
0,this is tailoring | man. new editorial now available at zara.com thank you @sebastien_andrieu #editorial
0,#collection #weekend #woman #clothing #season now available at zara.com ref: 0387/158
1,new  kids  little capsule | 3 months - 4 years now available at zara.com
1,#collection # days  #woman #season now available at zara.com #waistclothing ref: 2969/260 #clothing ref: 7568/643 #clothing ref: 4369/241
0,new editorial: hello september | kids #editorial #season
0,#collection # days  #woman #season now available at zara.com #clothing ref: 6538/101 #clothing ref: 2398/230
0,new editorial: hello september | kids #editorial #season
1,#collection # days  #collection #clothing now available at zara.com ref: 7521/238
0,new editorial: hello september | kids #editorial #season
1,#collection # days  #woman #season now available at zara.com #clothing ref: 9775/244
0,#collection #weekend #woman #season now available at zara.com #clothing ref: 6254/007 #clothing ref: 6254/006
1,#collection # days  #collection #season now available at zara.com #clothing ref: 6050/280 #clothing ref: 6688/223 #clothing ref: 7295/001
0,#collection # days  #woman #clothing #season now available at zara.com ref:0977/230
0,#collection # days  #collection now available at zara.com #clothing ref: 5520/284 #clothing ref: 9123/286
1,#collection # days  #collection #season now available at zara.com #waistclothing ref: 3811/207 #clothing ref: 5646/102 #clothing ref: 6855/202
1,#collection #weekend #woman #clothing #season now available at zara.com ref: 7114/001
0,#collection # days  #woman #season now available at zara.com #clothing ref: 1822/105 #clothing ref: 7418/250
0,#collection # days  #woman #clothing #season now available at zara.com ref: 6045/046
1,#collection # days  #woman #season now available at zara.com #clothing ref: 6771/115 #clothing ref: 3872/240
1,#collection # days  #collection #clothing #season now available at zara.com ref: 8342/252
1,season campaign |collection #collection #sayyourname thank you @haylotts
0,#collection #weekend #woman #clothing #season now available at zara.com ref: 7910/122
1,season campaign |collection #collection #sayyourname thank you @angelpupledge
1,#collection # days  #collection #season now available at zara.com #clothing ref: 0881/230 #clothing ref: 9123/249 #clothing ref: 7214/001
1,season campaign |collection #collection #sayyourname thank you @jingwenll
0,#collection # days  #woman #knit #sweater #season now available at zara.com ref: 5039/223
1,season campaign |collection #collection #sayyourname thank you @willow.hand
0,#collection # days  #woman #season now available at zara.com #clothing ref: 1893/240 #clothing ref: 3859/116
1,season campaign |collection #collection #sayyourname thank you @daniwitt
1,#collection # days  #collection #season now available at zara.com #clothing ref: 6096/201 #clothing ref: 4391/261
0,#collection #weekend #woman #season now available at zara.com #tclothing ref: 1639/166 #clothing ref: 6917/240
1,#collection # days  #woman #accessories #bag #season now available at zara.com ref: 2966/201
0,#collection # days  #woman #suede #season now available at zara.com #clothing ref: 2398/223 #clothing ref: 2398/229
0,new |season campaign | kids #collection
0,new |season campaign | kids #collection
0,new |season campaign | kids #collection
0,#collection # days  #collection #clothing #clothing #season now available at zara.com ref: 8197/271
0,"new |season campaign |collection #collection #sayyourname thank you @daniwitt, @jingwenll & @angelpupledge"
0,new |season campaign |collection #collection #sayyourname thank you @jingwenll & @haylotts
1,new |season campaign |collection #collection #sayyourname thank you @daniwitt & @willow.hand
0,#collection # days  #woman #season now available at zara.com #clothing ref: 4437/250 #clothing ref: 4886/246
1,new |season campaign | woman #collection
0,new |season campaign | woman #collection thank you @jueligeradrienne
0,new |season campaign | woman #collection thank you @micarganaraz & @olympiaca
0,#collection #weekend #woman #season now available at zara.com #waistclothing ref: 2969/247 #clothing ref: 6840/243
0,coming soon |season campaign. stay tuned! #collection
1,#collection # days  #woman #clothing #season now available at zara.com ref: 0387/223
1,#collection # days  #collection #clothing #season now available at zara.com ref: 5520/281
1,#collection # days  #woman #clothing #season now available at zara.com ref: 5160/001
0,#collection # days  #woman #tclothing now available at zara.com ref: 0839/222
0,#collection #weekend #woman #season now available at zara.com #clothing ref: 5410/233 #clothing ref: 5479/044
0,#collection # days  #woman #season now available at zara.com #clothing ref: 7732/358 #clothing ref: 7862/195
0,#collection # days  #collection #season now available at zara.com #clothing ref: 5575/271 #clothing ref: 6688/223
1,#collection # days  #woman #season now available at zara.com #clothing ref: 2646/701 #clothing ref : 2533/682
0,#collection # days  #woman #sunglasses #season now available at zara.com ref: 3147/201
0,#collection #weekend #collection #tclothing #season now available at zara.com ref: 6050/080
1,"if you do, please send your portfolio to doyou@zara.com indicating #yesido #fashionstylist #zaracareerswe are looking for fashion stylists to join the team"
1,#collection # days  #collection #clothing #season now available at zara.com ref: 5643/292
0,#collection # days  #woman #season now available at zara.com #waistclothing ref: 7858/212 #clothing ref: 2777/364
