limited,5
almostseason,4
7568820,1
dynamic,1
juliehoomans,1
lace,4
patches,1
forseason,3
7821125,1
yannickabrath,1
recycle,2
0387158,1
tweed,1
2596101,1
6098250,1
updated,1
5479044,1
fashiondesigner,2
rise,1
joelstephenframpton,1
0594056,1
leggings,1
bringing,1
tickets,1
school,4
basics,2
2698797,1
wednesday,36
clothes,1
enjoy,4
dearindia,2
shining,1
blue,7
collarclothing,1
5070207,1
selected,24
lights,6
new,177
gillespie,1
ever,1
textures,5
herl,1
elizabethdavison,1
never,2
studio,38
textured,1
100,1
cardboard,2
6146001,1
interpret,1
kids,48
4886264,1
bloomed,1
leaves,1
completely,1
alexandrahochguertel,1
oscarkindelan,1
waistclothing,8
arizonamuse,1
2655100,3
prints,13
campaign,37
julia,1
flatform,1
2919225,1
7521254,1
total,1
7521239,1
7521238,1
6840275,1
7149254,1
would,1
callumward4,2
sweater,9
call,1
2812789,1
lineisy,1
brings,1
warm,2
varsity,1
90,1
must,1
harlethkuusik,1
join,22
work,2
knitseason,2
blooming,3
koopman,1
headtotoe,1
india,3
7521042,1
want,1
times,3
guarantee,1
tdibble13,3
5039340,1
beach,4
mathildebrandi,2
3440047,1
thankyou,1
9598005,1
1323203,1
kirindejonckheere,3
fibers,1
2296641,1
zaracollection,27
offshoulder,1
5160001,1
office,2
vary,1
8250416,1
oilonclothing,3
ottolotz,1
maxi,1
ecoefficient,1
fit,3
9598130,1
backpack,1
laurakampman,1
better,3
production,1
2177507,1
2753222,1
markcolle,1
break,1
stevenmeisel,1
schools,6
tclothing,20
alex,1
l,1
fringes,1
cashmere,2
1478029,1
side,2
rachaelballard,1
navy,1
recognizable,1
twill,1
reused,1
velvet,3
chokers,1
sand,3
sparkle,1
gymwear,1
washes,1
eliseagee,1
sheer,1
free,3
metallics,1
prefall,2
hoodie,1
7149063,1
offtheshoulder,2
ref3833221,1
knit,10
4043255,1
distressedclothing,2
robertosipos,1
days,2
5070213,1
6873137,1
6873135,1
loud,1
0881211,1
lucangillespie,3
hoop,1
comic,1
leatherclothings,1
4886274,1
girls,23
fiction,1
farming,2
toe,1
urban,5
8027813,1
lower,1
schuhmacher,2
western,2
wardrobe,4
7521229,1
warmup,2
matteo,2
project,1
matter,1
7149081,1
timurmedt,2
feeling,2
5113001,1
mini,5
sorrenti,2
fashion,2
trikini,1
modern,3
eyes,1
4070223,1
raw,6
uniqueclothing,2
8049411,1
4437048,1
6688207,1
5479082,1
1962,1
metallic,3
andreeadiddy,1
greta,1
practices,1
damarisgoddrie,2
1152101,1
7786215,1
oodlesofpain,1
blouse,5
0839222,1
mario,2
itsfridaywith,1
8342252,1
camp,4
metal,1
dog,1
camo,2
1347101,1
consumes,1
dot,2
inspire,1
colors,1
stepping,1
inseasonal,1
8105777,1
morningclothing,1
0858041,1
wearing,3
mixture,1
sunglasses,2
de,1
fluid,1
7214001,1
report,23
itsseason,2
fabrics,4
peyton,3
seasonals,8
rozanneverduin,1
countries,3
tights,1
polkadot,1
0387223,1
1105101,1
disco,2
bag,11
1836002,1
puffers,1
5039223,1
timefor,6
2318320,1
2318322,1
allure,3
1200101,1
best,4
co2,1
dungaree,1
continually,1
5410233,1
approach,2
jueligeradrienne,1
0070296,1
wears,8
nature,1
uclothingia,3
bergshoef,1
wear,17
climate,1
sucop01,2
teddytexture,1
doclothing,1
com,233
zaraseasonals,6
2589272,1
7676624,1
matte,1
zaraseasoncollection,2
gretavarlese,1
shearlingclothings,1
4172151,1
postcaption,1
basic,1
6873126,1
5547101,1
warmth,1
selenaforrest,3
life,19
families,3
6318224,1
child,1
catch,1
matveylykov,1
6045201,1
7522047,1
7522042,1
say,1
air,2
voluminous,1
5643292,1
items,1
gave,3
5643298,1
7188001,1
2655120,1
7910122,1
accessories,6
faux,6
6840054,1
wetherell,1
6045046,1
tonedclothings,2
grown,5
damaged,1
bottles,1
clothinged,1
patent,1
things,1
0706398,1
clothinges,3
clothinger,1
4786050,1
several,3
8073026,1
ella,1
7114001,1
opulent,1
hand,5
afraid,2
kid,1
5416202,1
boxes,6
aleix,1
rome,1
lucan,1
sophiaahrens,1
3057266,1
maxime,1
itsfriday,8
seasonal,1
photo,5
2655102,1
carataylorrr,2
earthhour,1
october,5
doyouzara,4
previous,3
adding,3
5039321,1
designers,1
5584072,1
5584073,1
photographer,2
easy,1
moody,1
hat,6
photographed,3
editorials,98
thibaud,1
vanessa,1
possible,1
fusion,1
unique,1
stylist,3
shoulder,1
1255256,1
2856266clothing,1
50,1
arrivals,1
night,3
eyelet,1
frayedclothing,1
mercedesbellido,1
right,2
old,2
people,5
1736206,1
dear,8
2630101,1
1938050,1
ruffled,1
bottom,1
flare,1
2884149,1
creative,1
ruffles,1
checkcollection,1
khaki,2
8342208,1
willyvanderperre,2
1165285,1
chapter,17
months,1
eliassokotopoot,2
0518042,1
8473802,1
7937515,1
maybelaterclothing,1
wrap,2
linekjaergaard,1
zarakeypieces,2
amclothing,11
7901315,1
support,1
initial,3
way,3
happy,4
4043274,1
head,1
4043276,1
feminine,2
talents,3
true,2
4369241,2
3811208,1
zara,244
2903831,1
6873115,1
6873117,1
6873116,1
classic,4
drive,1
7120101,1
contrastclothing,1
discoforest,4
check,29
tim,3
5644237,1
ribbons,1
roll,3
picture,6
mckennahellam,1
brothers,1
weekend,48
2281100,1
giedre,1
boudoir,1
time,20
4094104,1
2037110,1
managed,2
chain,1
katerynazub,1
6050080,1
focus,1
iohma,2
bomber,5
4321104,1
ballet,3
monikalenarczyk,2
zone,2
babyseason,1
seasonseason,9
5580160,1
environment,5
0,1
8005125,1
6164196,1
2398302,1
2398307,1
victorenylander,1
7295001,2
choice,1
ricardocavolo,1
kitten,1
6163100,1
5584281,1
cool,2
perceived,1
lapeledclothing,1
proposals,1
7785104,1
0594040,1
guitars,1
team,2
angelpupledge,4
round,1
prevent,1
templer,1
trend,3
discover,4
harleth,1
6050280,1
cosy,3
8128716,1
1255241,1
uniform,1
shared,3
learn,4
water,3
change,1
box,1
boy,14
pearly,1
pearls,1
fashionstylist,1
bow,2
2221778,1
juliusgerhardt,1
newcollection,15
sporty,1
1165073,1
territories,2
going,2
black,3
3427207,1
bomberclothing,3
everywhere,1
3198052,1
comingsooncollection,1
graphic,1
7901321,1
flagship,3
panamastyle,1
making,1
arrive,1
december,4
chic,1
clothing,312
editorialseason,1
pink,14
6873104,1
3666062,1
overclothing,2
1,4
pure,1
4423204,2
staying,1
clothings,2
onclothing,1
southern,2
accessory,1
sustainability,1
produce,2
floral,19
man,48
classics,2
natural,6
neck,3
printclothing,2
5644228,1
7921368,1
5644223,1
mainly,1
years,2
2646701,1
cold,3
still,3
farmed,3
2898886clothing,1
group,1
thank,147
5854224,1
willow,3
neckerchief,1
artisan,3
oversize,3
main,2
instantly,1
processes,6
1958,1
sohoseason,1
january,1
rock,6
heavyclothingclothing,1
year,1
6917240,1
girl,17
metalsseason,1
1628226,1
0071296,1
5039304,1
1792407,1
looking,3
3306203,3
reforestation,2
3306209,1
0594051,1
punky,1
upcycled,2
vinyl,1
cara,1
shapetheinvisible,3
care,5
suedeclothing,1
punk,4
7418250,1
turn,1
silhouettes,4
exotic,3
2533682,1
one,3
message,2
1564320,1
andreassandby,1
city,3
little,2
8238412,1
checked,1
ezrapetronio,9
2183241,1
plastic,1
2,17
white,14
fitclothing,1
laurijnbijnen,2
asymmetric,2
season,198
released,1
flowers,1
7224001,1
boyfriend,3
12,1
17,1
16,2
19,1
midtown,3
future,1
assymetric,3
aesthetic,1
afternoons,1
crossover,1
3198043,1
softcollection,1
5643020,1
2336782,1
8303610,1
harmonyboucher,1
potential,1
take,5
online,101
7568036,1
mathiaslaur,1
1856281,1
5070251,1
printed,7
crochet,3
everydaylinen,1
6873176,1
garments,7
sale,3
soho,3
billcunningham,1
quantity,1
shop,3
walking,1
contemporary,3
bright,5
zaracareers,3
flamboyant,1
proportion,1
outside,4
texture,2
yesido,4
wood,3
lorenzo,1
collierschorrstudio,5
wool,2
nitigyasingh,1
womanclothing,1
yourseason,1
loyce,1
get,4
sebastienandrieu,2
7961775,2
kiki,1
9775244,1
7778617,2
2044722,1
ref8000819,1
leather,7
2225669,1
vision,4
picnic,1
seat,1
softclothing,1
5119001,5
sport,1
lineisymontero,3
surfaces,1
2352639,1
palette,1
ways,3
5575430,1
label,1
rutgerschoone,1
3,9
5071243clothing,1
mandarin,1
oversized,7
screen,1
pannacotta,2
26,1
30pm,1
cities,1
come,2
3811203,1
2727206,1
3811207,1
comes,1
2025163,1
color,4
ofclothing,1
polo,1
welcomeseason,1
caring,1
destroyed,1
unusual,1
teddy,1
stretch,1
west,1
keys,1
vacation,4
mark,1
tropical,2
simplepresent,2
503,4
direction,2
instores,100
fringedclothing,2
andrea,1
productmanager,1
spirit,1
withclothing,1
4222242,1
editorial,282
3666052,1
8212402,2
haylotts,2
sleeping,1
evening,9
embrace,1
eras,1
heels,1
everyday,4
bags,4
different,7
combination,3
bermuda,1
stepped,1
cotton,13
events,1
week,4
finish,1
closest,1
driven,1
2969042,1
1198232,1
renewable,1
2969283,1
band,1
patchwork,1
breeze,2
iclothing,1
2473609,1
neon,2
lvlvluchini,1
recycled,8
greetings,5
espadrilles,1
touch,2
881204,1
satin,2
weekly,1
1893240,1
3859116,1
renewed,1
ny,1
thinking,1
rose,1
9322138,1
7568643,2
lets,8
4,1
styles,2
around,1
tencelîlyocell,1
malthelm,2
7828216,1
dark,1
clothingedup,1
7736587,1
using,4
mod,1
refixedclothing,1
reduces,1
lightning,1
vanessamoody,2
k17my,2
1220101,1
newin,1
5520281,1
5520284,1
frederikruegger,1
2969260,1
2454102,1
mood,5
tote,1
samuelworthen,1
noon,1
2465203,1
1131271,1
iconic,3
4222104,1
throwback,1
exciting,2
beaches,1
2641103,1
7907636,1
fringe,2
pockets,2
mixed,5
4644002,1
knits,2
7858212,1
hey,1
start,1
mondays,2
lixiaoxingli,1
materials,10
grunge,4
2398223,1
enough,1
4520204,1
2398229,1
6304205,1
featuring,1
0264026,1
romantic,2
8102652,1
1255215,1
7162001,1
emissions,1
4548204,1
flats,1
3440241,1
reusing,1
cinema,1
aw,2
walks,1
babyboy,2
minaudiere,1
pashaharu,1
poncho,1
ungenderedcollection,1
5039292,1
5,1
yoy,1
5039101,1
poot,1
students,3
montanari,2
karlyloyce,2
important,3
itsalmostseason,1
pool,2
frederikkesofie,3
hello,14
starting,1
gingham,2
forget,1
4043055,1
printedclothing,1
1198229,1
fauxfur,1
3564156,1
londonemyers,1
lining,1
classicclothing,1
thursday,36
elias,1
6096201,1
smile,2
woman,218
puffy,1
laceup,1
fall,12
0085288,1
careforfiber,4
therealfelina,2
trench,9
vibes,6
8053136,1
20th,5
michellegtk,1
ten,1
tea,1
streets,1
tricolor,1
past,1
design,7
4566100,1
inseason,1
casual,6
ribbon,1
residue,1
trick,1
sun,2
forseasonseason,5
lauridsen,1
full,11
ruffle,1
4391261,1
meisel,2
november,6
standard,1
every,1
fromseason,1
inspired,5
7521371,1
8177373,1
maxiclothing,1
family,4
sashapivovarovareal,2
7862195,1
doitall,2
countdown,8
conventional,1
destination,2
two,1
polyapolinao,1
candiani,2
flat,1
3155201,1
6771002,1
4644274,1
6552201,1
nomad,2
0594003,1
created,5
florals,3
thebadlydrawnboy,3
remain,1
indicating,4
mali,1
2398050,1
marble,1
2398230,1
7823651,2
sharp,1
outerwear,5
comfort,2
1255204,1
madeforsun,1
zarastudio,2
simplicity,1
frilly,1
8437004,1
derived,1
frills,2
6538101,1
coming,11
wave,1
bloom,1
lucalemaire,1
short,4
kitbutlerr,2
7772603,1
3918470,1
changeforclimate,1
6977270,1
playing,3
3564096,1
help,5
september,5
manuelasanchez,1
wools,1
soon,8
attitude,3
sogorakos,1
broadway,4
1165032,1
style,5
0722433,1
energies,1
6895041,1
refibralyocell,1
bows,4
2432556,1
good,3
magic,1
fabienbaron,3
2969269,1
always,3
swimsuit,1
jingwenll,3
knight,3
2789719,1
resolute,2
energy,2
reduce,3
beret,1
7632673,1
silky,1
3859137,1
print,7
5451101,1
fiber,3
friday,15
enveloping,1
tiedye,1
ecologically,3
7936700,1
5369270,1
noemie,1
quiltedclothing,1
embraces,1
tencelî,4
dont,2
moreclothing,1
feel,3
charlietimms,1
6771144,1
feet,1
7732358,1
womanseason,2
2761043,1
idea,3
story,1
5644089,1
guaranteeing,1
comfy,3
2908201,1
wonderful,2
2903042,1
fauxleather,1
2966201,1
recovered,1
mainstay,1
jamie,2
draped,1
crop,1
marialang,2
tunic,3
double,2
grey,3
store,1
outdoors,1
1856030,1
5252218,1
5252219,1
inclothing,3
1357201,1
orders,1
karl,1
cardigan,1
0594016,1
davidtrulik,2
zaracapsule,5
camouflage,1
extracted,1
1480101,1
play,7
1639166,1
1822105,1
experiences,1
nothing,1
seasons,5
patterned,1
tokens,1
mineral,1
windows,1
3920010,1
teeshrosa,1
clean,1
0264288,1
gold,1
blended,1
shelbyhayes00,1
femenine,1
9123286,1
dilone,2
find,1
impact,4
6254006,1
6254007,1
less,3
5580251,1
2874201,1
pretty,3
8,1
5646102,1
sunny,2
trees,2
girlsseason,2
capsule,40
juliahafstrom11,2
preparing,1
sofie,1
sustainably,2
chinoclothing,2
timeless,2
6895057,1
2177105,1
mariosorrenti,1
sustainable,18
art,2
realclothing,2
7522257,1
getaway,1
culture,2
see,2
individual,2
allin,1
5755008,1
paul,1
4278104,1
dukauskaite,1
movie,2
sayyourname,8
please,4
benjamineidem,1
7521401,1
available,275
sofiehemmet,1
myrthebolt,1
7158001,1
zipped,2
dearsoho,4
invisible,3
10th,6
blazer,9
margauxlenot,1
sweatclothing,7
3859140,1
tempos,1
mathias,1
7816715,1
effectclothing,2
asviridova,1
zuzutadeushuk,1
2660797,1
gracesimmons,4
bell,1
simple,4
recycling,4
2814805,1
belt,3
vanderperre,2
0881282,1
create,1
creativity,1
karly,1
collected,1
territory,1
olympiaca,1
sleeves,3
prices,4
2117201,1
funk,1
fur,3
look,7
solid,2
bill,1
8529858,1
fun,4
pack,2
real,4
comingsoon,22
3872240,1
shades,4
majanw,1
embroidered,7
amandagooge,2
ready,8
6164209,1
funny,1
pyjamas,4
4566300,1
lengths,1
6594202,3
3679101,1
kimono,2
grand,1
9,1
ruth,1
marjanjonkman,5
2878271,1
holidays,5
moment,3
nights,3
stripe,1
sandals,3
2057567,1
newseason,1
organically,1
bricklane,1
5120101,1
5575271,1
2151124,1
shape,4
cropped,3
4319203,1
collectionseason,3
jumpsuit,4
forclothings,2
2589275,1
7507600,1
hues,1
2731050,1
snap,1
6250101,1
march,2
big,2
showing,1
charon,1
9878024,1
newthisweek,31
bit,1
formal,1
5039134,1
8140104,1
lisacrush,2
instore,1
shapes,1
stylish,1
essential,3
jumpsuits,1
mumclothing,1
5646110,1
back,9
trends,16
hedvigpa,3
theoneilson,1
pale,3
8197226,1
sneakers,1
retro,3
zaramini,1
4373002,1
2392556,1
contrasting,4
3147201,1
step,1
ansoletrossouw,1
montero,1
shine,4
anything,1
2969240,1
3564162,1
2969247,1
9123252,1
breasted,1
womens,2
shiny,3
block,3
kdhwillems,2
waterfriendly,1
4043391,1
steven,2
reworked,1
6855202,1
sock,1
long,9
4134104,1
suit,2
mountains,1
jackchambers,1
relaxed,3
boys,10
4043083,1
us,15
planet,1
wideclothing,1
groove,1
othiliasimon,1
7901100,1
individuality,1
freja,3
campaignseason,5
nautical,2
ianagodnia,4
defines,2
2903060,1
pesticides,1
5316101,1
categorise,1
nice,6
helping,1
meaning,1
ediebcampbell,3
6771122,1
presenting,1
kamiipanda,1
fresh,1
2453782,1
checkedclothings,1
8203566,1
iamclothing,12
4751001,1
1856274,1
checkedclothing,3
yourclothingclothing,1
pavlovalia,1
go,11
5252012,1
5252015,1
young,2
send,4
suits,2
tricolour,1
helps,2
masculine,1
resources,2
sequins,2
miriamk,2
pufferclothing,1
8566241,1
0518043,1
earrings,3
7712633,1
babygirls,2
5027202,1
notes,2
fewer,1
zaramidseason,3
boots,6
2262607,1
pajamas,1
waiting,1
2129778,1
1113201,1
flowing,1
piped,1
imaanhammam,1
cozy,5
poplinclothing,2
explore,5
theseason,11
floralclothing,2
frilled,1
lex,1
great,1
biodiversity,3
0722406,1
30,1
4373039,1
6254119,1
popcorn,1
thats,1
zaraballerinaoffduty,2
2969251,1
5308001,1
staple,1
use,3
4319029,1
zip,1
next,2
9123249,1
plaited,1
becomes,4
baby,32
slingbacks,2
clothingclothing,2
ride,5
meet,4
mondaytofriday,2
paulwetherell,1
process,2
slim,2
halloween,2
pieces,19
high,3
stripedclothing,1
slip,1
vibe,1
timelessclothing,1
forest,5
leggins,1
militaryclothing,1
6855016,1
croppedclothing,1
profile,3
knotclothing,1
farm,1
masks,3
fallseason,1
4437250,1
8008004,1
7297001,1
light,1
straps,1
allow,1
necklace,2
suitclothing,1
elia,1
rebellious,1
8033693,1
produced,2
whilst,1
looks,5
perfect,3
lucindaschaefers,1
nostalgic,1
4391221,1
button,2
6771137,2
orange,1
6771139,1
2017,14
2016,6
4744271,1
palazzoclothing,3
6840243,1
cutting,1
boysseason,1
1165311,1
front,3
rotation,1
day,10
8003819,1
minimalist,3
edit,23
7484020,1
frejaerichsen,3
3046032,1
tclothings,1
1740201,1
0518055,1
special,8
respects,2
estellabrons,1
motifs,2
urvashiumrao,2
alexandraelizabethljadov,1
ref,416
red,1
2731255,1
70s,4
kidsseason,6
waleskagorczevski,1
collection,741
tulle,1
2098432,1
organic,6
midi,5
7521075,1
keep,2
keen,1
coloredclothing,2
8103004,1
scarf,3
newseasonseason,3
3887003,1
1255014,1
helenaseverin,1
6895245,1
6895247,1
6895246,1
heatherkemesky,7
ankle,3
2782719,1
mariana,1
shorts,6
7876117,1
bastianthiery,1
environmental,2
blazers,5
frilledsleeve,1
8246241,1
season17,1
aw7,1
5070008,1
7223201,1
ruthnotmay,2
need,1
baggyclothing,1
7933629,2
celinebouly,2
mid,3
mix,5
oliwiawedzicha,1
4041204,1
parka,6
worldwide,3
2310607,1
collaboration,11
varlese,1
eight,3
8317431,1
handbag,1
sophisticated,1
polyester,1
patchclothing,1
peplum,2
pictures,3
occasion,1
6855911,1
youcelinebouly,1
emerging,3
selection,1
thiscollection,1
0881230,1
2423712,2
text,1
meetsclothing,1
0881238,1
bring,1
7629487,1
7903271,1
portfolio,4
based,1
latestseason,1
1112154,1
sylvie,1
isclothing,5
means,2
0247249,1
stripes,8
ones,1
buyer,1
4219213,1
striped,7
4886246,1
bikerclothing,2
matteomontanariphotography,9
tuned,9
ref0977230,1
1255216,1
edition,1
rosgeorgiou,1
5164101,1
pattern,2
alisaahmann,3
routine,2
youll,1
tent,1
tones,4
kei,1
opening,1
key,13
shortclothing,1
riannevanrompaey,1
taking,1
galore,2
banasjulia,1
grain,1
frederikke,1
relevant,1
tuesday,35
revamp,2
5580210,1
laugh,1
notsoclassic,1
cv,3
willy,2
addition,1
polka,3
oliverkumbi,1
treat,1
graciehartzel,4
waste,2
neutrals,2
boyfit,1
protect,1
nona238,2
4873273,1
ss16,6
1255001,2
plain,1
beats,3
accesible,1
8197271,1
daniwitt,3
almost,10
seasontime,2
gothic,1
4688042,1
seasonbreeze,1
vintage,1
5601101,1
2572224,1
yimeisgreat,1
party,5
suede,3
2183042,1
plaids,1
sisters,1
collar,1
7901222,1
colour,3
juliabergshoeff,1
donniedarko0,1
cassblackbird,1
0387164,1
patterns,3
6318021,1
latest,2
6424101,1
stores,40
7638617,1
detail,5
stripedclothings,3
jancarlosdiaz,1
8090696,1
add,1
combine,1
fromclothing,1
brodiescottt,1
8099004,1
match,4
worlds,1
4584104,1
knot,1
culottes,1
emma,1
like,2
theclothing,7
vibrant,1
6855019,1
blouses,1
nsfwsaket,1
5039276,1
ref3027203,1
soft,9
heel,1
home,1
boxeswithapast,1
leaf,1
collaborative,1
7724990,1
4886259,1
thisseason,2
6771115,1
editorialcollection,2
ripped,1
choker,1
4885071,1
8209112,1
getting,1
ribbed,2
7521204,1
sumer,1
3046239,1
rodeo,3
6771201,1
dibble,1
swimming,2
8073250,1
polished,1
6688223,2
1639087,1
0787050,1
2493225,1
buy,1
trenchclothing,1
3920244,1
volume,1
reminds,2
neutral,1
hi,1
made,7
icollection,1
smooth,2
hawkesworth,2
tailoredclothing,1
dots,1
5191024,1
fertilizers,3
roosabels,2
4873201,1
undiluted,1
shooting,1
1628220,1
andershayward,1
variety,1
tailoring,10
forests,3
sandy,1
booo,1
handcrafted,1
micarganaraz,6
monday,47
shredded,1
stay,11
sweatclothings,2
leatherclothing,3
friends,1
stylists,1
inspiration,2
poplin,4
jeancampbell,3
2777364,1
volumes,2
keypieces,7
