fashion,578
model,433
shoulder,345
neck,333
outerwear,313
sleeve,272
clothing,262
product,201
pattern,191
joint,186
dress,155
photography,152
girl,147
shoe,144
hair,136
black,132
design,129
white,126
coat,121
shoot,99
photo,99
monochrome,93
wear,89
formal,89
shirt,87
jacket,85
waist,83
gentleman,70
jeans,68
denim,53
fur,53
overcoat,52
day,51
photograph,51
child,51
footwear,50
long,50
suit,48
human,47
beauty,46
supermodel,44
trousers,43
font,41
woolen,41
leg,40
brand,39
blue,38
standing,37
sitting,36
collar,36
bag,35
blazer,34
trunk,33
blouse,32
accessory,32
top,32
abdomen,31
beige,31
costume,30
leather,30
textile,30
smile,29
fun,29
toddler,28
brown,27
handbag,25
electric,24
yellow,23
sweater,22
plaid,22
headgear,21
socialite,21
color,20
button,19
arm,19
tartan,19
portrait,18
forehead,18
coloring,17
tuxedo,16
stock,16
outdoor,16
hat,16
cool,15
cap,14
thigh,14
pocket,14
boot,14
trench,13
pink,13
blond,13
peach,13
leggings,12
chin,12
sandal,12
heeled,11
high,11
cocktail,11
care,11
snapshot,11
tights,11
vision,11
grass,11
vacation,11
behavior,11
undergarment,11
cheek,11
gown,10
magenta,10
professional,10
text,10
wool,10
material,9
ankle,9
angle,9
eyebrow,9
eyewear,9
sky,9
ear,9
active,8
male,8
plant,8
poncho,8
shorts,8
tree,8
expression,8
worker,8
muscle,8
summer,8
happiness,8
facial,8
boy,7
sunglasses,7
stole,7
lingerie,7
hood,7
lip,7
robe,7
hand,7
beanie,7
furniture,7
animal,6
logo,6
flower,6
little,6
hairstyle,6
miniskirt,6
stylist,6
finger,6
cardigan,6
purple,6
mammal,5
street,5
sun,5
uniform,5
water,5
family,5
car,5
wallpaper,5
nightwear,5
friendship,5
album,5
interaction,5
one,5
cover,5
computer,5
instrument,5
turquoise,5
nose,5
area,5
line,5
piece,5
garment,4
bangs,4
eye,4
vehicle,4
romance,4
red,4
bride,4
necktie,4
dot,4
leisure,4
wedding,4
frame,4
zipper,4
polka,4
person,4
flooring,4
square,4
poster,4
picture,4
cobalt,3
chair,3
recreation,3
wig,3
cat,3
winter,3
lighting,3
fedora,3
light,3
infant,3
paper,3
orange,3
swimsuit,3
glasses,3
fixture,3
hoodie,3
knit,3
scarf,3
emotion,3
man,3
couch,3
equipment,3
performance,3
knee,3
dog,3
face,3
caramel,3
musical,3
suede,3
jersey,3
table,3
sleeved,3
squash,3
runway,3
mother,3
like,3
jewellery,3
people,3
road,3
sand,2
clothes,2
meadow,2
collage,2
nail,2
pajamas,2
supplies,2
box,2
luggage,2
advertising,2
sports,2
music,2
woman,2
string,2
ceremony,2
bags,2
window,2
food,2
slipper,2
hanger,2
eyelash,2
house,2
event,2
velvet,2
health,2
calabaza,2
number,2
boating,2
tom,2
shawl,2
businessperson,2
mountain,2
mouth,2
flops,2
walking,2
phenomenon,2
show,2
gourd,2
jaw,2
wood,2
riding,2
pumpkin,2
triangle,2
sportswear,2
infrastructure,2
nature,2
style,2
aqua,2
catwalk,2
drum,2
facade,2
vintage,2
kimono,2
drawing,2
brassiere,2
bridal,2
retro,2
cowboy,2
flip,2
field,2
chain,1
graphics,1
atmosphere,1
sleep,1
skin,1
ballet,1
melon,1
protective,1
automotive,1
landforms,1
sleeveless,1
small,1
floristry,1
darkness,1
lampshade,1
surfer,1
property,1
daughter,1
military,1
love,1
strap,1
motor,1
landscape,1
rabits,1
calf,1
flat,1
door,1
musician,1
rabbit,1
flora,1
room,1
roof,1
laughter,1
comfort,1
lamp,1
forest,1
boats,1
beach,1
collection,1
produce,1
bear,1
surfing,1
baggage,1
green,1
jungle,1
necklace,1
kitten,1
thumb,1
backpack,1
evening,1
school,1
foot,1
tourism,1
mode,1
fitness,1
photomontage,1
signage,1
knitting,1
cart,1
punk,1
bonnet,1
sunlight,1
electronic,1
size,1
city,1
percussion,1
cats,1
toe,1
hug,1
gear,1
bed,1
microphone,1
mountainous,1
snow,1
snout,1
play,1
messenger,1
grassland,1
organism,1
cucurbita,1
noir,1
rectangle,1
cushion,1
architecture,1
art,1
violet,1
swimwear,1
label,1
pump,1
pants,1
guitar,1
wheelbarrow,1
layered,1
pop,1
boat,1
arts,1
teddy,1
basic,1
balance,1
soil,1
technology,1
tattoo,1
balloon,1
vegetable,1
ball,1
temporary,1
cucumber,1
tradition,1
surfboard,1
executive,1
mid,1
oxford,1
satin,1
geological,1
elevation,1
community,1
cape,1
lady,1
headpiece,1
performing,1
sized,1
prairie,1
spring,1
back,1
transport,1
leaf,1
tote,1
plucked,1
religion,1
khaki,1
hay,1
stem,1
drums,1
range,1
wilderness,1
instruments,1
honeymoon,1
ridge,1
wildflower,1
head,1
medium,1
hares,1
furcap,1
film,1
physical,1
floor,1
nap,1
oar,1
building,1
lane,1
